/*******************************************************************************
 * Size: 16 px
 * Bpp: 4
 * Opts: --size 16 --bpp 4 --format lvgl --font <font-path> -r 0x20-0x7F --symbols ©·×—‖…‹←→①②③◎●★☆　、。「」【】一三上下不与东丢两个中串为主么义之乐也书了事二于云互五亚交京亮什仅今仍从他以件任份优会伴但位低住体何余作你使例供保信修倍假偏做停储像儿兆先光免入全六兰共关其内册再写冲决准减出击分切划列刚创初别到刷刻前剩功加务动劫势化北区午半华卓单南占卡危即历压原去参双发取变古句另只可台史右号合吉同名后吧听启吸周呼命和品响唯商器四回因围固国图在地坐块城填境增声处备复夏外多夜大天太失头夹好如始子字存宁它安完宗定实家容宽密察对导将小就尾屏山崩川州工左差己已市布帧常幅幕平并广庆序库应底度延建开异弃式张弱弹强归当录影彻待很徽必快忽怀态总恢息想感慢戏成我或户所手打扫批找把抢拉拒拖择拼拾拿持挂按挡换据掉排接描提插握搜摆播支收改放故效教敢数整文斥断新族无日旧早时明星是显晚景暂暖曲更替最月有期未本机束条来松板析林柄查柱标栏校样根格桌档检次欧款歇歌止正步每比民水永求江池没河法波注洋津洲活流浅测济浏浙浮海消深清港湖湾源滑满澳灯点热然父片版牌状猜率环现球理甘生用由电画留略疆白的目直相省看真眠着睡知码硬确示神福种秒称移程稍空立符第等筛算粗精系素索紧累纠约级纯线细经结给络绝统继绪续综绿缓编网置署美翻老考而联肃育背能脚自航色艺节芯苏若蒙蓝藏行补表被装西要见观视览解计认让讯记设证评试询该语误说请读调谱象财责败账贴贵资赫起超趋足距跟路跳转软载辑输边辽过运近返还这进远连迟退适选通速道部都配采里重量钟钮锁错键镜长门闭闲间闻阶附降陕险隐集青非面韩音页顶项须频饰首香马黑龙！（），：；？｜ --font <font-path> --symbols ‹势即徽拖热然紧 --lv-font-name xs_font_16 --lv-include lvgl.h --no-compress --no-kerning -o <local-path>
 ******************************************************************************/

#ifdef LV_LVGL_H_INCLUDE_SIMPLE
#include "lvgl.h"
#else
#include "lvgl.h"
#endif

#ifndef XS_FONT_16
#define XS_FONT_16 1
#endif

#if XS_FONT_16

/*-----------------
 *    BITMAPS
 *----------------*/

/*Store the image of the glyphs*/
static LV_ATTRIBUTE_LARGE_CONST const uint8_t glyph_bitmap[] = {
    /* U+0020 " " */

    /* U+0021 "!" */
    0xaa, 0xaa, 0xaa, 0xaa, 0xaa, 0xaa, 0xaa, 0xaa,
    0xaa, 0x33, 0x33, 0xaa,

    /* U+0022 "\"" */
    0xaa, 0xf, 0x5a, 0xa0, 0xf5, 0xaa, 0xf, 0x5a,
    0xa0, 0xf5,

    /* U+0023 "#" */
    0xa, 0xa0, 0xa, 0xa0, 0xa, 0xa0, 0xa, 0xa0,
    0x1b, 0xb1, 0x1b, 0xb1, 0xff, 0xff, 0xff, 0xff,
    0x4c, 0xc4, 0x4c, 0xc4, 0xa, 0xa0, 0xa, 0xa0,
    0xa, 0xa0, 0xa, 0xa0, 0x1b, 0xb1, 0x1b, 0xb1,
    0xff, 0xff, 0xff, 0xff, 0x4c, 0xc4, 0x4c, 0xc4,
    0xa, 0xa0, 0xa, 0xa0, 0xa, 0xa0, 0xa, 0xa0,

    /* U+0024 "$" */
    0x0, 0x28, 0x0, 0x0, 0x5, 0xf0, 0x0, 0xa,
    0xff, 0xf5, 0xf, 0x88, 0xf5, 0xca, 0xf5, 0x5f,
    0x3, 0x3f, 0x55, 0xf0, 0x0, 0xe5, 0x6f, 0x10,
    0x0, 0xaf, 0xff, 0x50, 0x2, 0x8f, 0x49, 0x70,
    0x5, 0xf0, 0xaa, 0x10, 0x5f, 0xa, 0xaf, 0x55,
    0xf0, 0xaa, 0x44, 0x8f, 0x54, 0x20, 0xaf, 0xff,
    0x50, 0x0, 0x5f, 0x0, 0x0, 0x2, 0x80, 0x0,

    /* U+0025 "%" */
    0x1b, 0xb1, 0x0, 0x5f, 0x0, 0xf8, 0x8f, 0x0,
    0x5f, 0x0, 0x41, 0x14, 0x0, 0x14, 0x0, 0xa,
    0xa0, 0xa, 0xa0, 0x0, 0x3, 0x30, 0x1a, 0x90,
    0x0, 0x0, 0x0, 0xf5, 0x0, 0x0, 0x0, 0x3b,
    0x41, 0x0, 0x0, 0x0, 0x5f, 0x0, 0x1, 0x0,
    0x0, 0x5e, 0x0, 0x5e, 0x10, 0xa, 0xa0, 0xa,
    0xa0, 0xf5, 0xa, 0xa0, 0x2, 0x45, 0x41, 0xa,
    0xa0, 0x0, 0x5f, 0x0,

    /* U+0026 "&" */
    0x0, 0x5f, 0xf5, 0x0, 0x7, 0x85, 0x58, 0x70,
    0xa, 0xa0, 0xa, 0xa0, 0xa, 0xa0, 0xa, 0xa0,
    0x0, 0x6f, 0xf5, 0x1, 0xa, 0xff, 0x51, 0x5f,
    0x13, 0x44, 0x10, 0x5f, 0xf5, 0x0, 0xf5, 0x5f,
    0xf5, 0x0, 0xa, 0xa0, 0xf5, 0x0, 0xa, 0xa0,
    0xa7, 0x55, 0x58, 0x85, 0xa, 0xff, 0xf5, 0x5f,

    /* U+0027 "'" */
    0xaa, 0xaa, 0xaa, 0xaa,

    /* U+0028 "(" */
    0x0, 0x1, 0x0, 0x0, 0xf5, 0x5, 0xf0, 0x0,
    0x5f, 0x0, 0x3, 0xa0, 0xa, 0xa0, 0x0, 0xaa,
    0x0, 0xa, 0xa0, 0x0, 0xaa, 0x0, 0xa, 0xa0,
    0x0, 0xaa, 0x0, 0x3, 0x7a, 0x0, 0x5, 0xf0,
    0x0, 0x5f, 0x10, 0x0, 0xf, 0x50, 0x0, 0x41,

    /* U+0029 ")" */
    0x0, 0x0, 0xa, 0xa0, 0x0, 0x5, 0xf0, 0x0,
    0x5f, 0x0, 0x3, 0xa0, 0x0, 0x0, 0xf5, 0x0,
    0xf, 0x50, 0x0, 0xf5, 0x0, 0xf, 0x50, 0x0,
    0xf5, 0x0, 0xf, 0x50, 0x3a, 0x51, 0x5, 0xf0,
    0x0, 0x5f, 0x0, 0xaa, 0x0, 0x2, 0x20, 0x0,

    /* U+002A "*" */
    0x10, 0x5f, 0x0, 0xf, 0x55, 0xf0, 0xaa, 0x42,
    0x5f, 0x13, 0x21, 0xaf, 0xff, 0x50, 0xf5, 0x5f,
    0xa, 0xa4, 0x15, 0xf0, 0x22, 0x0, 0x3a, 0x0,
    0x0,

    /* U+002B "+" */
    0x0, 0x5f, 0x0, 0x0, 0x5, 0xf0, 0x0, 0x11,
    0x5f, 0x11, 0xf, 0xff, 0xff, 0xfa, 0x44, 0x7f,
    0x44, 0x20, 0x5, 0xf0, 0x0, 0x0, 0x3a, 0x0,
    0x0,

    /* U+002C "," */
    0xa, 0xa0, 0xaa, 0x58, 0x7f, 0x50,

    /* U+002D "-" */
    0x11, 0x11, 0x11, 0xf, 0xff, 0xff, 0xfa, 0x44,
    0x44, 0x44, 0x20,

    /* U+002E "." */
    0x33, 0xaa,

    /* U+002F "/" */
    0x0, 0x0, 0xa, 0xa0, 0x0, 0x0, 0xaa, 0x0,
    0x0, 0xa7, 0x30, 0x0, 0xf, 0x50, 0x0, 0x0,
    0xf5, 0x0, 0x5, 0xf0, 0x0, 0x0, 0x5f, 0x0,
    0x0, 0x5, 0xf0, 0x0, 0x0, 0x5f, 0x0, 0x0,
    0xaa, 0x0, 0x0, 0xa, 0xa0, 0x0, 0x0, 0x77,
    0x0, 0x0, 0xf5, 0x0, 0x0, 0xf, 0x50, 0x0,
    0x0, 0xa3, 0x0, 0x0, 0x0,

    /* U+0030 "0" */
    0xa, 0xff, 0xf5, 0xf, 0x85, 0x55, 0xca, 0xf5,
    0x0, 0xa, 0xaf, 0x50, 0x0, 0xaa, 0xf5, 0x1,
    0xff, 0xaf, 0x55, 0xf5, 0xca, 0xf5, 0x24, 0xa,
    0xaf, 0xfa, 0x0, 0xaa, 0xf7, 0x20, 0xa, 0xaf,
    0x50, 0x0, 0xaa, 0x55, 0x55, 0x55, 0x30, 0xaf,
    0xff, 0x50,

    /* U+0031 "1" */
    0x6, 0xf0, 0xa, 0xff, 0x0, 0x28, 0xf0, 0x0,
    0x5f, 0x0, 0x5, 0xf0, 0x0, 0x5f, 0x0, 0x5,
    0xf0, 0x0, 0x5f, 0x0, 0x5, 0xf0, 0x0, 0x5f,
    0x0, 0x38, 0xf5, 0x1a, 0xff, 0xf5,

    /* U+0032 "2" */
    0xa, 0xff, 0xf5, 0xf, 0x85, 0x55, 0xca, 0x51,
    0x0, 0xa, 0xa0, 0x0, 0x0, 0xaa, 0x0, 0x0,
    0x1a, 0x90, 0x0, 0xf, 0x50, 0x0, 0x1, 0x41,
    0x0, 0x5, 0xf0, 0x0, 0xa, 0xa0, 0x0, 0xc,
    0x62, 0x0, 0x0, 0xf8, 0x55, 0x55, 0x3f, 0xff,
    0xff, 0xfa,

    /* U+0033 "3" */
    0xa, 0xff, 0xf5, 0xf, 0x85, 0x55, 0xca, 0x51,
    0x0, 0xa, 0xa0, 0x0, 0x0, 0xaa, 0x0, 0x1,
    0x1a, 0x90, 0x5, 0xff, 0x50, 0x0, 0x14, 0x49,
    0x70, 0x0, 0x0, 0xaa, 0x10, 0x0, 0xa, 0xaf,
    0x50, 0x0, 0xaa, 0x44, 0x55, 0x54, 0x20, 0xaf,
    0xff, 0x50,

    /* U+0034 "4" */
    0x0, 0x0, 0xf5, 0x0, 0x3, 0xaf, 0x50, 0x0,
    0x5f, 0xf5, 0x0, 0x5, 0xff, 0x50, 0xa, 0xa0,
    0xf5, 0x0, 0xaa, 0xf, 0x50, 0x58, 0x70, 0xf5,
    0xf, 0x51, 0x1f, 0x50, 0xff, 0xff, 0xff, 0xa4,
    0x44, 0x4f, 0x72, 0x0, 0x0, 0xf5, 0x0, 0x0,
    0xf, 0x50,

    /* U+0035 "5" */
    0xff, 0xff, 0xff, 0xaf, 0x85, 0x55, 0x53, 0xf5,
    0x0, 0x0, 0xf, 0x50, 0x0, 0x0, 0xf6, 0x11,
    0x10, 0xf, 0xff, 0xff, 0x50, 0x44, 0x44, 0x49,
    0x70, 0x0, 0x0, 0xaa, 0x10, 0x0, 0xa, 0xaf,
    0x50, 0x0, 0xaa, 0x44, 0x55, 0x54, 0x20, 0xaf,
    0xff, 0x50,

    /* U+0036 "6" */
    0x1b, 0xff, 0xf6, 0xf, 0x85, 0x55, 0xca, 0xf5,
    0x0, 0x2, 0x2f, 0x50, 0x0, 0x0, 0xf6, 0x11,
    0x10, 0xf, 0xff, 0xff, 0x50, 0xf8, 0x44, 0x41,
    0xf, 0x50, 0x0, 0xaa, 0xf5, 0x0, 0xa, 0xaf,
    0x50, 0x0, 0xaa, 0xa7, 0x55, 0x58, 0x70, 0xaf,
    0xff, 0x50,

    /* U+0037 "7" */
    0xff, 0xff, 0xff, 0xa5, 0x55, 0x55, 0xca, 0x0,
    0x0, 0xa, 0xa0, 0x0, 0x0, 0xaa, 0x0, 0x0,
    0xf5, 0x0, 0x0, 0xf, 0x50, 0x0, 0x15, 0xa3,
    0x0, 0x5, 0xf0, 0x0, 0x0, 0x5f, 0x0, 0x0,
    0x5, 0xf0, 0x0, 0x0, 0x5f, 0x0, 0x0, 0x5,
    0xf0, 0x0,

    /* U+0038 "8" */
    0xa, 0xff, 0xf5, 0xf, 0x85, 0x55, 0xca, 0xf5,
    0x0, 0xa, 0xaf, 0x50, 0x0, 0xaa, 0xe5, 0x11,
    0x1a, 0x90, 0xaf, 0xff, 0x50, 0x2, 0x44, 0x41,
    0xf, 0x50, 0x0, 0xaa, 0xf5, 0x0, 0xa, 0xaf,
    0x50, 0x0, 0xaa, 0xa7, 0x55, 0x58, 0x70, 0xaf,
    0xff, 0x50,

    /* U+0039 "9" */
    0xa, 0xff, 0xf5, 0xf, 0x85, 0x55, 0xca, 0xf5,
    0x0, 0xa, 0xaf, 0x50, 0x0, 0xaa, 0xe5, 0x11,
    0x1b, 0xa0, 0xaf, 0xff, 0xfa, 0x2, 0x44, 0x4c,
    0xa0, 0x0, 0x0, 0xaa, 0x10, 0x0, 0xa, 0xaf,
    0x50, 0x0, 0xaa, 0x44, 0x55, 0x54, 0x20, 0xaf,
    0xff, 0x50,

    /* U+003A ":" */
    0xaa, 0x33, 0x0, 0x0, 0x0, 0x0, 0x33, 0xaa,

    /* U+003B ";" */
    0xa, 0xa0, 0x33, 0x0, 0x0, 0x0, 0x0, 0x0,
    0x0, 0x0, 0x0, 0xaa, 0xa, 0xa5, 0x87, 0xf5,
    0x0,

    /* U+003C "<" */
    0x0, 0x0, 0x10, 0x0, 0x0, 0xf5, 0x0, 0x6f,
    0x0, 0xa, 0xc5, 0x0, 0x13, 0x20, 0x0, 0xf5,
    0x0, 0x0, 0x9, 0xa1, 0x0, 0x0, 0x5f, 0x0,
    0x0, 0x14, 0x51, 0x0, 0x0, 0xf5,

    /* U+003D "=" */
    0x11, 0x11, 0x11, 0xf, 0xff, 0xff, 0xfa, 0x44,
    0x44, 0x44, 0x21, 0x11, 0x11, 0x10, 0xff, 0xff,
    0xff, 0xa4, 0x44, 0x44, 0x42,

    /* U+003E ">" */
    0x10, 0x0, 0x0, 0xf5, 0x0, 0x0, 0xa, 0xb1,
    0x0, 0x3, 0x8f, 0x0, 0x0, 0x14, 0x10, 0x0,
    0x1, 0xf4, 0x0, 0x5e, 0x0, 0xa, 0xa0, 0x0,
    0x54, 0x20, 0x0, 0xf5, 0x0, 0x0,

    /* U+003F "?" */
    0xa, 0xff, 0xf5, 0xf, 0x85, 0x55, 0xca, 0x51,
    0x0, 0xa, 0xa0, 0x0, 0x0, 0xaa, 0x0, 0x0,
    0x1a, 0x90, 0x0, 0xf, 0x50, 0x0, 0x0, 0x41,
    0x0, 0x5, 0xf0, 0x0, 0x0, 0x5f, 0x0, 0x0,
    0x3, 0xa0, 0x0, 0x0, 0x15, 0x0, 0x0, 0x5,
    0xf0, 0x0,

    /* U+0040 "@" */
    0x0, 0x6f, 0xff, 0xb1, 0x0, 0xa, 0xc5, 0x55,
    0x8f, 0x0, 0x13, 0x20, 0x11, 0x24, 0x10, 0xf5,
    0x0, 0xff, 0xa0, 0xf5, 0xf5, 0x5f, 0xa, 0xa0,
    0xf5, 0xf5, 0x5f, 0xa, 0xa0, 0xf5, 0xf5, 0x5f,
    0xa, 0xa0, 0xf5, 0xf5, 0x5f, 0xa, 0xa0, 0xf5,
    0xf5, 0x5f, 0x1a, 0xa1, 0xf5, 0xf5, 0x5f, 0xf5,
    0x5f, 0xf5, 0x44, 0x44, 0x41, 0x14, 0x41, 0xa,
    0xb1, 0x11, 0x11, 0x0, 0x0, 0x5f, 0xff, 0xff,
    0x0, 0x0, 0x14, 0x44, 0x44, 0x0,

    /* U+0041 "A" */
    0x0, 0x0, 0xf5, 0x0, 0x0, 0x0, 0x0, 0xf5,
    0x0, 0x0, 0x0, 0x0, 0xa3, 0x0, 0x0, 0x0,
    0x5f, 0xa, 0xa0, 0x0, 0x0, 0x5f, 0xa, 0xa0,
    0x0, 0xa, 0xa0, 0x0, 0x5f, 0x0, 0xa, 0xb1,
    0x11, 0x5f, 0x0, 0xa, 0xff, 0xff, 0xff, 0x0,
    0xa, 0xc4, 0x44, 0x7f, 0x0, 0xa3, 0x0, 0x0,
    0x0, 0xa3, 0xf5, 0x0, 0x0, 0x0, 0xf5, 0xf5,
    0x0, 0x0, 0x0, 0xf5,

    /* U+0042 "B" */
    0xff, 0xff, 0xff, 0xa0, 0xf8, 0x55, 0x55, 0x8f,
    0xf5, 0x0, 0x0, 0x5f, 0xf5, 0x0, 0x0, 0x5f,
    0xf6, 0x11, 0x11, 0x5e, 0xff, 0xff, 0xff, 0xa0,
    0xf8, 0x44, 0x44, 0x20, 0xf5, 0x0, 0x0, 0x5f,
    0xf5, 0x0, 0x0, 0x5f, 0xf5, 0x0, 0x0, 0x5f,
    0xf8, 0x55, 0x55, 0x7a, 0xff, 0xff, 0xff, 0xa0,

    /* U+0043 "C" */
    0x0, 0x6f, 0xff, 0xb1, 0xa, 0xc5, 0x55, 0x8f,
    0x2, 0x20, 0x0, 0x14, 0xf5, 0x0, 0x0, 0x0,
    0xf5, 0x0, 0x0, 0x0, 0xf5, 0x0, 0x0, 0x0,
    0xf5, 0x0, 0x0, 0x0, 0xf5, 0x0, 0x0, 0x0,
    0xe5, 0x0, 0x0, 0x1, 0xa, 0xa0, 0x0, 0x5f,
    0x2, 0x45, 0x55, 0x44, 0x0, 0x5f, 0xff, 0xa0,

    /* U+0044 "D" */
    0xff, 0xff, 0xf6, 0x0, 0xf8, 0x55, 0x5c, 0xa0,
    0xf5, 0x0, 0x2, 0x20, 0xf5, 0x0, 0x0, 0x5f,
    0xf5, 0x0, 0x0, 0x5f, 0xf5, 0x0, 0x0, 0x5f,
    0xf5, 0x0, 0x0, 0x5f, 0xf5, 0x0, 0x0, 0x5f,
    0xf5, 0x0, 0x0, 0x5e, 0xf5, 0x0, 0xa, 0xa0,
    0xf8, 0x55, 0x54, 0x20, 0xff, 0xff, 0xf5, 0x0,

    /* U+0045 "E" */
    0xff, 0xff, 0xff, 0xff, 0xf8, 0x55, 0x55, 0x55,
    0xf5, 0x0, 0x0, 0x0, 0xf5, 0x0, 0x0, 0x0,
    0xf6, 0x11, 0x11, 0x0, 0xff, 0xff, 0xff, 0xa0,
    0xf8, 0x44, 0x44, 0x20, 0xf5, 0x0, 0x0, 0x0,
    0xf5, 0x0, 0x0, 0x0, 0xf5, 0x0, 0x0, 0x0,
    0xf8, 0x55, 0x55, 0x55, 0xff, 0xff, 0xff, 0xff,

    /* U+0046 "F" */
    0xff, 0xff, 0xff, 0xff, 0xf8, 0x55, 0x55, 0x55,
    0xf5, 0x0, 0x0, 0x0, 0xf5, 0x0, 0x0, 0x0,
    0xf6, 0x11, 0x11, 0x0, 0xff, 0xff, 0xff, 0xa0,
    0xf8, 0x44, 0x44, 0x20, 0xf5, 0x0, 0x0, 0x0,
    0xf5, 0x0, 0x0, 0x0, 0xf5, 0x0, 0x0, 0x0,
    0xf5, 0x0, 0x0, 0x0, 0xf5, 0x0, 0x0, 0x0,

    /* U+0047 "G" */
    0x0, 0x6f, 0xff, 0xb1, 0xa, 0xc5, 0x55, 0x8f,
    0x2, 0x20, 0x0, 0x14, 0xf5, 0x0, 0x0, 0x0,
    0xf5, 0x0, 0x0, 0x0, 0xf5, 0x0, 0x0, 0x0,
    0xf5, 0x0, 0x0, 0x11, 0xf5, 0x0, 0xa, 0xff,
    0xe5, 0x0, 0x2, 0x7f, 0xa, 0xa0, 0x0, 0x5f,
    0x2, 0x45, 0x55, 0x8f, 0x0, 0x5f, 0xff, 0xff,

    /* U+0048 "H" */
    0xf5, 0x0, 0x0, 0x5f, 0xf5, 0x0, 0x0, 0x5f,
    0xf5, 0x0, 0x0, 0x5f, 0xf5, 0x0, 0x0, 0x5f,
    0xf6, 0x11, 0x11, 0x6f, 0xff, 0xff, 0xff, 0xff,
    0xf8, 0x44, 0x44, 0x8f, 0xf5, 0x0, 0x0, 0x5f,
    0xf5, 0x0, 0x0, 0x5f, 0xf5, 0x0, 0x0, 0x5f,
    0xf5, 0x0, 0x0, 0x5f, 0xf5, 0x0, 0x0, 0x5f,

    /* U+0049 "I" */
    0xff, 0xff, 0x5c, 0xc5, 0xa, 0xa0, 0xa, 0xa0,
    0xa, 0xa0, 0xa, 0xa0, 0xa, 0xa0, 0xa, 0xa0,
    0xa, 0xa0, 0xa, 0xa0, 0x5c, 0xc5, 0xff, 0xff,

    /* U+004A "J" */
    0x0, 0x0, 0xa, 0xa0, 0x0, 0x0, 0xaa, 0x0,
    0x0, 0xa, 0xa0, 0x0, 0x0, 0xaa, 0x0, 0x0,
    0xa, 0xa0, 0x0, 0x0, 0xaa, 0x0, 0x0, 0xa,
    0xa0, 0x0, 0x0, 0xaa, 0xf5, 0x0, 0xa, 0xaf,
    0x50, 0x0, 0xaa, 0xa7, 0x55, 0x58, 0x70, 0xaf,
    0xff, 0x50,

    /* U+004B "K" */
    0xf5, 0x0, 0x0, 0x6f, 0xf5, 0x0, 0xa, 0xc5,
    0xf5, 0x0, 0x13, 0x20, 0xf5, 0x0, 0xf5, 0x0,
    0xf6, 0x6f, 0x0, 0x0, 0xff, 0xc5, 0x0, 0x0,
    0xf8, 0x31, 0x0, 0x0, 0xf5, 0x4f, 0x10, 0x0,
    0xf5, 0x0, 0xe5, 0x0, 0xf5, 0x0, 0xa, 0xa0,
    0xf5, 0x0, 0x2, 0x45, 0xf5, 0x0, 0x0, 0x5f,

    /* U+004C "L" */
    0xf5, 0x0, 0x0, 0xf, 0x50, 0x0, 0x0, 0xf5,
    0x0, 0x0, 0xf, 0x50, 0x0, 0x0, 0xf5, 0x0,
    0x0, 0xf, 0x50, 0x0, 0x0, 0xf5, 0x0, 0x0,
    0xf, 0x50, 0x0, 0x0, 0xf5, 0x0, 0x0, 0xf,
    0x50, 0x0, 0x0, 0xf8, 0x55, 0x55, 0x3f, 0xff,
    0xff, 0xfa,

    /* U+004D "M" */
    0xf5, 0x0, 0x0, 0x0, 0xf5, 0xf5, 0x0, 0x0,
    0x0, 0xf5, 0xf5, 0x0, 0x0, 0x0, 0xf5, 0xff,
    0xa0, 0x0, 0x5f, 0xf5, 0xff, 0xa0, 0x0, 0x5f,
    0xf5, 0xf8, 0x7a, 0x7, 0x85, 0xf5, 0xf5, 0x5f,
    0xa, 0xa0, 0xf5, 0xf5, 0x5f, 0xa, 0xa0, 0xf5,
    0xf5, 0x0, 0xf5, 0x0, 0xf5, 0xf5, 0x0, 0xf5,
    0x0, 0xf5, 0xf5, 0x0, 0xf5, 0x0, 0xf5, 0xf5,
    0x0, 0xf5, 0x0, 0xf5,

    /* U+004E "N" */
    0xf6, 0x0, 0x0, 0x5f, 0xff, 0xa0, 0x0, 0x5f,
    0xf8, 0x20, 0x0, 0x5f, 0xf5, 0x5f, 0x0, 0x5f,
    0xf5, 0x5f, 0x0, 0x5f, 0xf5, 0x15, 0xa3, 0x5f,
    0xf5, 0x0, 0xf5, 0x5f, 0xf5, 0x0, 0xf5, 0x5f,
    0xf5, 0x0, 0xa, 0xff, 0xf5, 0x0, 0xa, 0xff,
    0xf5, 0x0, 0x7, 0xcf, 0xf5, 0x0, 0x0, 0x5f,

    /* U+004F "O" */
    0x0, 0x6f, 0xff, 0xb1, 0x0, 0xa, 0xc5, 0x55,
    0x8f, 0x0, 0x2, 0x20, 0x0, 0x14, 0x0, 0xf5,
    0x0, 0x0, 0x0, 0xf5, 0xf5, 0x0, 0x0, 0x0,
    0xf5, 0xf5, 0x0, 0x0, 0x0, 0xf5, 0xf5, 0x0,
    0x0, 0x0, 0xf5, 0xf5, 0x0, 0x0, 0x0, 0xf5,
    0xe5, 0x0, 0x0, 0x1, 0xe4, 0xa, 0xa0, 0x0,
    0x5f, 0x0, 0x2, 0x45, 0x55, 0x44, 0x0, 0x0,
    0x5f, 0xff, 0xa0, 0x0,

    /* U+0050 "P" */
    0xff, 0xff, 0xff, 0xa0, 0xf8, 0x55, 0x55, 0x8f,
    0xf5, 0x0, 0x0, 0x5f, 0xf5, 0x0, 0x0, 0x5f,
    0xf6, 0x11, 0x11, 0x5e, 0xff, 0xff, 0xff, 0xa0,
    0xf8, 0x44, 0x44, 0x20, 0xf5, 0x0, 0x0, 0x0,
    0xf5, 0x0, 0x0, 0x0, 0xf5, 0x0, 0x0, 0x0,
    0xf5, 0x0, 0x0, 0x0, 0xf5, 0x0, 0x0, 0x0,

    /* U+0051 "Q" */
    0x0, 0x6f, 0xff, 0xb1, 0x0, 0xa, 0xc5, 0x55,
    0x8f, 0x0, 0xb6, 0x20, 0x0, 0x14, 0xb3, 0xf5,
    0x0, 0x0, 0x0, 0xf5, 0xf5, 0x0, 0x0, 0x0,
    0xf5, 0xf5, 0x0, 0x0, 0x0, 0xf5, 0xf5, 0x0,
    0x0, 0x0, 0xf5, 0xf5, 0x0, 0x0, 0x0, 0xf5,
    0xe5, 0x0, 0x9, 0xa1, 0xe4, 0xa, 0xa0, 0x0,
    0x5f, 0x0, 0x2, 0x45, 0x55, 0x44, 0x51, 0x0,
    0x5f, 0xff, 0xa0, 0xf5,

    /* U+0052 "R" */
    0xff, 0xff, 0xff, 0xa0, 0xf8, 0x55, 0x55, 0x8f,
    0xf5, 0x0, 0x0, 0x5f, 0xf5, 0x0, 0x0, 0x5f,
    0xf6, 0x11, 0x11, 0x5e, 0xff, 0xff, 0xff, 0xa0,
    0xf8, 0x44, 0xf8, 0x20, 0xf5, 0x0, 0xf5, 0x0,
    0xf5, 0x0, 0xa, 0xa0, 0xf5, 0x0, 0xa, 0xa0,
    0xf5, 0x0, 0x7, 0x85, 0xf5, 0x0, 0x0, 0x5f,

    /* U+0053 "S" */
    0xa, 0xff, 0xff, 0xa0, 0xa7, 0x55, 0x55, 0x7a,
    0xf5, 0x0, 0x0, 0x3a, 0xf5, 0x0, 0x0, 0x0,
    0xa, 0xb1, 0x10, 0x0, 0x3, 0x8f, 0xf5, 0x0,
    0x0, 0x14, 0x42, 0x0, 0x0, 0x0, 0x6, 0x86,
    0x10, 0x0, 0x0, 0x5f, 0xf5, 0x0, 0x0, 0x5f,
    0x44, 0x55, 0x55, 0x44, 0xa, 0xff, 0xff, 0xa0,

    /* U+0054 "T" */
    0xff, 0xff, 0xff, 0xff, 0xf5, 0x55, 0x55, 0xf8,
    0x55, 0x51, 0x0, 0x0, 0xf5, 0x0, 0x0, 0x0,
    0x0, 0xf5, 0x0, 0x0, 0x0, 0x0, 0xf5, 0x0,
    0x0, 0x0, 0x0, 0xf5, 0x0, 0x0, 0x0, 0x0,
    0xf5, 0x0, 0x0, 0x0, 0x0, 0xf5, 0x0, 0x0,
    0x0, 0x0, 0xf5, 0x0, 0x0, 0x0, 0x0, 0xf5,
    0x0, 0x0, 0x0, 0x0, 0xf5, 0x0, 0x0, 0x0,
    0x0, 0xf5, 0x0, 0x0,

    /* U+0055 "U" */
    0xf5, 0x0, 0x0, 0x5f, 0xf5, 0x0, 0x0, 0x5f,
    0xf5, 0x0, 0x0, 0x5f, 0xf5, 0x0, 0x0, 0x5f,
    0xf5, 0x0, 0x0, 0x5f, 0xf5, 0x0, 0x0, 0x5f,
    0xf5, 0x0, 0x0, 0x5f, 0xf5, 0x0, 0x0, 0x5f,
    0xf5, 0x0, 0x0, 0x5f, 0xf5, 0x0, 0x0, 0x5f,
    0xa7, 0x55, 0x55, 0x7a, 0xa, 0xff, 0xff, 0xa0,

    /* U+0056 "V" */
    0xf5, 0x0, 0x0, 0x0, 0xf5, 0xf5, 0x0, 0x0,
    0x0, 0xf5, 0xa3, 0x0, 0x0, 0x0, 0xa3, 0xa,
    0xa0, 0x0, 0x5f, 0x0, 0xa, 0xa0, 0x0, 0x5f,
    0x0, 0xa, 0xa0, 0x0, 0x5f, 0x0, 0xa, 0xa0,
    0x0, 0x5f, 0x0, 0x0, 0x5f, 0xa, 0xa0, 0x0,
    0x0, 0x5f, 0xa, 0xa0, 0x0, 0x0, 0x15, 0xa7,
    0x30, 0x0, 0x0, 0x0, 0xf5, 0x0, 0x0, 0x0,
    0x0, 0xf5, 0x0, 0x0,

    /* U+0057 "W" */
    0xf5, 0x0, 0xa, 0xa0, 0x0, 0x5f, 0xf5, 0x0,
    0xa, 0xa0, 0x0, 0x5f, 0xf5, 0x0, 0xa, 0xa0,
    0x0, 0x5f, 0xf5, 0x0, 0xa, 0xa0, 0x0, 0x5f,
    0xa, 0xa0, 0xf5, 0x5f, 0xa, 0xa0, 0xa, 0xa0,
    0xf5, 0x5f, 0xa, 0xa0, 0xa, 0xa0, 0xf5, 0x5f,
    0xa, 0xa0, 0xa, 0xa0, 0xf5, 0x5f, 0xa, 0xa0,
    0x0, 0x5f, 0x0, 0x0, 0xf5, 0x0, 0x0, 0x5f,
    0x0, 0x0, 0xf5, 0x0, 0x0, 0x5f, 0x0, 0x0,
    0xf5, 0x0, 0x0, 0x5f, 0x0, 0x0, 0xf5, 0x0,

    /* U+0058 "X" */
    0xf5, 0x0, 0x0, 0x0, 0xf5, 0x58, 0x70, 0x0,
    0x3a, 0x51, 0xa, 0xa0, 0x0, 0x5f, 0x0, 0xa,
    0xa0, 0x0, 0x5f, 0x0, 0x0, 0x5f, 0x1b, 0xa0,
    0x0, 0x0, 0x15, 0xf8, 0x30, 0x0, 0x0, 0x1,
    0x42, 0x0, 0x0, 0x0, 0x5f, 0xa, 0xa0, 0x0,
    0xa, 0xa0, 0x0, 0x5f, 0x0, 0xa, 0xa0, 0x0,
    0x5f, 0x0, 0x58, 0x70, 0x0, 0x3a, 0x51, 0xf5,
    0x0, 0x0, 0x0, 0xf5,

    /* U+0059 "Y" */
    0xf5, 0x0, 0x0, 0x0, 0xf5, 0x58, 0x70, 0x0,
    0x3a, 0x51, 0xa, 0xa0, 0x0, 0x5f, 0x0, 0xa,
    0xa0, 0x0, 0x5f, 0x0, 0x0, 0x5f, 0xa, 0xa0,
    0x0, 0x0, 0x5f, 0xa, 0xa0, 0x0, 0x0, 0x3a,
    0x58, 0x70, 0x0, 0x0, 0x0, 0xf5, 0x0, 0x0,
    0x0, 0x0, 0xf5, 0x0, 0x0, 0x0, 0x0, 0xf5,
    0x0, 0x0, 0x0, 0x0, 0xf5, 0x0, 0x0, 0x0,
    0x0, 0xf5, 0x0, 0x0,

    /* U+005A "Z" */
    0xff, 0xff, 0xff, 0xff, 0x55, 0x55, 0x55, 0x8f,
    0x0, 0x0, 0x0, 0x5f, 0x0, 0x0, 0xa, 0xa0,
    0x0, 0x0, 0xf5, 0x0, 0x0, 0x3a, 0x51, 0x0,
    0x0, 0x5f, 0x0, 0x0, 0x0, 0x5f, 0x0, 0x0,
    0xa, 0xa0, 0x0, 0x0, 0xc6, 0x20, 0x0, 0x0,
    0xf8, 0x55, 0x55, 0x55, 0xff, 0xff, 0xff, 0xff,

    /* U+005B "[" */
    0x1, 0x11, 0xa, 0xff, 0xf5, 0xac, 0x44, 0x1a,
    0xa0, 0x0, 0xaa, 0x0, 0xa, 0xa0, 0x0, 0xaa,
    0x0, 0xa, 0xa0, 0x0, 0xaa, 0x0, 0xa, 0xa0,
    0x0, 0xaa, 0x0, 0xa, 0xa0, 0x0, 0xaa, 0x0,
    0xa, 0xb1, 0x10, 0xaf, 0xff, 0x52, 0x44, 0x41,

    /* U+005C "\\" */
    0xf5, 0x0, 0x0, 0xf, 0x50, 0x0, 0x0, 0x58,
    0x70, 0x0, 0x0, 0xaa, 0x0, 0x0, 0xa, 0xa0,
    0x0, 0x0, 0x5, 0xf0, 0x0, 0x0, 0x5f, 0x0,
    0x0, 0x5, 0xf0, 0x0, 0x0, 0x5f, 0x0, 0x0,
    0x0, 0xf, 0x50, 0x0, 0x0, 0xf5, 0x0, 0x0,
    0xa, 0x30, 0x0, 0x0, 0xa, 0xa0, 0x0, 0x0,
    0xaa, 0x0, 0x0, 0x7, 0x70,

    /* U+005D "]" */
    0x1, 0x11, 0xa, 0xff, 0xf5, 0x24, 0x4f, 0x50,
    0x0, 0xf5, 0x0, 0xf, 0x50, 0x0, 0xf5, 0x0,
    0xf, 0x50, 0x0, 0xf5, 0x0, 0xf, 0x50, 0x0,
    0xf5, 0x0, 0xf, 0x50, 0x0, 0xf5, 0x0, 0xf,
    0x50, 0x11, 0xf5, 0xaf, 0xff, 0x52, 0x44, 0x41,

    /* U+005E "^" */
    0x0, 0x1, 0x0, 0x0, 0x5, 0xf0, 0x0, 0x0,
    0x24, 0x10, 0x1, 0xa9, 0xe, 0x50, 0xf5, 0x0,
    0xa, 0xa4, 0x10, 0x0, 0x22,

    /* U+005F "_" */
    0x11, 0x11, 0x11, 0xf, 0xff, 0xff, 0xfa, 0x44,
    0x44, 0x44, 0x20,

    /* U+0060 "`" */
    0x0, 0x9, 0xa1, 0x5, 0xf0, 0x14,

    /* U+0061 "a" */
    0xa, 0xff, 0xf5, 0x0, 0x35, 0x55, 0x87, 0x0,
    0x11, 0x1b, 0xa0, 0xaf, 0xff, 0xfa, 0xf5, 0x0,
    0xa, 0xaf, 0x50, 0x0, 0xaa, 0xa7, 0x55, 0x5c,
    0xa0, 0xaf, 0xff, 0xfa,

    /* U+0062 "b" */
    0xf5, 0x0, 0x0, 0xf, 0x50, 0x0, 0x0, 0xf5,
    0x0, 0x0, 0xf, 0x50, 0x0, 0x0, 0xff, 0xff,
    0xf5, 0xf, 0x85, 0x55, 0xca, 0xf5, 0x0, 0xa,
    0xaf, 0x50, 0x0, 0xaa, 0xf5, 0x0, 0xa, 0xaf,
    0x50, 0x0, 0xaa, 0xf8, 0x55, 0x55, 0x3f, 0xff,
    0xff, 0x50,

    /* U+0063 "c" */
    0x1b, 0xff, 0xf6, 0xf, 0x85, 0x55, 0xca, 0xf5,
    0x0, 0x2, 0x2f, 0x50, 0x0, 0x0, 0xf5, 0x0,
    0x0, 0xf, 0x50, 0x0, 0xaa, 0x44, 0x55, 0x54,
    0x20, 0xaf, 0xff, 0x50,

    /* U+0064 "d" */
    0x0, 0x0, 0xa, 0xa0, 0x0, 0x0, 0xaa, 0x0,
    0x0, 0xa, 0xa0, 0x0, 0x0, 0xaa, 0xa, 0xff,
    0xff, 0xaf, 0x85, 0x55, 0xca, 0xf5, 0x0, 0xa,
    0xaf, 0x50, 0x0, 0xaa, 0xf5, 0x0, 0xa, 0xaf,
    0x50, 0x0, 0xaa, 0x55, 0x55, 0x5c, 0xa0, 0xaf,
    0xff, 0xfa,

    /* U+0065 "e" */
    0x1b, 0xff, 0xf6, 0xf, 0x85, 0x55, 0xca, 0xf5,
    0x11, 0x1b, 0xaf, 0xff, 0xff, 0xfa, 0xf7, 0x44,
    0x44, 0x3f, 0x50, 0x0, 0xaa, 0x44, 0x55, 0x54,
    0x20, 0xaf, 0xff, 0x50,

    /* U+0066 "f" */
    0x0, 0x5f, 0xf5, 0x7, 0x85, 0x51, 0xa, 0xa0,
    0x0, 0xa, 0xa0, 0x0, 0xff, 0xff, 0xf5, 0x5c,
    0xc5, 0x51, 0xa, 0xa0, 0x0, 0xa, 0xa0, 0x0,
    0xa, 0xa0, 0x0, 0xa, 0xa0, 0x0, 0xa, 0xa0,
    0x0, 0xa, 0xa0, 0x0,

    /* U+0067 "g" */
    0xa, 0xff, 0xff, 0xa5, 0x55, 0x55, 0xca, 0xf5,
    0x0, 0xa, 0xaf, 0x50, 0x0, 0xaa, 0xf5, 0x0,
    0xa, 0xaf, 0x50, 0x0, 0xaa, 0xa7, 0x55, 0x5c,
    0xa0, 0xaf, 0xff, 0xfa, 0x0, 0x0, 0xa, 0xa0,
    0x35, 0x55, 0x87, 0xa, 0xff, 0xf5, 0x0,

    /* U+0068 "h" */
    0xf5, 0x0, 0x0, 0xf, 0x50, 0x0, 0x0, 0xf5,
    0x0, 0x0, 0xf, 0x50, 0x0, 0x0, 0xf5, 0x5f,
    0xf5, 0xf, 0xc8, 0x55, 0x87, 0xfc, 0x70, 0xa,
    0xaf, 0x50, 0x0, 0xaa, 0xf5, 0x0, 0xa, 0xaf,
    0x50, 0x0, 0xaa, 0xf5, 0x0, 0xa, 0xaf, 0x50,
    0x0, 0xaa,

    /* U+0069 "i" */
    0xa, 0xa0, 0x3, 0x30, 0x0, 0x0, 0x0, 0x0,
    0xff, 0xa0, 0x5c, 0xa0, 0xa, 0xa0, 0xa, 0xa0,
    0xa, 0xa0, 0xa, 0xa0, 0x5c, 0xc5, 0xff, 0xff,

    /* U+006A "j" */
    0x0, 0x5f, 0x0, 0x15, 0x0, 0x0, 0x0, 0x0,
    0xff, 0xff, 0x55, 0x8f, 0x0, 0x5f, 0x0, 0x5f,
    0x0, 0x5f, 0x0, 0x5f, 0x0, 0x5f, 0x0, 0x5f,
    0x0, 0x5f, 0x55, 0x7a, 0xff, 0xa0,

    /* U+006B "k" */
    0xf5, 0x0, 0x0, 0xf, 0x50, 0x0, 0x0, 0xf5,
    0x0, 0x0, 0xf, 0x50, 0x0, 0x0, 0xf5, 0x1,
    0x1b, 0xaf, 0x55, 0xff, 0x83, 0xf5, 0x24, 0x41,
    0xf, 0xfa, 0x10, 0x0, 0xf5, 0x4e, 0x10, 0xf,
    0x50, 0xf, 0x50, 0xf5, 0x0, 0x44, 0x3f, 0x50,
    0x0, 0xaa,

    /* U+006C "l" */
    0xff, 0xa0, 0x5c, 0xa0, 0xa, 0xa0, 0xa, 0xa0,
    0xa, 0xa0, 0xa, 0xa0, 0xa, 0xa0, 0xa, 0xa0,
    0xa, 0xa0, 0xa, 0xa0, 0xa, 0xc5, 0xa, 0xff,

    /* U+006D "m" */
    0xff, 0xff, 0xa, 0xff, 0x0, 0xf8, 0x55, 0xa7,
    0x55, 0xa3, 0xf5, 0x0, 0xf5, 0x0, 0xf5, 0xf5,
    0x0, 0xf5, 0x0, 0xf5, 0xf5, 0x0, 0xf5, 0x0,
    0xf5, 0xf5, 0x0, 0xf5, 0x0, 0xf5, 0xf5, 0x0,
    0xf5, 0x0, 0xf5, 0xf5, 0x0, 0xf5, 0x0, 0xf5,

    /* U+006E "n" */
    0xf5, 0x5f, 0xf5, 0xf, 0xc8, 0x55, 0x87, 0xfc,
    0x70, 0xa, 0xaf, 0x50, 0x0, 0xaa, 0xf5, 0x0,
    0xa, 0xaf, 0x50, 0x0, 0xaa, 0xf5, 0x0, 0xa,
    0xaf, 0x50, 0x0, 0xaa,

    /* U+006F "o" */
    0xa, 0xff, 0xf5, 0xf, 0x85, 0x55, 0xca, 0xf5,
    0x0, 0xa, 0xaf, 0x50, 0x0, 0xaa, 0xf5, 0x0,
    0xa, 0xaf, 0x50, 0x0, 0xaa, 0x55, 0x55, 0x55,
    0x30, 0xaf, 0xff, 0x50,

    /* U+0070 "p" */
    0xff, 0xff, 0xf5, 0xf, 0x85, 0x55, 0x53, 0xf5,
    0x0, 0xa, 0xaf, 0x50, 0x0, 0xaa, 0xf5, 0x0,
    0xa, 0xaf, 0x50, 0x0, 0xaa, 0xf8, 0x55, 0x58,
    0x7f, 0xff, 0xff, 0x50, 0xf5, 0x0, 0x0, 0xf,
    0x50, 0x0, 0x0, 0xf5, 0x0, 0x0, 0x0,

    /* U+0071 "q" */
    0xa, 0xff, 0xff, 0xa5, 0x55, 0x55, 0xca, 0xf5,
    0x0, 0xa, 0xaf, 0x50, 0x0, 0xaa, 0xf5, 0x0,
    0xa, 0xaf, 0x50, 0x0, 0xaa, 0xa7, 0x55, 0x5c,
    0xa0, 0xaf, 0xff, 0xfa, 0x0, 0x0, 0xa, 0xa0,
    0x0, 0x0, 0xaa, 0x0, 0x0, 0xa, 0xa0,

    /* U+0072 "r" */
    0xf6, 0x6f, 0xf5, 0xff, 0xc5, 0x51, 0xf8, 0x20,
    0x0, 0xf5, 0x0, 0x0, 0xf5, 0x0, 0x0, 0xf5,
    0x0, 0x0, 0xf5, 0x0, 0x0, 0xf5, 0x0, 0x0,

    /* U+0073 "s" */
    0x1b, 0xff, 0xf6, 0xf, 0x85, 0x55, 0xca, 0x42,
    0x11, 0x2, 0x20, 0xaf, 0xf1, 0x0, 0x10, 0x0,
    0xe5, 0xf, 0x50, 0x0, 0xaa, 0x44, 0x55, 0x54,
    0x20, 0xaf, 0xff, 0x50,

    /* U+0074 "t" */
    0xa, 0xa0, 0x0, 0xa, 0xa0, 0x0, 0xa, 0xa0,
    0x0, 0xa, 0xa0, 0x0, 0xff, 0xff, 0xf5, 0x5c,
    0xc5, 0x51, 0xa, 0xa0, 0x0, 0xa, 0xa0, 0x0,
    0xa, 0xa0, 0x0, 0xa, 0xa0, 0x0, 0x7, 0x85,
    0x51, 0x0, 0x5f, 0xf5,

    /* U+0075 "u" */
    0xf5, 0x0, 0xa, 0xaf, 0x50, 0x0, 0xaa, 0xf5,
    0x0, 0xa, 0xaf, 0x50, 0x0, 0xaa, 0xf5, 0x0,
    0xa, 0xaf, 0x50, 0xa, 0xea, 0xa7, 0x55, 0xae,
    0xa0, 0xaf, 0xf0, 0xaa,

    /* U+0076 "v" */
    0xf5, 0x0, 0xa, 0xaf, 0x50, 0x0, 0xaa, 0xa3,
    0x0, 0x7, 0x70, 0xaa, 0xf, 0x50, 0xa, 0xa0,
    0xf5, 0x0, 0x37, 0xa5, 0x10, 0x0, 0x5f, 0x0,
    0x0, 0x5, 0xf0, 0x0,

    /* U+0077 "w" */
    0xf5, 0x0, 0xf5, 0x0, 0xf5, 0xf5, 0x0, 0xf5,
    0x0, 0xf5, 0xf5, 0x0, 0xa3, 0x0, 0xf5, 0xf5,
    0x5f, 0xa, 0xa0, 0xf5, 0xf5, 0x5f, 0xa, 0xa0,
    0xf5, 0x58, 0x85, 0x3, 0x7a, 0x51, 0xa, 0xa0,
    0x0, 0x5f, 0x0, 0xa, 0xa0, 0x0, 0x5f, 0x0,

    /* U+0078 "x" */
    0xf6, 0x0, 0x1b, 0xa5, 0xca, 0xf, 0x83, 0x2,
    0x20, 0x41, 0x0, 0x5, 0xf0, 0x0, 0x0, 0x5e,
    0x10, 0x0, 0xaa, 0xf, 0x50, 0x54, 0x20, 0x44,
    0x3f, 0x50, 0x0, 0xaa,

    /* U+0079 "y" */
    0xf5, 0x0, 0xa, 0xaf, 0x50, 0x0, 0xaa, 0xf5,
    0x0, 0xa, 0xaf, 0x50, 0x0, 0xaa, 0x7, 0x70,
    0xa3, 0x0, 0xaa, 0xf, 0x50, 0xa, 0xa0, 0xf5,
    0x0, 0x5, 0xf0, 0x0, 0x0, 0x5f, 0x0, 0x5,
    0x57, 0xa0, 0x0, 0xff, 0xa0, 0x0, 0x0,

    /* U+007A "z" */
    0xff, 0xff, 0xff, 0xa5, 0x55, 0x5f, 0x83, 0x0,
    0x1, 0xf4, 0x0, 0x5, 0xf0, 0x0, 0xa, 0xa0,
    0x0, 0xc, 0x62, 0x0, 0x0, 0xf8, 0x55, 0x55,
    0x3f, 0xff, 0xff, 0xfa,

    /* U+007B "{" */
    0x0, 0x1, 0x10, 0x0, 0xf, 0xfa, 0x5, 0xf0,
    0x0, 0x5, 0xf0, 0x0, 0x5, 0xf0, 0x0, 0x5,
    0xf0, 0x0, 0x6, 0xf0, 0x0, 0xac, 0x50, 0x0,
    0x24, 0x50, 0x0, 0x5, 0xf0, 0x0, 0x5, 0xf0,
    0x0, 0x5, 0xf0, 0x0, 0x5, 0xf0, 0x0, 0x5,
    0xf1, 0x10, 0x0, 0xf, 0xfa, 0x0, 0x4, 0x42,

    /* U+007C "|" */
    0x55, 0xaa, 0xaa, 0xaa, 0xaa, 0xaa, 0xaa, 0xaa,
    0xaa, 0xaa, 0xaa, 0xaa, 0xaa, 0xaa, 0xaa,

    /* U+007D "}" */
    0x1, 0x10, 0x0, 0xaf, 0xf0, 0x0, 0x0, 0xf,
    0x50, 0x0, 0xf, 0x50, 0x0, 0xf, 0x50, 0x0,
    0xf, 0x50, 0x0, 0xf, 0x60, 0x0, 0x5, 0xca,
    0x0, 0x5, 0x42, 0x0, 0xf, 0x50, 0x0, 0xf,
    0x50, 0x0, 0xf, 0x50, 0x0, 0xf, 0x50, 0x1,
    0x1f, 0x50, 0xaf, 0xf0, 0x0, 0x24, 0x40, 0x0,

    /* U+007E "~" */
    0x0, 0x0, 0x0, 0x0, 0xaa, 0x0, 0x0, 0x13,
    0x31, 0x0, 0xe, 0x44, 0xe1, 0xa9, 0x0, 0x0,
    0xf5, 0x0, 0x0, 0x4, 0x10,

    /* U+00A9 "©" */
    0x0, 0x1, 0x11, 0x11, 0x10, 0x0, 0x0, 0x0,
    0xff, 0xff, 0xff, 0xa0, 0x0, 0x0, 0x14, 0x44,
    0x44, 0x43, 0x10, 0x0, 0x5f, 0x0, 0x11, 0x10,
    0x4f, 0x10, 0xaa, 0x1, 0xaf, 0xff, 0x50, 0xf,
    0x5a, 0xa0, 0xf5, 0x0, 0xa, 0xa0, 0xf5, 0xaa,
    0xf, 0x50, 0x0, 0x22, 0xf, 0x5a, 0xa0, 0xf5,
    0x0, 0x0, 0x0, 0xf5, 0xaa, 0xf, 0x51, 0x11,
    0xaa, 0xf, 0x5a, 0xa0, 0xa, 0xff, 0xf5, 0x0,
    0xf5, 0x23, 0x10, 0x24, 0x44, 0x10, 0x14, 0x10,
    0x4e, 0x11, 0x11, 0x11, 0x5e, 0x0, 0x0, 0xf,
    0xff, 0xff, 0xfa, 0x0, 0x0, 0x0, 0x44, 0x44,
    0x44, 0x20, 0x0,

    /* U+00B7 "·" */
    0x3a, 0xa3, 0x5f, 0xf5, 0x5f, 0xf5,

    /* U+00D7 "×" */
    0xf6, 0x0, 0x1b, 0xa5, 0xca, 0xf, 0x83, 0x2,
    0x31, 0x41, 0x0, 0x5, 0xf1, 0x0, 0x1a, 0x90,
    0xe5, 0xf, 0x50, 0x0, 0xaa, 0x41, 0x0, 0x2,
    0x20,

    /* U+2014 "—" */
    0x11, 0x11, 0x11, 0x11, 0x11, 0x11, 0x11, 0xf,
    0xff, 0xff, 0xff, 0xff, 0xff, 0xff, 0xfa, 0x44,
    0x44, 0x44, 0x44, 0x44, 0x44, 0x44, 0x20,

    /* U+2016 "‖" */
    0x55, 0x8, 0x2a, 0xa0, 0xf5, 0xaa, 0xf, 0x5a,
    0xa0, 0xf5, 0xaa, 0xf, 0x5a, 0xa0, 0xf5, 0xaa,
    0xf, 0x5a, 0xa0, 0xf5, 0xaa, 0xf, 0x5a, 0xa0,
    0xf5, 0xaa, 0xf, 0x5a, 0xa0, 0xf5, 0xaa, 0xf,
    0x5a, 0xa0, 0xf5, 0xaa, 0xf, 0x50,

    /* U+2026 "…" */
    0x7a, 0xa0, 0x3, 0xaa, 0x30, 0xa, 0xa7, 0xaf,
    0xf0, 0x5, 0xff, 0x50, 0xf, 0xfa, 0xaf, 0xf0,
    0x5, 0xff, 0x50, 0xf, 0xfa,

    /* U+2039 "‹" */
    0x0, 0x28, 0x1, 0xd3, 0xc, 0x70, 0x3e, 0x0,
    0xb, 0x80, 0x0, 0xd4, 0x0, 0x17,

    /* U+2190 "←" */
    0x0, 0x15, 0x0, 0x0, 0x0, 0x0, 0x0, 0x0,
    0x5, 0xf0, 0x0, 0x0, 0x0, 0x0, 0x0, 0x8,
    0x80, 0x0, 0x0, 0x0, 0x0, 0x0, 0x7, 0xdd,
    0x77, 0x77, 0x77, 0x77, 0x77, 0x74, 0xef, 0xfe,
    0xee, 0xee, 0xee, 0xee, 0xee, 0x90, 0xaa, 0x0,
    0x0, 0x0, 0x0, 0x0, 0x0, 0x2, 0x7f, 0x0,
    0x0, 0x0, 0x0, 0x0, 0x0, 0x1, 0x50, 0x0,
    0x0, 0x0, 0x0, 0x0,

    /* U+2192 "→" */
    0x0, 0x0, 0x0, 0x0, 0x0, 0x15, 0x0, 0x0,
    0x0, 0x0, 0x0, 0x0, 0x5, 0xf0, 0x0, 0x0,
    0x0, 0x0, 0x0, 0x0, 0x0, 0xc4, 0x7, 0x77,
    0x77, 0x77, 0x77, 0x77, 0x7f, 0xa4, 0xee, 0xee,
    0xee, 0xee, 0xee, 0xee, 0xfe, 0x90, 0x0, 0x0,
    0x0, 0x0, 0x0, 0xf, 0x50, 0x0, 0x0, 0x0,
    0x0, 0x0, 0x5f, 0x31, 0x0, 0x0, 0x0, 0x0,
    0x0, 0x1, 0x50, 0x0,

    /* U+2460 "①" */
    0x0, 0x0, 0xa, 0xff, 0xf5, 0x0, 0x0, 0x0,
    0x1, 0xff, 0xc5, 0x55, 0xcf, 0xf0, 0x0, 0x7,
    0xa5, 0x52, 0x3a, 0x3, 0x55, 0xa1, 0x0, 0xae,
    0x0, 0x38, 0xf0, 0x0, 0xf, 0x10, 0xa, 0xe0,
    0xa, 0xff, 0x0, 0x0, 0xf1, 0xf, 0x50, 0x0,
    0x5, 0xf0, 0x0, 0x0, 0xe7, 0xf5, 0x0, 0x0,
    0x5f, 0x0, 0x0, 0xe, 0x7f, 0x50, 0x0, 0x5,
    0xf0, 0x0, 0x0, 0xe7, 0xf5, 0x0, 0x0, 0x5f,
    0x0, 0x0, 0xe, 0x70, 0xae, 0x0, 0x5, 0xf0,
    0x0, 0xf, 0x10, 0xa, 0xe0, 0x7, 0xcf, 0xa3,
    0x0, 0xf1, 0x0, 0x7a, 0x55, 0xaa, 0xaa, 0x75,
    0x5a, 0x10, 0x0, 0x1f, 0xfc, 0x55, 0x5c, 0xff,
    0x0, 0x0, 0x0, 0x0, 0xaf, 0xff, 0x50, 0x0,
    0x0,

    /* U+2461 "②" */
    0x0, 0x0, 0x7, 0xff, 0xf5, 0x0, 0x0, 0x0,
    0x1, 0xaa, 0x85, 0x55, 0x8a, 0xa0, 0x0, 0x4,
    0x78, 0x88, 0x77, 0x78, 0x88, 0x70, 0x0, 0xae,
    0x1, 0x7e, 0xee, 0x51, 0xf, 0x10, 0xa, 0xe0,
    0xc8, 0x0, 0xa, 0xa0, 0xf1, 0xf, 0x73, 0x2,
    0x10, 0x0, 0xaa, 0x3, 0xe7, 0xf5, 0x0, 0x0,
    0x2a, 0xa7, 0x30, 0xe, 0x7f, 0x50, 0x0, 0x26,
    0xaa, 0x30, 0x0, 0xe7, 0xf5, 0x0, 0x7, 0xd0,
    0x0, 0x0, 0xe, 0x70, 0xae, 0xc, 0x80, 0x0,
    0x0, 0xf, 0x10, 0xa, 0xe0, 0xcd, 0xaa, 0xaa,
    0x70, 0xf1, 0x0, 0x7a, 0x5d, 0xda, 0xaa, 0xec,
    0x5a, 0x10, 0x0, 0x1f, 0xfb, 0x55, 0x5c, 0xff,
    0x0, 0x0, 0x0, 0x0, 0x7f, 0xff, 0x50, 0x0,
    0x0,

    /* U+2462 "③" */
    0x0, 0x0, 0x7, 0xff, 0xf5, 0x0, 0x0, 0x0,
    0x1, 0xff, 0xb5, 0x55, 0xcf, 0xf0, 0x0, 0x7,
    0xa5, 0x57, 0xaa, 0xa7, 0x55, 0xa1, 0x0, 0xae,
    0x6, 0x87, 0x77, 0x85, 0xf, 0x10, 0xa, 0xe0,
    0xc8, 0x0, 0xa, 0xa0, 0xf1, 0xf, 0x50, 0x0,
    0x0, 0x0, 0xaa, 0x0, 0xe7, 0xf5, 0x0, 0x0,
    0x2e, 0xe5, 0x10, 0xe, 0x7f, 0x50, 0x0, 0x1,
    0x77, 0x85, 0x0, 0xe7, 0xf5, 0x0, 0x0, 0x0,
    0xa, 0xa0, 0xe, 0x70, 0xae, 0xc, 0x80, 0x0,
    0xaa, 0xf, 0x10, 0xa, 0xe0, 0x17, 0xee, 0xe5,
    0x10, 0xf1, 0x0, 0x7a, 0x55, 0x7a, 0xaa, 0x75,
    0x5a, 0x10, 0x0, 0x1f, 0xfb, 0x55, 0x5c, 0xff,
    0x0, 0x0, 0x0, 0x0, 0x7f, 0xff, 0x50, 0x0,
    0x0,

    /* U+25CE "◎" */
    0x0, 0x0, 0xa, 0xff, 0xf1, 0x0, 0x0, 0x0,
    0x5, 0xff, 0x85, 0x55, 0xef, 0xc0, 0x0, 0x7,
    0x85, 0x51, 0x0, 0x4, 0x54, 0xa3, 0x0, 0xaa,
    0x0, 0x35, 0x55, 0x0, 0xf, 0x50, 0xa, 0xa0,
    0xa, 0xff, 0xf1, 0x0, 0xf5, 0xf, 0x50, 0xf,
    0x50, 0x0, 0xe7, 0x0, 0xaa, 0xf5, 0x0, 0xf5,
    0x0, 0xe, 0x70, 0xa, 0xaf, 0x50, 0xf, 0x50,
    0x0, 0xe7, 0x0, 0xaa, 0xf5, 0x0, 0xf5, 0x0,
    0xe, 0x70, 0xa, 0xa0, 0xaa, 0x0, 0xaf, 0xff,
    0x10, 0xf, 0x50, 0xa, 0xa0, 0x3, 0x55, 0x50,
    0x0, 0xf5, 0x0, 0x78, 0x55, 0x10, 0x0, 0x45,
    0x4a, 0x30, 0x0, 0x5f, 0xf8, 0x55, 0x5e, 0xfc,
    0x0, 0x0, 0x0, 0x0, 0xaf, 0xff, 0x10, 0x0,
    0x0,

    /* U+25CF "●" */
    0x0, 0x0, 0xa, 0xff, 0xf5, 0x0, 0x0, 0x0,
    0x5, 0xff, 0xff, 0xff, 0xff, 0xf0, 0x0, 0x7,
    0xcf, 0xff, 0xff, 0xff, 0xff, 0xa3, 0x0, 0xaf,
    0xff, 0xff, 0xff, 0xff, 0xff, 0x50, 0xa, 0xff,
    0xff, 0xff, 0xff, 0xff, 0xf5, 0xf, 0xff, 0xff,
    0xff, 0xff, 0xff, 0xff, 0xfa, 0xff, 0xff, 0xff,
    0xff, 0xff, 0xff, 0xff, 0xaf, 0xff, 0xff, 0xff,
    0xff, 0xff, 0xff, 0xfa, 0xff, 0xff, 0xff, 0xff,
    0xff, 0xff, 0xff, 0xa0, 0xaf, 0xff, 0xff, 0xff,
    0xff, 0xff, 0x50, 0xa, 0xff, 0xff, 0xff, 0xff,
    0xff, 0xf5, 0x0, 0x7c, 0xff, 0xff, 0xff, 0xff,
    0xfa, 0x30, 0x0, 0x5f, 0xff, 0xff, 0xff, 0xff,
    0x0, 0x0, 0x0, 0x0, 0xaf, 0xff, 0x50, 0x0,
    0x0,

    /* U+2605 "★" */
    0x0, 0x0, 0x0, 0x5f, 0x0, 0x0, 0x0, 0x0,
    0x0, 0x0, 0x5, 0xf0, 0x0, 0x0, 0x0, 0x0,
    0x0, 0x5, 0xaf, 0x82, 0x0, 0x0, 0x0, 0x0,
    0x0, 0xaf, 0xff, 0x50, 0x0, 0x0, 0x0, 0x0,
    0xa, 0xff, 0xf5, 0x0, 0x0, 0xf, 0xff, 0xff,
    0xff, 0xff, 0xff, 0xff, 0xfa, 0x55, 0x8f, 0xff,
    0xff, 0xff, 0xff, 0x55, 0x30, 0x3, 0xaf, 0xff,
    0xff, 0xfe, 0xa0, 0x0, 0x0, 0x0, 0xff, 0xff,
    0xff, 0xa0, 0x0, 0x0, 0x0, 0xf, 0xff, 0xff,
    0xfa, 0x0, 0x0, 0x0, 0x3a, 0xff, 0xea, 0xff,
    0xea, 0x0, 0x0, 0x5, 0xff, 0xc7, 0xa, 0xef,
    0xf0, 0x0, 0x3, 0x8f, 0xf5, 0x0, 0xa, 0xff,
    0x51, 0x0, 0xaa, 0x0, 0x0, 0x0, 0x0, 0xf,
    0x50,

    /* U+2606 "☆" */
    0x0, 0x0, 0x0, 0x5f, 0x0, 0x0, 0x0, 0x0,
    0x0, 0x0, 0x5, 0xf0, 0x0, 0x0, 0x0, 0x0,
    0x0, 0x3, 0x7a, 0x50, 0x0, 0x0, 0x0, 0x0,
    0x0, 0xaa, 0xf, 0x10, 0x0, 0x0, 0x0, 0x0,
    0xa, 0xa0, 0xf1, 0x0, 0x0, 0xf, 0xff, 0xff,
    0x50, 0x0, 0xef, 0xff, 0xf7, 0x55, 0x8f, 0x51,
    0x0, 0x4, 0xbd, 0x55, 0x20, 0x3, 0xa8, 0x20,
    0x0, 0x79, 0x80, 0x0, 0x0, 0x0, 0xf5, 0x13,
    0xe, 0x70, 0x0, 0x0, 0x0, 0xf, 0x55, 0xf0,
    0xe7, 0x0, 0x0, 0x0, 0x4e, 0x1a, 0xa1, 0xe3,
    0x8b, 0x0, 0x0, 0x5, 0xf5, 0x87, 0xa, 0x5b,
    0xc0, 0x0, 0x3, 0x8f, 0xf5, 0x0, 0xe, 0xfd,
    0x50, 0x0, 0xaa, 0x0, 0x0, 0x0, 0x0, 0x3f,
    0x20,

    /* U+3000 "　" */

    /* U+3001 "、" */
    0x94, 0x0, 0x9, 0x75, 0x50, 0x8, 0xff, 0x10,
    0x3, 0xf1,

    /* U+3002 "。" */
    0x8, 0xff, 0x10, 0x97, 0x55, 0xa4, 0xe7, 0x0,
    0xe6, 0xea, 0x55, 0xf6, 0x8, 0xff, 0x10,

    /* U+300C "「" */
    0xff, 0xff, 0xf5, 0xf8, 0x55, 0x51, 0xf5, 0x0,
    0x0, 0xf5, 0x0, 0x0, 0xf5, 0x0, 0x0, 0xf5,
    0x0, 0x0, 0xf5, 0x0, 0x0, 0xf5, 0x0, 0x0,
    0xf5, 0x0, 0x0, 0xf5, 0x0, 0x0, 0xa3, 0x0,
    0x0,

    /* U+300D "」" */
    0x0, 0x0, 0x94, 0x0, 0x0, 0xe7, 0x0, 0x0,
    0xe7, 0x0, 0x0, 0xe7, 0x0, 0x0, 0xe7, 0x0,
    0x0, 0xe7, 0x0, 0x0, 0xe7, 0x0, 0x0, 0xe7,
    0x0, 0x0, 0xe7, 0x45, 0x55, 0xe7, 0xef, 0xff,
    0xf7,

    /* U+3010 "【" */
    0x1f, 0xff, 0xff, 0xf8, 0x1f, 0xff, 0xff, 0x72,
    0x1f, 0xff, 0xfa, 0x20, 0x1f, 0xff, 0xe0, 0x0,
    0x1f, 0xff, 0xe0, 0x0, 0x1f, 0xfb, 0x40, 0x0,
    0x1f, 0xf8, 0x0, 0x0, 0x1f, 0xf8, 0x0, 0x0,
    0x1f, 0xfb, 0x40, 0x0, 0x1f, 0xff, 0xe0, 0x0,
    0x1f, 0xff, 0xe0, 0x0, 0x1f, 0xff, 0xfa, 0x20,
    0x1f, 0xff, 0xff, 0x72, 0x1f, 0xff, 0xff, 0xf8,

    /* U+3011 "】" */
    0xaf, 0xff, 0xff, 0xf3, 0x8f, 0xff, 0xff, 0x3,
    0xaf, 0xff, 0xf0, 0x0, 0xff, 0xff, 0x0, 0xf,
    0xff, 0xf0, 0x0, 0x5c, 0xff, 0x0, 0x0, 0xaf,
    0xf0, 0x0, 0xa, 0xff, 0x0, 0x5, 0xcf, 0xf0,
    0x0, 0xff, 0xff, 0x0, 0xf, 0xff, 0xf0, 0x3a,
    0xff, 0xff, 0x38, 0xff, 0xff, 0xfa, 0xff, 0xff,
    0xff,

    /* U+4E00 "一" */
    0x77, 0x77, 0x77, 0x77, 0x77, 0x77, 0x77, 0x4e,
    0xee, 0xee, 0xee, 0xee, 0xee, 0xee, 0xe9,

    /* U+4E09 "三" */
    0xa, 0xff, 0xff, 0xff, 0xff, 0xff, 0xf5, 0x0,
    0x35, 0x55, 0x55, 0x55, 0x55, 0x55, 0x10, 0x0,
    0x0, 0x0, 0x0, 0x0, 0x0, 0x0, 0x0, 0x0,
    0x0, 0x0, 0x0, 0x0, 0x0, 0x0, 0x0, 0x0,
    0x0, 0x0, 0x0, 0x0, 0x0, 0x0, 0x0, 0x0,
    0x0, 0x0, 0x0, 0x0, 0x0, 0x0, 0x27, 0x77,
    0x77, 0x77, 0x77, 0x0, 0x0, 0x4, 0xee, 0xee,
    0xee, 0xee, 0xe0, 0x0, 0x0, 0x0, 0x0, 0x0,
    0x0, 0x0, 0x0, 0x0, 0x0, 0x0, 0x0, 0x0,
    0x0, 0x0, 0x0, 0x0, 0x0, 0x0, 0x0, 0x0,
    0x0, 0x0, 0x0, 0x0, 0x0, 0x0, 0x0, 0x0,
    0x0, 0x0, 0x55, 0x55, 0x55, 0x55, 0x55, 0x55,
    0x55, 0x3f, 0xff, 0xff, 0xff, 0xff, 0xff, 0xff,
    0xfa,

    /* U+4E0A "上" */
    0x0, 0x0, 0x0, 0x5f, 0x0, 0x0, 0x0, 0x0,
    0x0, 0x0, 0x5, 0xf0, 0x0, 0x0, 0x0, 0x0,
    0x0, 0x0, 0x5f, 0x0, 0x0, 0x0, 0x0, 0x0,
    0x0, 0x5, 0xf0, 0x0, 0x0, 0x0, 0x0, 0x0,
    0x0, 0x5f, 0x0, 0x0, 0x0, 0x0, 0x0, 0x0,
    0x5, 0xff, 0xff, 0xff, 0x50, 0x0, 0x0, 0x0,
    0x5f, 0x55, 0x55, 0x51, 0x0, 0x0, 0x0, 0x5,
    0xf0, 0x0, 0x0, 0x0, 0x0, 0x0, 0x0, 0x5f,
    0x0, 0x0, 0x0, 0x0, 0x0, 0x0, 0x5, 0xf0,
    0x0, 0x0, 0x0, 0x0, 0x0, 0x0, 0x5f, 0x0,
    0x0, 0x0, 0x0, 0x0, 0x0, 0x5, 0xf0, 0x0,
    0x0, 0x0, 0x55, 0x55, 0x55, 0x8f, 0x55, 0x55,
    0x55, 0x3f, 0xff, 0xff, 0xff, 0xff, 0xff, 0xff,
    0xfa,

    /* U+4E0B "下" */
    0xff, 0xff, 0xff, 0xff, 0xff, 0xff, 0xff, 0xa5,
    0x55, 0x55, 0x58, 0xf5, 0x55, 0x55, 0x53, 0x0,
    0x0, 0x0, 0x5f, 0x0, 0x0, 0x0, 0x0, 0x0,
    0x0, 0x5, 0xf0, 0x0, 0x0, 0x0, 0x0, 0x0,
    0x0, 0x5f, 0x0, 0x0, 0x0, 0x0, 0x0, 0x0,
    0x5, 0xf0, 0xaa, 0x0, 0x0, 0x0, 0x0, 0x0,
    0x5f, 0x3, 0x7a, 0x0, 0x0, 0x0, 0x0, 0x5,
    0xf0, 0x3, 0xa5, 0x10, 0x0, 0x0, 0x0, 0x5f,
    0x0, 0x0, 0xf5, 0x0, 0x0, 0x0, 0x5, 0xf0,
    0x0, 0x0, 0x0, 0x0, 0x0, 0x0, 0x5f, 0x0,
    0x0, 0x0, 0x0, 0x0, 0x0, 0x5, 0xf0, 0x0,
    0x0, 0x0, 0x0, 0x0, 0x0, 0x5f, 0x0, 0x0,
    0x0, 0x0, 0x0, 0x0, 0x5, 0xf0, 0x0, 0x0,
    0x0,

    /* U+4E0D "不" */
    0xff, 0xff, 0xff, 0xff, 0xff, 0xff, 0xff, 0xa5,
    0x55, 0x55, 0x55, 0x5f, 0x85, 0x55, 0x53, 0x0,
    0x0, 0x0, 0x5f, 0xa3, 0x0, 0x0, 0x0, 0x0,
    0x0, 0x38, 0xf0, 0x0, 0x0, 0x0, 0x0, 0x0,
    0xa, 0xff, 0x0, 0x0, 0x0, 0x0, 0x0, 0xf,
    0x55, 0xf0, 0xaa, 0x0, 0x0, 0x0, 0x27, 0x82,
    0x5f, 0x5, 0x87, 0x0, 0x1, 0x15, 0xe0, 0x5,
    0xf0, 0x4, 0xe1, 0x0, 0xff, 0xa0, 0x0, 0x5f,
    0x0, 0x0, 0xf5, 0x0, 0x0, 0x0, 0x5, 0xf0,
    0x0, 0x0, 0xaa, 0x0, 0x0, 0x0, 0x5f, 0x0,
    0x0, 0x3, 0x30, 0x0, 0x0, 0x5, 0xf0, 0x0,
    0x0, 0x0, 0x0, 0x0, 0x0, 0x5f, 0x0, 0x0,
    0x0, 0x0, 0x0, 0x0, 0x5, 0xf0, 0x0, 0x0,
    0x0,

    /* U+4E0E "与" */
    0x0, 0x0, 0xf5, 0x0, 0x0, 0x0, 0x0, 0x0,
    0x0, 0xf, 0xff, 0xff, 0xff, 0xff, 0xf7, 0x0,
    0x0, 0xf8, 0x55, 0x55, 0x55, 0x55, 0x20, 0x1,
    0x5a, 0x30, 0x0, 0x0, 0x0, 0x0, 0x0, 0x5f,
    0x0, 0x0, 0x0, 0x0, 0x0, 0x0, 0x5, 0xff,
    0xff, 0xff, 0xff, 0xff, 0xf7, 0x0, 0x15, 0x55,
    0x55, 0x55, 0x55, 0x5e, 0x70, 0x0, 0x0, 0x0,
    0x0, 0x0, 0x0, 0xe7, 0x0, 0x0, 0x0, 0x0,
    0x0, 0x0, 0xe, 0x7f, 0xff, 0xff, 0xff, 0xff,
    0xfa, 0x0, 0xe7, 0x55, 0x55, 0x55, 0x55, 0x55,
    0x30, 0xe, 0x70, 0x0, 0x0, 0x0, 0x0, 0x0,
    0x0, 0xe7, 0x0, 0x0, 0x0, 0x0, 0x3, 0x55,
    0x5e, 0x70, 0x0, 0x0, 0x0, 0x0, 0xaf, 0xff,
    0x10,

    /* U+4E1C "东" */
    0x0, 0x0, 0xa, 0xa0, 0x0, 0x0, 0x0, 0xf,
    0xff, 0xff, 0xff, 0xff, 0xff, 0xff, 0xfa, 0x55,
    0x55, 0xf8, 0x55, 0x55, 0x55, 0x55, 0x30, 0x1,
    0x5a, 0x31, 0x50, 0x0, 0x0, 0x0, 0x0, 0x5f,
    0x0, 0x5f, 0x0, 0x0, 0x0, 0x0, 0x88, 0x0,
    0x5, 0xf0, 0x0, 0x0, 0x0, 0xa, 0xd7, 0x77,
    0xaf, 0x77, 0x77, 0x72, 0x0, 0x9e, 0xee, 0xee,
    0xfe, 0xee, 0xee, 0x40, 0x0, 0x0, 0x0, 0x5f,
    0x0, 0x0, 0x0, 0x0, 0x5, 0xf0, 0x5, 0xf0,
    0x5, 0xf0, 0x0, 0x7, 0x85, 0x0, 0x5f, 0x0,
    0x15, 0xa3, 0x5, 0x87, 0x0, 0x5, 0xf0, 0x0,
    0xa, 0x73, 0xf5, 0x0, 0x55, 0x8f, 0x0, 0x0,
    0xa, 0xa0, 0x0, 0xf, 0xff, 0xf0, 0x0, 0x0,
    0x0,

    /* U+4E22 "丢" */
    0x0, 0x0, 0x0, 0x0, 0xff, 0xff, 0xf5, 0x0,
    0xaf, 0xff, 0xff, 0xf5, 0x55, 0x55, 0x10, 0x3,
    0x55, 0x55, 0x8f, 0x0, 0x0, 0x0, 0x0, 0x35,
    0x55, 0x58, 0xf5, 0x55, 0x55, 0x10, 0xa, 0xff,
    0xff, 0xff, 0xff, 0xff, 0xf5, 0x0, 0x0, 0x0,
    0x5, 0xf0, 0x0, 0x0, 0x0, 0x0, 0x0, 0x0,
    0x5f, 0x0, 0x0, 0x0, 0x5, 0x55, 0x55, 0x58,
    0xf5, 0x55, 0x55, 0x53, 0xff, 0xff, 0xff, 0xff,
    0xff, 0xff, 0xff, 0xa0, 0x0, 0x0, 0xaa, 0x0,
    0x0, 0x0, 0x0, 0x0, 0x0, 0xa7, 0x30, 0x7,
    0x70, 0x0, 0x0, 0x1, 0x5a, 0x30, 0x0, 0x78,
    0x50, 0x0, 0x3, 0x8f, 0x55, 0x55, 0x55, 0x8f,
    0x51, 0x0, 0xaf, 0xff, 0xff, 0xff, 0xfa, 0xf,
    0x50,

    /* U+4E24 "两" */
    0xff, 0xff, 0xff, 0xff, 0xff, 0xff, 0xff, 0x75,
    0x55, 0x5f, 0x65, 0x55, 0xcc, 0x55, 0x52, 0x0,
    0x0, 0xf1, 0x0, 0xa, 0xa0, 0x0, 0x5, 0x55,
    0x5f, 0x65, 0x55, 0xcc, 0x55, 0x52, 0xff, 0xff,
    0xff, 0xff, 0xff, 0xff, 0xff, 0x7f, 0x50, 0xf,
    0x10, 0x0, 0xaa, 0x0, 0xe7, 0xf5, 0x0, 0xf1,
    0x0, 0xa, 0xa0, 0xe, 0x7f, 0x50, 0xf, 0x10,
    0x0, 0xaa, 0x0, 0xe7, 0xf5, 0x5f, 0xe, 0x70,
    0xf5, 0x5f, 0xe, 0x7f, 0xfa, 0x0, 0x8, 0xf0,
    0x0, 0x3f, 0xf7, 0xf8, 0x30, 0x0, 0x25, 0x0,
    0x1, 0x5e, 0x7f, 0x50, 0x0, 0x0, 0x0, 0x0,
    0x0, 0xe7, 0xf5, 0x0, 0x0, 0x0, 0x0, 0x15,
    0x5e, 0x7f, 0x50, 0x0, 0x0, 0x0, 0x5, 0xff,
    0xf7,

    /* U+4E2A "个" */
    0x0, 0x0, 0x0, 0x5f, 0x0, 0x0, 0x0, 0x0,
    0x0, 0x0, 0x78, 0x5a, 0x10, 0x0, 0x0, 0x0,
    0x0, 0x78, 0x50, 0x87, 0x30, 0x0, 0x0, 0x0,
    0x1e, 0x40, 0x0, 0xc7, 0x10, 0x0, 0x0, 0x5f,
    0x0, 0x15, 0x0, 0x8f, 0x0, 0xf, 0xfa, 0x0,
    0x5, 0xf0, 0x0, 0xf, 0xfa, 0x55, 0x30, 0x0,
    0x5f, 0x0, 0x0, 0x55, 0x30, 0x0, 0x0, 0x5,
    0xf0, 0x0, 0x0, 0x0, 0x0, 0x0, 0x0, 0x5f,
    0x0, 0x0, 0x0, 0x0, 0x0, 0x0, 0x5, 0xf0,
    0x0, 0x0, 0x0, 0x0, 0x0, 0x0, 0x5f, 0x0,
    0x0, 0x0, 0x0, 0x0, 0x0, 0x5, 0xf0, 0x0,
    0x0, 0x0, 0x0, 0x0, 0x0, 0x5f, 0x0, 0x0,
    0x0, 0x0, 0x0, 0x0, 0x5, 0xf0, 0x0, 0x0,
    0x0,

    /* U+4E2D "中" */
    0x0, 0x0, 0x0, 0x5f, 0x0, 0x0, 0x0, 0x0,
    0x0, 0x0, 0x5, 0xf0, 0x0, 0x0, 0x0, 0x77,
    0x77, 0x77, 0xaf, 0x77, 0x77, 0x77, 0x4f, 0xee,
    0xee, 0xee, 0xfe, 0xee, 0xee, 0xfb, 0xf5, 0x0,
    0x0, 0x5f, 0x0, 0x0, 0xa, 0xbf, 0x50, 0x0,
    0x5, 0xf0, 0x0, 0x0, 0xab, 0xf5, 0x0, 0x0,
    0x5f, 0x0, 0x0, 0xa, 0xbf, 0x85, 0x55, 0x58,
    0xf5, 0x55, 0x55, 0xcb, 0xff, 0xff, 0xff, 0xff,
    0xff, 0xff, 0xff, 0xb0, 0x0, 0x0, 0x5, 0xf0,
    0x0, 0x0, 0x0, 0x0, 0x0, 0x0, 0x5f, 0x0,
    0x0, 0x0, 0x0, 0x0, 0x0, 0x5, 0xf0, 0x0,
    0x0, 0x0, 0x0, 0x0, 0x0, 0x5f, 0x0, 0x0,
    0x0, 0x0, 0x0, 0x0, 0x5, 0xf0, 0x0, 0x0,
    0x0,

    /* U+4E32 "串" */
    0x0, 0x0, 0x0, 0x5f, 0x0, 0x0, 0x0, 0x0,
    0xaf, 0xff, 0xff, 0xff, 0xff, 0xff, 0x50, 0xa,
    0xc5, 0x55, 0x8f, 0x55, 0x55, 0xf5, 0x0, 0xaa,
    0x0, 0x5, 0xf0, 0x0, 0xf, 0x50, 0xa, 0xa0,
    0x0, 0x5f, 0x0, 0x0, 0xf5, 0x0, 0xaf, 0xff,
    0xff, 0xff, 0xff, 0xff, 0x50, 0x3, 0x55, 0x55,
    0x8f, 0x55, 0x55, 0x51, 0x5, 0x55, 0x55, 0x58,
    0xf5, 0x55, 0x55, 0x53, 0xff, 0xff, 0xff, 0xff,
    0xff, 0xff, 0xff, 0xaf, 0x50, 0x0, 0x5, 0xf0,
    0x0, 0x0, 0xaa, 0xf5, 0x0, 0x0, 0x5f, 0x0,
    0x0, 0xa, 0xaf, 0x85, 0x55, 0x58, 0xf5, 0x55,
    0x55, 0xca, 0xff, 0xff, 0xff, 0xff, 0xff, 0xff,
    0xff, 0xa0, 0x0, 0x0, 0x5, 0xf0, 0x0, 0x0,
    0x0,

    /* U+4E3A "为" */
    0xa, 0xa0, 0x0, 0x5f, 0x0, 0x0, 0x0, 0x0,
    0x38, 0xf0, 0x5, 0xf0, 0x0, 0x0, 0x0, 0x0,
    0x15, 0x0, 0x5f, 0x0, 0x0, 0x0, 0x5, 0x55,
    0x55, 0x58, 0xf5, 0x55, 0x55, 0x52, 0xff, 0xff,
    0xff, 0xff, 0xff, 0xff, 0xff, 0x70, 0x0, 0x0,
    0x5, 0xf0, 0x0, 0x0, 0xe7, 0x0, 0x0, 0x0,
    0x5f, 0x7, 0x30, 0xe, 0x70, 0x0, 0x0, 0x5b,
    0xf0, 0xec, 0x60, 0xe7, 0x0, 0x0, 0xa, 0xa0,
    0x0, 0x8c, 0xe, 0x70, 0x0, 0x0, 0xaa, 0x0,
    0x8, 0xc0, 0xe7, 0x0, 0x0, 0xe5, 0x10, 0x0,
    0x1, 0xe, 0x70, 0x1, 0x5a, 0x30, 0x0, 0x0,
    0x0, 0xe7, 0x55, 0x8f, 0x0, 0x0, 0x0, 0x25,
    0x5e, 0x7f, 0xfa, 0x0, 0x0, 0x0, 0x8, 0xff,
    0x10,

    /* U+4E3B "主" */
    0x0, 0x0, 0xa, 0xc5, 0x0, 0x0, 0x0, 0x0,
    0x0, 0x0, 0x38, 0xf0, 0x0, 0x0, 0x0, 0x77,
    0x77, 0x77, 0xaf, 0x77, 0x77, 0x77, 0x4e, 0xee,
    0xee, 0xee, 0xfe, 0xee, 0xee, 0xe9, 0x0, 0x0,
    0x0, 0x5f, 0x0, 0x0, 0x0, 0x0, 0x0, 0x0,
    0x5, 0xf0, 0x0, 0x0, 0x0, 0x0, 0x0, 0x0,
    0x5f, 0x0, 0x0, 0x0, 0x0, 0x35, 0x55, 0x58,
    0xf5, 0x55, 0x55, 0x10, 0xa, 0xff, 0xff, 0xff,
    0xff, 0xff, 0xf5, 0x0, 0x0, 0x0, 0x5, 0xf0,
    0x0, 0x0, 0x0, 0x0, 0x0, 0x0, 0x5f, 0x0,
    0x0, 0x0, 0x0, 0x0, 0x0, 0x5, 0xf0, 0x0,
    0x0, 0x0, 0x55, 0x55, 0x55, 0x8f, 0x55, 0x55,
    0x55, 0x3f, 0xff, 0xff, 0xff, 0xff, 0xff, 0xff,
    0xfa,

    /* U+4E48 "么" */
    0x0, 0x0, 0xe, 0x70, 0x0, 0x0, 0x0, 0x0,
    0x0, 0x0, 0xe7, 0x0, 0x0, 0x0, 0x0, 0x0,
    0x0, 0xaa, 0x40, 0x7, 0x70, 0x0, 0x0, 0x0,
    0xf, 0x10, 0x0, 0xaa, 0x0, 0x0, 0x0, 0x0,
    0xf1, 0x0, 0xa, 0xa0, 0x0, 0x0, 0x5, 0xf0,
    0x0, 0xf, 0x50, 0x0, 0x0, 0x7, 0x85, 0x0,
    0x0, 0xf5, 0x0, 0x0, 0x5, 0x87, 0x0, 0x2,
    0x5a, 0x30, 0x0, 0x0, 0xf5, 0x0, 0x0, 0x8f,
    0x0, 0x0, 0x0, 0x0, 0x0, 0x0, 0xe7, 0x0,
    0x0, 0xf, 0x50, 0x0, 0x0, 0xa5, 0x20, 0x0,
    0x0, 0xf5, 0x0, 0x1, 0x5a, 0x10, 0x0, 0x35,
    0x5a, 0x73, 0x3, 0x8f, 0x55, 0x55, 0x5c, 0xff,
    0xa, 0xa0, 0xaf, 0xff, 0xff, 0xff, 0x50, 0x0,
    0xaa,

    /* U+4E49 "义" */
    0x0, 0x0, 0xe, 0x70, 0x0, 0x0, 0x0, 0x0,
    0xaa, 0x0, 0x4b, 0xf0, 0x0, 0xf, 0x50, 0xa,
    0xa0, 0x0, 0x8f, 0x0, 0x0, 0xf5, 0x0, 0x78,
    0x40, 0x5, 0xa0, 0x1, 0x5a, 0x30, 0x0, 0x5e,
    0x0, 0x0, 0x0, 0x5f, 0x0, 0x0, 0x5, 0xe0,
    0x0, 0x0, 0x5, 0xf0, 0x0, 0x0, 0x28, 0x70,
    0x0, 0x4, 0x78, 0x0, 0x0, 0x0, 0x1e, 0x30,
    0x1, 0xa9, 0x0, 0x0, 0x0, 0x0, 0xe, 0x70,
    0xf5, 0x0, 0x0, 0x0, 0x0, 0x0, 0x8, 0xf0,
    0x0, 0x0, 0x0, 0x0, 0x0, 0x9, 0x75, 0xa3,
    0x0, 0x0, 0x0, 0x1, 0x55, 0xa4, 0xa, 0x75,
    0x50, 0x0, 0x55, 0x8f, 0xf1, 0x0, 0xa, 0xff,
    0x55, 0x3f, 0xfa, 0x0, 0x0, 0x0, 0x0, 0xf,
    0xfa,

    /* U+4E4B "之" */
    0x0, 0x0, 0xa, 0xa0, 0x0, 0x0, 0x0, 0x0,
    0x0, 0x0, 0x37, 0xc0, 0x0, 0x0, 0x0, 0x77,
    0x77, 0x77, 0xaf, 0x77, 0x77, 0x72, 0xe, 0xee,
    0xee, 0xee, 0xee, 0xee, 0xfe, 0x40, 0x0, 0x0,
    0x0, 0x0, 0x0, 0x5f, 0x0, 0x0, 0x0, 0x0,
    0x0, 0x0, 0x89, 0x30, 0x0, 0x0, 0x0, 0x0,
    0x0, 0x78, 0x50, 0x0, 0x0, 0x0, 0x0, 0x0,
    0x1e, 0x40, 0x0, 0x0, 0x0, 0x0, 0x0, 0x5f,
    0x0, 0x0, 0x0, 0x0, 0x0, 0x0, 0xaa, 0x0,
    0x0, 0x0, 0x0, 0x0, 0x3a, 0xa7, 0x30, 0x0,
    0x0, 0x0, 0x0, 0x37, 0xaa, 0x75, 0x50, 0x0,
    0x0, 0x0, 0x5c, 0xa0, 0xa, 0xff, 0x55, 0x55,
    0x55, 0x3f, 0x50, 0x0, 0x0, 0xf, 0xff, 0xff,
    0xfa,

    /* U+4E50 "乐" */
    0x0, 0x0, 0x0, 0x0, 0xe, 0xff, 0xf1, 0x0,
    0xaf, 0xff, 0xff, 0xff, 0x95, 0x55, 0x0, 0xa,
    0xc5, 0x55, 0x55, 0x51, 0x0, 0x0, 0x0, 0xaa,
    0x0, 0x3, 0xa0, 0x0, 0x0, 0x0, 0xa, 0xa0,
    0x0, 0x5f, 0x0, 0x0, 0x0, 0xc, 0x40, 0x0,
    0x5, 0xf0, 0x0, 0x0, 0x0, 0xfa, 0x77, 0x77,
    0xaf, 0x77, 0x77, 0x77, 0x3e, 0xee, 0xee, 0xee,
    0xfe, 0xee, 0xee, 0xe6, 0x0, 0x0, 0x0, 0x5f,
    0x0, 0x0, 0x0, 0x0, 0x5, 0xf0, 0x5, 0xf0,
    0x9, 0xc0, 0x0, 0x7, 0x85, 0x0, 0x5f, 0x0,
    0x26, 0xa1, 0x5, 0x87, 0x0, 0x5, 0xf0, 0x0,
    0x2a, 0x52, 0xf5, 0x0, 0x55, 0x8f, 0x0, 0x0,
    0xe, 0x70, 0x0, 0xf, 0xff, 0xf0, 0x0, 0x0,
    0x0,

    /* U+4E5F "也" */
    0x0, 0x0, 0x0, 0x5f, 0x0, 0x0, 0x0, 0x0,
    0x5, 0xf0, 0x5, 0xf0, 0x0, 0x0, 0x0, 0x0,
    0x5f, 0x0, 0x5f, 0x0, 0x3a, 0xa3, 0x0, 0x5,
    0xf0, 0x5, 0xf3, 0x36, 0xcf, 0x50, 0x0, 0x5f,
    0x0, 0x5f, 0xff, 0xa0, 0xf5, 0x0, 0x5, 0xfd,
    0xde, 0xf2, 0x21, 0xf, 0x50, 0x77, 0xaf, 0x88,
    0xaf, 0x0, 0x0, 0xf5, 0xe, 0xee, 0xf0, 0x5,
    0xf0, 0x0, 0x1f, 0x50, 0x0, 0x5f, 0x0, 0x5f,
    0x0, 0x5f, 0xf5, 0x0, 0x5, 0xf0, 0x5, 0xf0,
    0x1, 0x44, 0x10, 0x0, 0x5f, 0x0, 0x3a, 0x0,
    0x0, 0xa, 0xa0, 0x5, 0xf0, 0x0, 0x0, 0x0,
    0x0, 0xaa, 0x0, 0x5f, 0x55, 0x55, 0x55, 0x55,
    0x5c, 0xa0, 0x0, 0xf, 0xff, 0xff, 0xff, 0xff,
    0xfa,

    /* U+4E66 "书" */
    0x0, 0x0, 0xe, 0x70, 0x0, 0x9c, 0x0, 0x0,
    0x0, 0x0, 0xe7, 0x0, 0x3, 0x6a, 0x0, 0x5,
    0x77, 0x7f, 0xb7, 0x77, 0x77, 0x80, 0x0, 0xae,
    0xee, 0xff, 0xee, 0xef, 0xc0, 0x0, 0x0, 0x0,
    0xe, 0x70, 0x0, 0x9c, 0x0, 0x0, 0x0, 0x0,
    0xe7, 0x0, 0x9, 0xc0, 0x0, 0x77, 0x77, 0x7f,
    0xb7, 0x77, 0xcd, 0x77, 0x3e, 0xee, 0xee, 0xff,
    0xee, 0xee, 0xee, 0xf6, 0x0, 0x0, 0xe, 0x70,
    0x0, 0x0, 0xe, 0x60, 0x0, 0x0, 0xe7, 0x0,
    0x0, 0x0, 0xe6, 0x0, 0x0, 0xe, 0x70, 0x0,
    0x0, 0xe, 0x60, 0x0, 0x0, 0xe7, 0x0, 0x3,
    0x55, 0xa4, 0x0, 0x0, 0xe, 0x70, 0x0, 0x9f,
    0xf1, 0x0, 0x0, 0x0, 0xe7, 0x0, 0x0, 0x0,
    0x0,

    /* U+4E86 "了" */
    0xaf, 0xff, 0xff, 0xff, 0xff, 0xff, 0x53, 0x55,
    0x55, 0x55, 0x55, 0x55, 0xf5, 0x0, 0x0, 0x0,
    0x0, 0x1, 0x5a, 0x30, 0x0, 0x0, 0x0, 0x3,
    0x7a, 0x0, 0x0, 0x0, 0x0, 0x5, 0xca, 0x0,
    0x0, 0x0, 0x0, 0x0, 0xf5, 0x0, 0x0, 0x0,
    0x0, 0x0, 0xf, 0x50, 0x0, 0x0, 0x0, 0x0,
    0x0, 0xf5, 0x0, 0x0, 0x0, 0x0, 0x0, 0xf,
    0x50, 0x0, 0x0, 0x0, 0x0, 0x0, 0xf5, 0x0,
    0x0, 0x0, 0x0, 0x0, 0xf, 0x50, 0x0, 0x0,
    0x0, 0x0, 0x0, 0xf5, 0x0, 0x0, 0x0, 0x0,
    0x35, 0x5f, 0x50, 0x0, 0x0, 0x0, 0xa, 0xff,
    0xf5, 0x0, 0x0,

    /* U+4E8B "事" */
    0x0, 0x0, 0x0, 0x5f, 0x0, 0x0, 0x0, 0xf,
    0xff, 0xff, 0xff, 0xff, 0xff, 0xff, 0xfa, 0x55,
    0x8f, 0x55, 0x8f, 0x55, 0x8f, 0x55, 0x30, 0x5,
    0xf0, 0x5, 0xf0, 0x5, 0xf0, 0x0, 0x0, 0x5f,
    0x0, 0x5f, 0x0, 0x5f, 0x0, 0x0, 0xaf, 0xff,
    0xff, 0xff, 0xff, 0xff, 0x50, 0x3, 0x55, 0x55,
    0x8f, 0x55, 0x55, 0xf5, 0x5, 0x55, 0x55, 0x58,
    0xf5, 0x55, 0x5f, 0x83, 0xff, 0xff, 0xff, 0xff,
    0xff, 0xff, 0xff, 0xa0, 0x0, 0x0, 0x5, 0xf0,
    0x0, 0xf, 0x50, 0x4, 0x77, 0x77, 0xaf, 0x77,
    0x77, 0xf5, 0x0, 0x9e, 0xee, 0xee, 0xfe, 0xee,
    0xee, 0x40, 0x0, 0x0, 0x55, 0x8f, 0x0, 0x0,
    0x0, 0x0, 0x0, 0xf, 0xff, 0xf0, 0x0, 0x0,
    0x0,

    /* U+4E8C "二" */
    0xa, 0xff, 0xff, 0xff, 0xff, 0xff, 0xf5, 0x0,
    0x35, 0x55, 0x55, 0x55, 0x55, 0x55, 0x10, 0x0,
    0x0, 0x0, 0x0, 0x0, 0x0, 0x0, 0x0, 0x0,
    0x0, 0x0, 0x0, 0x0, 0x0, 0x0, 0x0, 0x0,
    0x0, 0x0, 0x0, 0x0, 0x0, 0x0, 0x0, 0x0,
    0x0, 0x0, 0x0, 0x0, 0x0, 0x0, 0x0, 0x0,
    0x0, 0x0, 0x0, 0x0, 0x0, 0x0, 0x0, 0x0,
    0x0, 0x0, 0x0, 0x0, 0x0, 0x0, 0x0, 0x0,
    0x0, 0x0, 0x0, 0x0, 0x0, 0x0, 0x0, 0x0,
    0x0, 0x0, 0x0, 0x55, 0x55, 0x55, 0x55, 0x55,
    0x55, 0x55, 0x3f, 0xff, 0xff, 0xff, 0xff, 0xff,
    0xff, 0xfa,

    /* U+4E8E "于" */
    0xa, 0xff, 0xff, 0xff, 0xff, 0xff, 0xf5, 0x0,
    0x35, 0x55, 0x58, 0xf5, 0x55, 0x55, 0x10, 0x0,
    0x0, 0x0, 0x5f, 0x0, 0x0, 0x0, 0x0, 0x0,
    0x0, 0x5, 0xf0, 0x0, 0x0, 0x0, 0x0, 0x0,
    0x0, 0x5f, 0x0, 0x0, 0x0, 0x0, 0x0, 0x0,
    0x5, 0xf0, 0x0, 0x0, 0x0, 0x77, 0x77, 0x77,
    0xaf, 0x77, 0x77, 0x77, 0x4e, 0xee, 0xee, 0xee,
    0xfe, 0xee, 0xee, 0xe9, 0x0, 0x0, 0x0, 0x5f,
    0x0, 0x0, 0x0, 0x0, 0x0, 0x0, 0x5, 0xf0,
    0x0, 0x0, 0x0, 0x0, 0x0, 0x0, 0x5f, 0x0,
    0x0, 0x0, 0x0, 0x0, 0x0, 0x5, 0xf0, 0x0,
    0x0, 0x0, 0x0, 0x0, 0x55, 0x8f, 0x0, 0x0,
    0x0, 0x0, 0x0, 0xf, 0xff, 0xf0, 0x0, 0x0,
    0x0,

    /* U+4E91 "云" */
    0xa, 0xff, 0xff, 0xff, 0xff, 0xff, 0xf5, 0x0,
    0x35, 0x55, 0x55, 0x55, 0x55, 0x55, 0x10, 0x0,
    0x0, 0x0, 0x0, 0x0, 0x0, 0x0, 0x0, 0x0,
    0x0, 0x0, 0x0, 0x0, 0x0, 0x0, 0x0, 0x0,
    0x0, 0x0, 0x0, 0x0, 0x0, 0xf, 0xff, 0xff,
    0xff, 0xff, 0xff, 0xff, 0xfa, 0x55, 0x55, 0x5c,
    0xc5, 0x55, 0x55, 0x55, 0x30, 0x0, 0x0, 0xaa,
    0x0, 0x0, 0x0, 0x0, 0x0, 0x0, 0xa, 0xa0,
    0x0, 0x0, 0x0, 0x0, 0x0, 0xf, 0x50, 0x0,
    0x5, 0xf0, 0x0, 0x0, 0x0, 0xf5, 0x0, 0x0,
    0x5f, 0x0, 0x0, 0x1, 0x5a, 0x30, 0x5, 0x57,
    0xa5, 0x10, 0x3, 0x8f, 0x55, 0x55, 0xff, 0xa0,
    0xf5, 0x0, 0xaf, 0xff, 0xff, 0xf0, 0x0, 0xf,
    0x50,

    /* U+4E92 "互" */
    0xff, 0xff, 0xff, 0xff, 0xff, 0xff, 0xff, 0xa5,
    0x55, 0x5f, 0x85, 0x55, 0x55, 0x55, 0x53, 0x0,
    0x0, 0xf5, 0x0, 0x0, 0x0, 0x0, 0x0, 0x0,
    0xf, 0x73, 0x33, 0x33, 0x33, 0x10, 0x0, 0x0,
    0xff, 0xff, 0xff, 0xff, 0xf5, 0x0, 0x5, 0xf0,
    0x0, 0x0, 0x0, 0xf, 0x50, 0x0, 0x5f, 0x0,
    0x0, 0x0, 0x3a, 0x51, 0x0, 0x37, 0xa0, 0x0,
    0x0, 0x5, 0xf0, 0x0, 0xa, 0xa0, 0x0, 0x0,
    0x0, 0x5f, 0x0, 0x0, 0xaf, 0xff, 0xff, 0xff,
    0xfa, 0x0, 0x0, 0x3, 0x55, 0x55, 0x55, 0x5c,
    0xa0, 0x0, 0x0, 0x0, 0x0, 0x0, 0x0, 0xaa,
    0x0, 0x0, 0x55, 0x55, 0x55, 0x55, 0x5c, 0xc5,
    0x55, 0x3f, 0xff, 0xff, 0xff, 0xff, 0xff, 0xff,
    0xfa,

    /* U+4E94 "五" */
    0xa, 0xff, 0xff, 0xff, 0xff, 0xff, 0xf5, 0x0,
    0x35, 0x55, 0xcc, 0x55, 0x55, 0x55, 0x10, 0x0,
    0x0, 0xa, 0xa0, 0x0, 0x0, 0x0, 0x0, 0x0,
    0x0, 0xaa, 0x0, 0x0, 0x0, 0x0, 0x0, 0x0,
    0xa, 0xa0, 0x0, 0x0, 0x0, 0x0, 0xaf, 0xff,
    0xff, 0xff, 0xff, 0xf0, 0x0, 0x3, 0x55, 0xf8,
    0x55, 0x55, 0x8f, 0x0, 0x0, 0x0, 0xf, 0x50,
    0x0, 0x5, 0xf0, 0x0, 0x0, 0x0, 0xf5, 0x0,
    0x0, 0x5f, 0x0, 0x0, 0x0, 0xf, 0x50, 0x0,
    0x5, 0xf0, 0x0, 0x0, 0x5f, 0x51, 0x0, 0x0,
    0x5f, 0x0, 0x0, 0x5, 0xf0, 0x0, 0x0, 0x5,
    0xf0, 0x0, 0x55, 0x8f, 0x55, 0x55, 0x55, 0x8f,
    0x55, 0x3f, 0xff, 0xff, 0xff, 0xff, 0xff, 0xff,
    0xfa,

    /* U+4E9A "亚" */
    0xff, 0xff, 0xff, 0xff, 0xff, 0xff, 0xff, 0xa5,
    0x55, 0x5f, 0x85, 0x55, 0xcc, 0x55, 0x53, 0x0,
    0x0, 0xf5, 0x0, 0xa, 0xa0, 0x0, 0x0, 0x0,
    0xf, 0x50, 0x0, 0xaa, 0x0, 0x0, 0x0, 0x0,
    0xf5, 0x0, 0xa, 0xa0, 0x0, 0xf, 0x50, 0xf,
    0x50, 0x0, 0xaa, 0x0, 0xaa, 0xf5, 0x0, 0xf5,
    0x0, 0xa, 0xa0, 0xa, 0xa7, 0x85, 0xf, 0x50,
    0x0, 0xaa, 0x8, 0x74, 0xa, 0xa0, 0xf5, 0x0,
    0xa, 0xa0, 0xf5, 0x0, 0xaa, 0xf, 0x50, 0x0,
    0xaa, 0xf, 0x50, 0x1, 0x10, 0xf5, 0x0, 0xa,
    0xa0, 0x10, 0x0, 0x0, 0xf, 0x50, 0x0, 0xaa,
    0x0, 0x0, 0x55, 0x55, 0xf8, 0x55, 0x5c, 0xc5,
    0x55, 0x3f, 0xff, 0xff, 0xff, 0xff, 0xff, 0xff,
    0xfa,

    /* U+4EA4 "交" */
    0x0, 0x0, 0x0, 0x5f, 0x0, 0x0, 0x0, 0xf,
    0xff, 0xff, 0xff, 0xff, 0xff, 0xff, 0xfa, 0x55,
    0x55, 0x55, 0x55, 0x55, 0x55, 0x55, 0x30, 0x0,
    0x5, 0x10, 0x0, 0x33, 0x0, 0x0, 0x0, 0x0,
    0xf5, 0x0, 0xa, 0xa0, 0x0, 0x0, 0x5, 0xf0,
    0x0, 0x0, 0x5, 0xf0, 0x0, 0x77, 0x78, 0x72,
    0x0, 0x4, 0x78, 0x77, 0x4e, 0xe9, 0xe, 0x51,
    0x1, 0x99, 0xe, 0xe9, 0x0, 0x0, 0xa, 0xa0,
    0xf5, 0x0, 0x0, 0x0, 0x0, 0x0, 0x5, 0xf0,
    0x0, 0x0, 0x0, 0x0, 0x0, 0x7, 0x85, 0xa3,
    0x0, 0x0, 0x0, 0x1, 0x55, 0x87, 0xa, 0x75,
    0x50, 0x0, 0x55, 0x8f, 0xf5, 0x0, 0xa, 0xff,
    0x55, 0x3f, 0xfa, 0x0, 0x0, 0x0, 0x0, 0xf,
    0xfa,

    /* U+4EAC "京" */
    0x0, 0x0, 0x0, 0x5f, 0x0, 0x0, 0x0, 0xf,
    0xff, 0xff, 0xff, 0xff, 0xff, 0xff, 0xfa, 0x55,
    0x55, 0x55, 0x55, 0x55, 0x55, 0x55, 0x30, 0x35,
    0x55, 0x55, 0x55, 0x55, 0x55, 0x10, 0xa, 0xff,
    0xff, 0xff, 0xff, 0xff, 0xf5, 0x0, 0xaa, 0x0,
    0x0, 0x0, 0x0, 0xf, 0x50, 0xa, 0xa0, 0x0,
    0x0, 0x0, 0x0, 0xf5, 0x0, 0xac, 0x55, 0x55,
    0x55, 0x55, 0x5f, 0x50, 0xa, 0xff, 0xff, 0xff,
    0xff, 0xff, 0xf5, 0x0, 0x0, 0x0, 0x5, 0xf0,
    0x0, 0x0, 0x0, 0x0, 0x3a, 0x0, 0x5f, 0x0,
    0x3a, 0x0, 0x5, 0x57, 0xa0, 0x5, 0xf0, 0x3,
    0xa5, 0x53, 0xff, 0xa0, 0x55, 0x8f, 0x0, 0x0,
    0xff, 0xa0, 0x0, 0xf, 0xff, 0xf0, 0x0, 0x0,
    0x0,

    /* U+4EAE "亮" */
    0x0, 0x0, 0x0, 0x5f, 0x0, 0x0, 0x0, 0xf,
    0xff, 0xff, 0xff, 0xff, 0xff, 0xff, 0xfa, 0x55,
    0x8f, 0x55, 0x55, 0x55, 0x8f, 0x55, 0x30, 0x5,
    0xf5, 0x55, 0x55, 0x58, 0xf0, 0x0, 0x0, 0x5f,
    0xff, 0xff, 0xff, 0xff, 0x0, 0x0, 0x0, 0x0,
    0x0, 0x0, 0x0, 0x0, 0x0, 0x77, 0x77, 0x77,
    0x77, 0x77, 0x77, 0x77, 0x4f, 0xee, 0xee, 0xee,
    0xee, 0xee, 0xee, 0xfa, 0xf5, 0x0, 0x0, 0x0,
    0x0, 0x0, 0xa, 0xa3, 0x10, 0xf, 0xff, 0xff,
    0xfa, 0x0, 0x22, 0x0, 0x0, 0xf8, 0x55, 0x5c,
    0xa0, 0x0, 0x0, 0x1, 0x5a, 0x30, 0x0, 0xaa,
    0x0, 0x33, 0x55, 0x8f, 0x0, 0x0, 0xa, 0xc5,
    0x5c, 0xaf, 0xfa, 0x0, 0x0, 0x0, 0xaf, 0xff,
    0xfa,

    /* U+4EC0 "什" */
    0x0, 0x0, 0xf1, 0x0, 0xe, 0x70, 0x0, 0x0,
    0x0, 0xf, 0x10, 0x0, 0xe7, 0x0, 0x0, 0x0,
    0x5f, 0xa1, 0x0, 0xe, 0x70, 0x0, 0x0, 0x5,
    0xf0, 0x0, 0x0, 0xe7, 0x0, 0x0, 0x0, 0x5f,
    0x0, 0x0, 0xe, 0x70, 0x0, 0x0, 0xaf, 0xf0,
    0xdf, 0xff, 0xff, 0xff, 0xf7, 0x78, 0xbf, 0x7,
    0x88, 0x8f, 0xc8, 0x88, 0x3e, 0x45, 0xf0, 0x0,
    0x0, 0xe7, 0x0, 0x0, 0x0, 0x5f, 0x0, 0x0,
    0xe, 0x70, 0x0, 0x0, 0x5, 0xf0, 0x0, 0x0,
    0xe7, 0x0, 0x0, 0x0, 0x5f, 0x0, 0x0, 0xe,
    0x70, 0x0, 0x0, 0x5, 0xf0, 0x0, 0x0, 0xe7,
    0x0, 0x0, 0x0, 0x5f, 0x0, 0x0, 0xe, 0x70,
    0x0, 0x0, 0x5, 0xf0, 0x0, 0x0, 0xe7, 0x0,
    0x0,

    /* U+4EC5 "仅" */
    0x0, 0x8, 0xc0, 0xef, 0xff, 0xff, 0xff, 0xf6,
    0x0, 0x8, 0xc0, 0xe9, 0x55, 0x55, 0x55, 0xf6,
    0x0, 0xec, 0x80, 0xe6, 0x0, 0x0, 0x0, 0xe6,
    0x0, 0xe7, 0x0, 0xe6, 0x0, 0x0, 0x0, 0xe6,
    0x0, 0xe7, 0x0, 0xe6, 0x0, 0x0, 0x0, 0xe6,
    0x2a, 0xf7, 0x0, 0x48, 0x80, 0x0, 0xa, 0x52,
    0x18, 0xf7, 0x0, 0x9, 0xc0, 0x0, 0x1f, 0x10,
    0x0, 0xe7, 0x0, 0x9, 0xc0, 0x0, 0x1f, 0x10,
    0x0, 0xe7, 0x0, 0x9, 0xc0, 0x0, 0x1f, 0x10,
    0x0, 0xe7, 0x0, 0x0, 0x3f, 0x16, 0xe0, 0x0,
    0x0, 0xe7, 0x0, 0x0, 0x15, 0xa8, 0x40, 0x0,
    0x0, 0xe7, 0x0, 0x0, 0x15, 0xa8, 0x40, 0x0,
    0x0, 0xe7, 0x0, 0x45, 0x7f, 0x16, 0xf5, 0x52,
    0x0, 0xe7, 0x0, 0xef, 0xc0, 0x0, 0x1f, 0xf6,

    /* U+4ECA "今" */
    0x0, 0x0, 0x0, 0x8f, 0x0, 0x0, 0x0, 0x0,
    0x0, 0x0, 0x97, 0x5a, 0x30, 0x0, 0x0, 0x0,
    0x27, 0x78, 0x30, 0x87, 0x77, 0x0, 0x1, 0x15,
    0xee, 0x10, 0x0, 0x9e, 0xe1, 0x11, 0xff, 0xa0,
    0x0, 0x0, 0x0, 0x0, 0xff, 0xa0, 0x0, 0x0,
    0x8, 0xf0, 0x0, 0x0, 0x0, 0x0, 0x0, 0x0,
    0x25, 0xa3, 0x0, 0x0, 0x0, 0x35, 0x55, 0x55,
    0x5f, 0x85, 0x55, 0x10, 0xa, 0xff, 0xff, 0xff,
    0xff, 0xff, 0xf5, 0x0, 0x0, 0x0, 0x0, 0x0,
    0x5, 0xf0, 0x0, 0x0, 0x0, 0x0, 0x0, 0x7,
    0x85, 0x0, 0x0, 0x0, 0x0, 0x0, 0x5, 0x87,
    0x0, 0x0, 0x0, 0x0, 0x0, 0x25, 0xf5, 0x0,
    0x0, 0x0, 0x0, 0x0, 0x8, 0xf0, 0x0, 0x0,
    0x0,

    /* U+4ECD "仍" */
    0x0, 0x8, 0xc0, 0xef, 0xff, 0xff, 0xff, 0x10,
    0x0, 0x8, 0xc0, 0x49, 0xf5, 0x55, 0x7f, 0x10,
    0x0, 0xec, 0x80, 0x6, 0xe0, 0x0, 0x4f, 0x10,
    0x0, 0xe7, 0x0, 0x6, 0xe0, 0x3, 0x7f, 0x10,
    0x0, 0xe7, 0x0, 0x6, 0xe0, 0x9, 0xc0, 0x0,
    0x3f, 0xf7, 0x0, 0x6, 0xe0, 0x9, 0xff, 0xf6,
    0x15, 0xe7, 0x0, 0x6, 0xe0, 0x3, 0x55, 0xf6,
    0x0, 0xe7, 0x0, 0x6, 0xe0, 0x0, 0x0, 0xe6,
    0x0, 0xe7, 0x0, 0x6, 0xe0, 0x0, 0x0, 0xe6,
    0x0, 0xe7, 0x0, 0x6, 0xe0, 0x0, 0x0, 0xe6,
    0x0, 0xe7, 0x0, 0x9a, 0x90, 0x0, 0x0, 0xe6,
    0x0, 0xe7, 0x0, 0xe9, 0x0, 0x0, 0x0, 0xe6,
    0x0, 0xe7, 0x15, 0xe9, 0x0, 0x3, 0x55, 0xf6,
    0x0, 0xe7, 0x3f, 0x10, 0x0, 0x9, 0xff, 0x10,

    /* U+4ECE "从" */
    0x0, 0x0, 0xf1, 0x0, 0xa, 0xa0, 0x0, 0x0,
    0x0, 0xf, 0x10, 0x0, 0xaa, 0x0, 0x0, 0x0,
    0x0, 0xf1, 0x0, 0xa, 0xa0, 0x0, 0x0, 0x0,
    0xf, 0x10, 0x0, 0xaa, 0x0, 0x0, 0x0, 0x0,
    0xf1, 0x0, 0xa, 0xa0, 0x0, 0x0, 0x0, 0xf,
    0x10, 0x0, 0xaa, 0x0, 0x0, 0x0, 0x15, 0xa6,
    0x20, 0x58, 0x85, 0x0, 0x0, 0x5, 0xf0, 0xe7,
    0xf, 0x55, 0xf0, 0x0, 0x0, 0x5f, 0xe, 0x70,
    0xf5, 0x5f, 0x0, 0x0, 0x5, 0xf0, 0xe7, 0xf,
    0x55, 0xf0, 0x0, 0x7, 0x85, 0x4, 0x8a, 0x51,
    0x15, 0xa1, 0x0, 0xaa, 0x0, 0x8, 0xf0, 0x0,
    0xf, 0x10, 0x5c, 0xa0, 0x4, 0xbf, 0x0, 0x0,
    0xf6, 0x2f, 0x50, 0x0, 0xe7, 0x0, 0x0, 0x0,
    0xe7,

    /* U+4ED6 "他" */
    0x0, 0x8, 0xc0, 0x0, 0x0, 0xe6, 0x0, 0x0,
    0x0, 0x8, 0xc0, 0xe6, 0x0, 0xe6, 0x0, 0x0,
    0x0, 0xec, 0x70, 0xe6, 0x0, 0xe6, 0x4f, 0xf6,
    0x0, 0xe7, 0x0, 0xe6, 0x29, 0xfb, 0x87, 0xf6,
    0x1, 0xe7, 0x1, 0xe7, 0x4e, 0xfe, 0xa0, 0xe6,
    0x3f, 0xf7, 0x4f, 0xff, 0xc0, 0xe6, 0x0, 0xe6,
    0x15, 0xe7, 0x15, 0xf9, 0x30, 0xe6, 0x0, 0xe6,
    0x0, 0xe7, 0x0, 0xe6, 0x0, 0xe6, 0x3, 0xf6,
    0x0, 0xe7, 0x0, 0xe6, 0x0, 0xe6, 0x4f, 0xf6,
    0x0, 0xe7, 0x0, 0xe6, 0x0, 0xe6, 0x3, 0x31,
    0x0, 0xe7, 0x0, 0xe6, 0x0, 0x94, 0x0, 0xe6,
    0x0, 0xe7, 0x0, 0xe6, 0x0, 0x0, 0x0, 0xe6,
    0x0, 0xe7, 0x0, 0xe9, 0x55, 0x55, 0x55, 0xf6,
    0x0, 0xe7, 0x0, 0x9, 0xff, 0xff, 0xff, 0xf6,

    /* U+4EE5 "以" */
    0x0, 0x0, 0x0, 0x0, 0x6, 0xe0, 0x0, 0xe7,
    0x0, 0xb9, 0x0, 0x6, 0xe0, 0x0, 0xe7, 0x0,
    0x47, 0x70, 0x6, 0xe0, 0x0, 0xe7, 0x0, 0x6,
    0xc0, 0x6, 0xe0, 0x0, 0xe7, 0x0, 0x6, 0xc0,
    0x6, 0xe0, 0x0, 0xe7, 0x0, 0x1, 0x20, 0x6,
    0xe0, 0x0, 0xe7, 0x0, 0x0, 0x0, 0x6, 0xe0,
    0x0, 0xe7, 0x0, 0x0, 0x0, 0x6, 0xe0, 0x0,
    0xe7, 0x0, 0xb9, 0x0, 0xe9, 0x0, 0x0, 0xe7,
    0xc, 0x62, 0x0, 0xe9, 0x0, 0x0, 0xeb, 0x68,
    0x20, 0x18, 0x88, 0x70, 0x0, 0xed, 0x90, 0x1,
    0x5c, 0x14, 0xb4, 0x0, 0xe7, 0x5, 0x59, 0xc0,
    0x0, 0x1f, 0x62, 0x0, 0x1f, 0xf9, 0x0, 0x0,
    0x0, 0xe6,

    /* U+4EF6 "件" */
    0x0, 0x8, 0xe0, 0xc9, 0x0, 0xb9, 0x0, 0x0,
    0x0, 0x8, 0xe0, 0xc9, 0x0, 0xb9, 0x0, 0x0,
    0x0, 0xec, 0x90, 0xcc, 0x77, 0xdc, 0x77, 0x74,
    0x0, 0xe7, 0x1, 0xbe, 0xee, 0xff, 0xee, 0xe8,
    0x0, 0xe7, 0x1f, 0x40, 0x0, 0xb9, 0x0, 0x0,
    0x3f, 0xf7, 0x0, 0x0, 0x0, 0xb9, 0x0, 0x0,
    0x15, 0xe7, 0x0, 0x0, 0x0, 0xb9, 0x0, 0x0,
    0x0, 0xe7, 0x5, 0x55, 0x55, 0xdb, 0x55, 0x53,
    0x0, 0xe7, 0x1f, 0xff, 0xff, 0xff, 0xff, 0xf9,
    0x0, 0xe7, 0x0, 0x0, 0x0, 0xb9, 0x0, 0x0,
    0x0, 0xe7, 0x0, 0x0, 0x0, 0xb9, 0x0, 0x0,
    0x0, 0xe7, 0x0, 0x0, 0x0, 0xb9, 0x0, 0x0,
    0x0, 0xe7, 0x0, 0x0, 0x0, 0xb9, 0x0, 0x0,
    0x0, 0xe7, 0x0, 0x0, 0x0, 0xb9, 0x0, 0x0,

    /* U+4EFB "任" */
    0x0, 0x8, 0xe0, 0x0, 0x0, 0x6, 0xff, 0x40,
    0x0, 0x8, 0xe0, 0xcf, 0xff, 0xf9, 0x0, 0x0,
    0x0, 0xea, 0x40, 0x35, 0x55, 0xd9, 0x0, 0x0,
    0x0, 0xe7, 0x0, 0x0, 0x0, 0xb9, 0x0, 0x0,
    0x0, 0xe7, 0x0, 0x0, 0x0, 0xb9, 0x0, 0x0,
    0x3f, 0xf7, 0x0, 0x0, 0x0, 0xb9, 0x0, 0x0,
    0x18, 0xf7, 0x7, 0x77, 0x77, 0xdc, 0x77, 0x74,
    0x0, 0xe7, 0x1e, 0xee, 0xee, 0xff, 0xee, 0xe8,
    0x0, 0xe7, 0x0, 0x0, 0x0, 0xb9, 0x0, 0x0,
    0x0, 0xe7, 0x0, 0x0, 0x0, 0xb9, 0x0, 0x0,
    0x0, 0xe7, 0x0, 0x0, 0x0, 0xb9, 0x0, 0x0,
    0x0, 0xe7, 0x0, 0x0, 0x0, 0xb9, 0x0, 0x0,
    0x0, 0xe7, 0x0, 0x35, 0x55, 0xdb, 0x55, 0x10,
    0x0, 0xe7, 0x0, 0xcf, 0xff, 0xff, 0xff, 0x40,

    /* U+4EFD "份" */
    0x0, 0x8, 0xc0, 0x6, 0xe0, 0x9, 0xc0, 0x0,
    0x0, 0x8, 0xc0, 0x6, 0xe0, 0x9, 0xc0, 0x0,
    0x0, 0xec, 0x80, 0x9a, 0x90, 0x6, 0xaa, 0x0,
    0x0, 0xe7, 0x0, 0xe9, 0x0, 0x0, 0x4f, 0x10,
    0x0, 0xe7, 0x0, 0xe9, 0x0, 0x0, 0x4f, 0x10,
    0x3f, 0xf7, 0x3f, 0x10, 0x0, 0x0, 0x0, 0xe6,
    0x18, 0xf7, 0x18, 0x77, 0x77, 0x77, 0x77, 0x83,
    0x0, 0xe7, 0x0, 0xce, 0xfe, 0xee, 0xef, 0x10,
    0x0, 0xe7, 0x0, 0x6, 0xe0, 0x0, 0x4f, 0x10,
    0x0, 0xe7, 0x0, 0x6, 0xe0, 0x0, 0x4f, 0x10,
    0x0, 0xe7, 0x0, 0x99, 0x80, 0x0, 0x4f, 0x10,
    0x0, 0xe7, 0x0, 0xe9, 0x0, 0x0, 0x4f, 0x10,
    0x0, 0xe7, 0x15, 0xe9, 0x0, 0x45, 0x7f, 0x10,
    0x0, 0xe7, 0x3f, 0x10, 0x0, 0xef, 0xc0, 0x0,

    /* U+4F18 "优" */
    0x0, 0x8, 0xe0, 0x0, 0x1f, 0x46, 0xe0, 0x0,
    0x0, 0x8, 0xe0, 0x0, 0x1f, 0x42, 0x6f, 0x40,
    0x0, 0xea, 0x40, 0x0, 0x1f, 0x40, 0x5, 0x10,
    0x0, 0xe7, 0x8, 0x88, 0x8f, 0xa8, 0x88, 0x84,
    0x0, 0xe7, 0x1f, 0xff, 0xff, 0xff, 0xff, 0xf9,
    0x3f, 0xf7, 0x0, 0x0, 0x1f, 0x40, 0x0, 0x0,
    0x15, 0xe7, 0x0, 0x2, 0x5a, 0x63, 0x0, 0x0,
    0x0, 0xe7, 0x0, 0x6, 0xe0, 0xb9, 0x0, 0x0,
    0x0, 0xe7, 0x0, 0x6, 0xe0, 0xb9, 0x0, 0x0,
    0x0, 0xe7, 0x0, 0x6, 0xe0, 0xb9, 0x0, 0x0,
    0x0, 0xe7, 0x0, 0x88, 0x40, 0xb9, 0x0, 0x76,
    0x0, 0xe7, 0x0, 0xc9, 0x0, 0xb9, 0x0, 0xb9,
    0x0, 0xe7, 0x5, 0xd9, 0x0, 0xbb, 0x55, 0xd9,
    0x0, 0xe7, 0x1f, 0x40, 0x0, 0xbf, 0xff, 0xf9,

    /* U+4F1A "会" */
    0x0, 0x0, 0x0, 0x5f, 0x0, 0x0, 0x0, 0x0,
    0x0, 0x0, 0x78, 0x5a, 0x30, 0x0, 0x0, 0x0,
    0x27, 0x78, 0x50, 0x87, 0x77, 0x0, 0x1, 0x15,
    0xee, 0x40, 0x0, 0x9e, 0xe1, 0x11, 0xff, 0xa0,
    0x0, 0x0, 0x0, 0x0, 0xff, 0xa0, 0x5, 0xff,
    0xff, 0xff, 0xff, 0xf0, 0x0, 0x0, 0x15, 0x55,
    0x55, 0x55, 0x55, 0x0, 0x0, 0x0, 0x0, 0x0,
    0x0, 0x0, 0x0, 0x0, 0x0, 0x0, 0x0, 0x0,
    0x0, 0x0, 0x0, 0xf, 0xff, 0xff, 0xff, 0xff,
    0xff, 0xff, 0xfa, 0x55, 0x55, 0xf8, 0x55, 0x55,
    0x55, 0x55, 0x30, 0x1, 0x5a, 0x30, 0x0, 0x1,
    0x50, 0x0, 0x3, 0x8f, 0x55, 0x55, 0x55, 0x8f,
    0x51, 0x0, 0xaf, 0xff, 0xff, 0xff, 0xfa, 0xf,
    0x50,

    /* U+4F34 "伴" */
    0x0, 0x8, 0xe0, 0x0, 0x0, 0xb9, 0x0, 0x0,
    0x0, 0x8, 0xe0, 0x86, 0x0, 0xb9, 0x0, 0x76,
    0x0, 0xec, 0x90, 0x79, 0x60, 0xb9, 0x7, 0x96,
    0x0, 0xe7, 0x0, 0x5, 0xd0, 0xb9, 0x1e, 0x30,
    0x0, 0xe7, 0x0, 0x0, 0x0, 0xb9, 0x0, 0x0,
    0x3f, 0xf7, 0x0, 0xcf, 0xff, 0xff, 0xff, 0xf9,
    0x15, 0xe7, 0x0, 0x35, 0x55, 0xdb, 0x55, 0x53,
    0x0, 0xe7, 0x0, 0x0, 0x0, 0xb9, 0x0, 0x0,
    0x0, 0xe7, 0x0, 0x0, 0x0, 0xb9, 0x0, 0x0,
    0x0, 0xe7, 0x1f, 0xff, 0xff, 0xff, 0xff, 0xf9,
    0x0, 0xe7, 0x5, 0x55, 0x55, 0xdb, 0x55, 0x53,
    0x0, 0xe7, 0x0, 0x0, 0x0, 0xb9, 0x0, 0x0,
    0x0, 0xe7, 0x0, 0x0, 0x0, 0xb9, 0x0, 0x0,
    0x0, 0xe7, 0x0, 0x0, 0x0, 0xb9, 0x0, 0x0,

    /* U+4F46 "但" */
    0x0, 0x8, 0xe0, 0xcf, 0xff, 0xff, 0xff, 0x40,
    0x0, 0x8, 0xe0, 0xcb, 0x55, 0x55, 0x6f, 0x40,
    0x0, 0xec, 0x90, 0xc9, 0x0, 0x0, 0x1f, 0x40,
    0x0, 0xe7, 0x0, 0xc9, 0x0, 0x0, 0x1f, 0x40,
    0x0, 0xe7, 0x0, 0xc9, 0x0, 0x0, 0x1f, 0x40,
    0x3f, 0xf7, 0x0, 0xcf, 0xff, 0xff, 0xff, 0x40,
    0x15, 0xe7, 0x0, 0xcb, 0x55, 0x55, 0x6f, 0x40,
    0x0, 0xe7, 0x0, 0xc9, 0x0, 0x0, 0x1f, 0x40,
    0x0, 0xe7, 0x0, 0xc9, 0x0, 0x0, 0x1f, 0x40,
    0x0, 0xe7, 0x0, 0xc9, 0x0, 0x0, 0x1f, 0x40,
    0x0, 0xe7, 0x0, 0xcc, 0x77, 0x77, 0x7f, 0x40,
    0x0, 0xe7, 0x0, 0xae, 0xee, 0xee, 0xee, 0x30,
    0x0, 0xe7, 0x5, 0x55, 0x55, 0x55, 0x55, 0x53,
    0x0, 0xe7, 0x1f, 0xff, 0xff, 0xff, 0xff, 0xf9,

    /* U+4F4D "位" */
    0x0, 0x8, 0xe0, 0x0, 0x1f, 0x40, 0x0, 0x0,
    0x0, 0x8, 0xe0, 0x0, 0x3, 0xa7, 0x0, 0x0,
    0x0, 0xec, 0xa7, 0x77, 0x77, 0xdc, 0x77, 0x74,
    0x0, 0xe7, 0x1e, 0xee, 0xee, 0xee, 0xee, 0xe8,
    0x0, 0xe7, 0x0, 0x0, 0x0, 0x0, 0x0, 0x0,
    0x2c, 0xf7, 0x0, 0x97, 0x0, 0x0, 0xc, 0x30,
    0x19, 0xf7, 0x0, 0xc9, 0x0, 0x0, 0x1f, 0x40,
    0x0, 0xe7, 0x0, 0xa9, 0x10, 0x0, 0x1f, 0x40,
    0x0, 0xe7, 0x0, 0x6, 0xe0, 0x0, 0x1f, 0x40,
    0x0, 0xe7, 0x0, 0x6, 0xe0, 0x5, 0xb3, 0x0,
    0x0, 0xe7, 0x0, 0x6, 0xe0, 0x6, 0xe0, 0x0,
    0x0, 0xe7, 0x0, 0x5, 0xd0, 0x7c, 0xd0, 0x0,
    0x0, 0xe7, 0x5, 0x55, 0x55, 0xdb, 0x55, 0x53,
    0x0, 0xe7, 0x1f, 0xff, 0xff, 0xff, 0xff, 0xf9,

    /* U+4F4E "低" */
    0x0, 0x8, 0xc0, 0x0, 0x0, 0x9, 0xff, 0x10,
    0x0, 0x8, 0xc0, 0x9a, 0xaa, 0xa7, 0x55, 0x0,
    0x0, 0xec, 0x80, 0xec, 0xaa, 0xf6, 0x0, 0x0,
    0x0, 0xe7, 0x0, 0xe6, 0x0, 0xe6, 0x0, 0x0,
    0x0, 0xe7, 0x0, 0xe6, 0x0, 0xe6, 0x0, 0x0,
    0x3f, 0xf7, 0x0, 0xe6, 0x0, 0xe6, 0x0, 0x0,
    0x18, 0xf7, 0x0, 0xea, 0x77, 0xfa, 0x77, 0x73,
    0x0, 0xe7, 0x0, 0xee, 0xee, 0xfe, 0xee, 0xe6,
    0x0, 0xe7, 0x0, 0xe6, 0x0, 0xe6, 0x0, 0x0,
    0x0, 0xe7, 0x0, 0xe6, 0x0, 0x9, 0xf0, 0x0,
    0x0, 0xe7, 0x0, 0xe6, 0x0, 0x9, 0xf0, 0xe6,
    0x0, 0xe7, 0x0, 0xe6, 0x15, 0x6, 0xa5, 0xf6,
    0x0, 0xe7, 0x0, 0xe8, 0x4d, 0x31, 0xd, 0xf6,
    0x0, 0xe7, 0x0, 0xef, 0xc0, 0xe6, 0x0, 0xe6,

    /* U+4F4F "住" */
    0x0, 0x8, 0xe0, 0x0, 0xa, 0x63, 0x0, 0x0,
    0x0, 0x8, 0xe0, 0x0, 0x0, 0xb9, 0x0, 0x0,
    0x0, 0xec, 0xa7, 0x77, 0x77, 0xdc, 0x77, 0x74,
    0x0, 0xe7, 0x1e, 0xee, 0xee, 0xff, 0xee, 0xe8,
    0x0, 0xe7, 0x0, 0x0, 0x0, 0xb9, 0x0, 0x0,
    0x3f, 0xf7, 0x0, 0x0, 0x0, 0xb9, 0x0, 0x0,
    0x15, 0xe7, 0x0, 0x0, 0x0, 0xb9, 0x0, 0x0,
    0x0, 0xe7, 0x0, 0x35, 0x55, 0xdb, 0x55, 0x10,
    0x0, 0xe7, 0x0, 0xcf, 0xff, 0xff, 0xff, 0x40,
    0x0, 0xe7, 0x0, 0x0, 0x0, 0xb9, 0x0, 0x0,
    0x0, 0xe7, 0x0, 0x0, 0x0, 0xb9, 0x0, 0x0,
    0x0, 0xe7, 0x0, 0x0, 0x0, 0xb9, 0x0, 0x0,
    0x0, 0xe7, 0x5, 0x55, 0x55, 0xdb, 0x55, 0x53,
    0x0, 0xe7, 0x1f, 0xff, 0xff, 0xff, 0xff, 0xf9,

    /* U+4F53 "体" */
    0x0, 0x8, 0xe0, 0x0, 0xf, 0x50, 0x0, 0x0,
    0x0, 0x8, 0xe0, 0x0, 0xf, 0x50, 0x0, 0x0,
    0x0, 0xec, 0xa7, 0x77, 0x7f, 0xa7, 0x77, 0x74,
    0x0, 0xe7, 0x1e, 0xee, 0xef, 0xee, 0xee, 0xe8,
    0x0, 0xe7, 0x0, 0x0, 0xf, 0x50, 0x0, 0x0,
    0x3e, 0xf7, 0x0, 0x4, 0xef, 0xe9, 0x0, 0x0,
    0x15, 0xe7, 0x0, 0x78, 0x5f, 0x87, 0xa0, 0x0,
    0x0, 0xe7, 0x0, 0xba, 0xf, 0x55, 0xf0, 0x0,
    0x0, 0xe7, 0x0, 0xba, 0xf, 0x55, 0xf0, 0x0,
    0x0, 0xe7, 0x1f, 0x40, 0xf, 0x50, 0xf, 0x40,
    0x0, 0xeb, 0x78, 0x77, 0x7f, 0xa7, 0x78, 0x74,
    0x0, 0xef, 0xd0, 0xae, 0xef, 0xee, 0xe0, 0xa8,
    0x0, 0xe7, 0x0, 0x0, 0xf, 0x50, 0x0, 0x0,
    0x0, 0xe7, 0x0, 0x0, 0xf, 0x50, 0x0, 0x0,

    /* U+4F55 "何" */
    0x0, 0x8, 0xc0, 0xef, 0xff, 0xff, 0xff, 0xf6,
    0x0, 0x8, 0xc0, 0x45, 0x55, 0x55, 0x7f, 0x62,
    0x0, 0xec, 0x80, 0x0, 0x0, 0x0, 0x4f, 0x10,
    0x0, 0xe7, 0x0, 0x78, 0x88, 0x83, 0x4f, 0x10,
    0x0, 0xe7, 0x0, 0xef, 0xff, 0xf6, 0x4f, 0x10,
    0x3f, 0xf7, 0x0, 0xe6, 0x0, 0xe6, 0x4f, 0x10,
    0x15, 0xe7, 0x0, 0xe6, 0x0, 0xe6, 0x4f, 0x10,
    0x0, 0xe7, 0x0, 0xe6, 0x0, 0xe6, 0x4f, 0x10,
    0x0, 0xe7, 0x0, 0xe6, 0x0, 0xe6, 0x4f, 0x10,
    0x0, 0xe7, 0x0, 0xef, 0xff, 0xf6, 0x4f, 0x10,
    0x0, 0xe7, 0x0, 0x45, 0x55, 0x52, 0x4f, 0x10,
    0x0, 0xe7, 0x0, 0x0, 0x0, 0x0, 0x4f, 0x10,
    0x0, 0xe7, 0x0, 0x0, 0x0, 0x45, 0x7f, 0x10,
    0x0, 0xe7, 0x0, 0x0, 0x0, 0xef, 0xff, 0x10,

    /* U+4F59 "余" */
    0x0, 0x0, 0xa, 0xff, 0xf5, 0x0, 0x0, 0x0,
    0x0, 0xf, 0x85, 0x55, 0xf7, 0x0, 0x0, 0x0,
    0x3a, 0x51, 0x0, 0x4, 0x8a, 0x0, 0x5, 0x57,
    0xa5, 0x55, 0x55, 0x58, 0xa5, 0x53, 0xff, 0xa0,
    0xff, 0xff, 0xff, 0x70, 0xff, 0xa0, 0x0, 0x0,
    0x5, 0xf0, 0x0, 0x0, 0x0, 0x0, 0x0, 0x0,
    0x5f, 0x0, 0x0, 0x0, 0x0, 0x35, 0x55, 0x58,
    0xf5, 0x55, 0x55, 0x10, 0xa, 0xff, 0xff, 0xff,
    0xff, 0xff, 0xf5, 0x0, 0x0, 0x0, 0x5, 0xf0,
    0x0, 0x0, 0x0, 0x0, 0x3a, 0x0, 0x5f, 0x0,
    0x5a, 0x0, 0x5, 0x57, 0xa0, 0x5, 0xf0, 0x5,
    0xa5, 0x53, 0xff, 0xa0, 0x3, 0x8f, 0x0, 0x0,
    0xff, 0xa0, 0x0, 0x0, 0xaf, 0xf0, 0x0, 0x0,
    0x0,

    /* U+4F5C "作" */
    0x0, 0x8, 0xc0, 0x6, 0xe0, 0x0, 0x0, 0x0,
    0x0, 0x8, 0xc0, 0x6, 0xe0, 0x0, 0x0, 0x0,
    0x0, 0xe7, 0x0, 0x6, 0xff, 0xff, 0xff, 0xfa,
    0x0, 0xe7, 0x0, 0x47, 0xbf, 0xca, 0xaa, 0xa7,
    0x0, 0xe7, 0x0, 0xe9, 0x1f, 0x40, 0x0, 0x0,
    0x3f, 0xf7, 0x3f, 0x10, 0x1f, 0x40, 0x0, 0x0,
    0x18, 0xf7, 0x18, 0x0, 0x1f, 0x97, 0x77, 0x74,
    0x0, 0xe7, 0x0, 0x0, 0x1f, 0xee, 0xee, 0xe9,
    0x0, 0xe7, 0x0, 0x0, 0x1f, 0x40, 0x0, 0x0,
    0x0, 0xe7, 0x0, 0x0, 0x1f, 0x40, 0x0, 0x0,
    0x0, 0xe7, 0x0, 0x0, 0x1f, 0x97, 0x77, 0x74,
    0x0, 0xe7, 0x0, 0x0, 0x1f, 0xee, 0xee, 0xe9,
    0x0, 0xe7, 0x0, 0x0, 0x1f, 0x40, 0x0, 0x0,
    0x0, 0xe7, 0x0, 0x0, 0x1f, 0x40, 0x0, 0x0,

    /* U+4F60 "你" */
    0x0, 0x8, 0xc0, 0xe9, 0x0, 0x0, 0x0, 0x0,
    0x0, 0x8, 0xc0, 0xef, 0xff, 0xff, 0xff, 0xf7,
    0x0, 0xea, 0x40, 0xeb, 0x55, 0x55, 0x55, 0xe7,
    0x0, 0xe7, 0x15, 0xa6, 0x0, 0x42, 0x0, 0xe7,
    0x0, 0xe7, 0x3f, 0x10, 0x0, 0xe6, 0x0, 0xe7,
    0x3f, 0xf7, 0x0, 0x0, 0x0, 0xe6, 0x0, 0x0,
    0x15, 0xe7, 0x0, 0x4, 0x90, 0xe6, 0x2a, 0x10,
    0x0, 0xe7, 0x0, 0x6, 0xe0, 0xe6, 0x3f, 0x10,
    0x0, 0xe7, 0x0, 0x6, 0xe0, 0xe6, 0x3f, 0x10,
    0x0, 0xe7, 0x0, 0xe9, 0x0, 0xe6, 0x0, 0xe7,
    0x0, 0xe7, 0x2a, 0x53, 0x0, 0xe6, 0x0, 0xe7,
    0x0, 0xe7, 0x2a, 0x10, 0x0, 0xe6, 0x0, 0x94,
    0x0, 0xe7, 0x0, 0x0, 0x15, 0xf6, 0x0, 0x0,
    0x0, 0xe7, 0x0, 0x0, 0x4f, 0xf6, 0x0, 0x0,

    /* U+4F7F "使" */
    0x0, 0x8, 0xe0, 0x0, 0x0, 0xe3, 0x0, 0x0,
    0x0, 0x8, 0xe0, 0xbf, 0xff, 0xff, 0xff, 0xf3,
    0x0, 0xea, 0x40, 0x35, 0x55, 0xe7, 0x55, 0x51,
    0x0, 0xe7, 0x0, 0x58, 0x88, 0xf9, 0x88, 0x81,
    0x0, 0xe7, 0x0, 0xbf, 0xff, 0xff, 0xff, 0xf3,
    0x3f, 0xf7, 0x0, 0xb9, 0x0, 0xe3, 0x1, 0xf3,
    0x15, 0xe7, 0x0, 0xb9, 0x0, 0xe3, 0x1, 0xf3,
    0x0, 0xe7, 0x0, 0xbb, 0x55, 0xe7, 0x56, 0xf3,
    0x0, 0xe7, 0x0, 0xbf, 0xff, 0xff, 0xff, 0xf3,
    0x0, 0xe7, 0x0, 0x6, 0xc0, 0xe3, 0x0, 0x0,
    0x0, 0xe7, 0x0, 0x4, 0x95, 0x92, 0x0, 0x0,
    0x0, 0xe7, 0x0, 0x2, 0x6a, 0x51, 0x0, 0x0,
    0x0, 0xe7, 0x5, 0x59, 0xc0, 0xe7, 0x55, 0x51,
    0x0, 0xe7, 0x1f, 0xf9, 0x0, 0xc, 0xff, 0xf3,

    /* U+4F8B "例" */
    0x0, 0x8, 0xff, 0xff, 0xff, 0x40, 0x0, 0xe6,
    0x0, 0x8, 0xd5, 0xeb, 0x55, 0x16, 0xe0, 0xe6,
    0x0, 0xec, 0x80, 0xe9, 0x0, 0x6, 0xe0, 0xe6,
    0x0, 0xe7, 0x0, 0xed, 0x99, 0x26, 0xe0, 0xe6,
    0x3, 0xe7, 0x3, 0xbc, 0xcf, 0x46, 0xe0, 0xe6,
    0x3f, 0xf7, 0x3f, 0x10, 0x1f, 0x46, 0xe0, 0xe6,
    0x2, 0xe7, 0x3f, 0x10, 0x1f, 0x46, 0xe0, 0xe6,
    0x0, 0xe7, 0x18, 0x74, 0x1f, 0x46, 0xe0, 0xe6,
    0x0, 0xe7, 0x0, 0xd9, 0x2f, 0x36, 0xe0, 0xe6,
    0x0, 0xe7, 0x0, 0x6, 0xe0, 0x6, 0xe0, 0xe6,
    0x0, 0xe7, 0x0, 0x6, 0xe0, 0x2, 0x40, 0xe6,
    0x0, 0xe7, 0x0, 0x47, 0x90, 0x0, 0x0, 0xe6,
    0x0, 0xe7, 0x15, 0xe9, 0x0, 0x2, 0x55, 0xf6,
    0x0, 0xe7, 0x3f, 0x10, 0x0, 0x6, 0xff, 0xf6,

    /* U+4F9B "供" */
    0x0, 0x8, 0xe0, 0x6, 0xe0, 0x6, 0xe0, 0x0,
    0x0, 0x8, 0xe0, 0x6, 0xe0, 0x6, 0xe0, 0x0,
    0x0, 0xec, 0xa7, 0x7a, 0xf7, 0x7a, 0xf7, 0x74,
    0x0, 0xe7, 0x1e, 0xee, 0xfe, 0xee, 0xfe, 0xe8,
    0x0, 0xe7, 0x0, 0x6, 0xe0, 0x6, 0xe0, 0x0,
    0x3f, 0xf7, 0x0, 0x6, 0xe0, 0x6, 0xe0, 0x0,
    0x15, 0xe7, 0x0, 0x6, 0xe0, 0x6, 0xe0, 0x0,
    0x0, 0xe7, 0x5, 0x59, 0xf5, 0x59, 0xf5, 0x53,
    0x0, 0xe7, 0x1f, 0xff, 0xff, 0xff, 0xff, 0xf9,
    0x0, 0xe7, 0x0, 0x0, 0x0, 0x0, 0x0, 0x0,
    0x0, 0xe7, 0x0, 0x4, 0x90, 0x4, 0x90, 0x0,
    0x0, 0xe7, 0x0, 0x37, 0x90, 0x4, 0xa5, 0x10,
    0x0, 0xe7, 0x5, 0xd9, 0x0, 0x0, 0x1f, 0x83,
    0x0, 0xe7, 0x1f, 0x40, 0x0, 0x0, 0x0, 0xb9,

    /* U+4FDD "保" */
    0x0, 0x8, 0xe0, 0xbf, 0xff, 0xff, 0xff, 0x40,
    0x0, 0x8, 0xe0, 0xbc, 0x55, 0x55, 0x5f, 0x40,
    0x0, 0xec, 0x90, 0xba, 0x0, 0x0, 0xf, 0x40,
    0x0, 0xe7, 0x0, 0xbd, 0x88, 0x88, 0x8f, 0x40,
    0x0, 0xe7, 0x0, 0xbf, 0xff, 0xff, 0xff, 0x40,
    0x3f, 0xf7, 0x0, 0x0, 0x0, 0xaa, 0x0, 0x0,
    0x15, 0xe7, 0x0, 0x0, 0x0, 0xaa, 0x0, 0x0,
    0x0, 0xe7, 0x5, 0x55, 0x55, 0xcc, 0x55, 0x53,
    0x0, 0xe7, 0x1f, 0xff, 0xff, 0xff, 0xff, 0xf9,
    0x0, 0xe7, 0x0, 0x0, 0xf, 0xff, 0xf0, 0x0,
    0x0, 0xe7, 0x0, 0x3, 0xa5, 0xcc, 0x5a, 0x30,
    0x0, 0xe7, 0x5, 0x57, 0xa0, 0xaa, 0xa, 0x63,
    0x0, 0xe7, 0x1f, 0xfa, 0x0, 0xaa, 0x0, 0xb9,
    0x0, 0xe7, 0x0, 0x0, 0x0, 0xaa, 0x0, 0x0,

    /* U+4FE1 "信" */
    0x0, 0x8, 0xe0, 0x0, 0x1f, 0x40, 0x0, 0x0,
    0x0, 0x8, 0xe0, 0x0, 0x3, 0xa7, 0x0, 0x0,
    0x0, 0xec, 0xa7, 0x77, 0x77, 0xdc, 0x77, 0x74,
    0x0, 0xe7, 0x1e, 0xee, 0xee, 0xee, 0xee, 0xe8,
    0x0, 0xe7, 0x0, 0x0, 0x0, 0x0, 0x0, 0x0,
    0x3f, 0xf7, 0x0, 0xcf, 0xff, 0xff, 0xff, 0x40,
    0x15, 0xe7, 0x0, 0x35, 0x55, 0x55, 0x55, 0x10,
    0x0, 0xe7, 0x0, 0x35, 0x55, 0x55, 0x55, 0x10,
    0x0, 0xe7, 0x0, 0xcf, 0xff, 0xff, 0xff, 0x40,
    0x0, 0xe7, 0x0, 0x0, 0x0, 0x0, 0x0, 0x0,
    0x0, 0xe7, 0x0, 0x57, 0x77, 0x77, 0x77, 0x10,
    0x0, 0xe7, 0x0, 0xcf, 0xee, 0xee, 0xef, 0x40,
    0x0, 0xe7, 0x0, 0xcb, 0x55, 0x55, 0x6f, 0x40,
    0x0, 0xe7, 0x0, 0xcf, 0xff, 0xff, 0xff, 0x40,

    /* U+4FEE "修" */
    0x0, 0x8, 0xc0, 0x8, 0xc0, 0x0, 0x0, 0x0,
    0x0, 0x8, 0xc0, 0x8, 0xea, 0xaa, 0xaa, 0x20,
    0x0, 0xec, 0x80, 0xef, 0xea, 0xac, 0xfa, 0x20,
    0x0, 0xe7, 0x15, 0xaa, 0x85, 0x57, 0x90, 0x0,
    0x0, 0xe7, 0x3f, 0x10, 0x1f, 0xf9, 0x0, 0x0,
    0x3f, 0xf7, 0x3f, 0xff, 0xc0, 0x6, 0xff, 0xf9,
    0x18, 0xf7, 0x3f, 0x98, 0x60, 0x57, 0x88, 0x85,
    0x0, 0xe7, 0x3f, 0x10, 0x11, 0xa8, 0x1, 0x0,
    0x0, 0xe7, 0x3f, 0x18, 0xff, 0x40, 0x1f, 0x40,
    0x0, 0xe7, 0x3f, 0x10, 0x0, 0xbf, 0xe0, 0x0,
    0x0, 0xe7, 0x3f, 0x15, 0xaa, 0x65, 0x5a, 0x20,
    0x0, 0xe7, 0x2a, 0x15, 0xaa, 0x65, 0x5a, 0x20,
    0x0, 0xe7, 0x0, 0x45, 0x55, 0xdf, 0xe0, 0x0,
    0x0, 0xe7, 0x0, 0xef, 0xff, 0x40, 0x0, 0x0,

    /* U+500D "倍" */
    0x0, 0x8, 0xe0, 0x0, 0x0, 0xb9, 0x0, 0x0,
    0x0, 0x8, 0xe0, 0xcf, 0xff, 0xff, 0xff, 0x40,
    0x0, 0xea, 0x40, 0x35, 0x55, 0x55, 0x55, 0x10,
    0x0, 0xe7, 0x0, 0x33, 0x0, 0x0, 0x5, 0x10,
    0x0, 0xe7, 0x0, 0xc9, 0x0, 0x0, 0x1f, 0x40,
    0x3f, 0xf7, 0x0, 0x6, 0xe0, 0x6, 0xe0, 0x0,
    0x18, 0xf7, 0x7, 0x7a, 0xf7, 0x7a, 0xf7, 0x74,
    0x0, 0xe7, 0x1e, 0xee, 0xee, 0xee, 0xee, 0xe8,
    0x0, 0xe7, 0x0, 0x0, 0x0, 0x0, 0x0, 0x0,
    0x0, 0xe7, 0x0, 0xcf, 0xff, 0xff, 0xff, 0x40,
    0x0, 0xe7, 0x0, 0xcb, 0x55, 0x55, 0x6f, 0x40,
    0x0, 0xe7, 0x0, 0xc9, 0x0, 0x0, 0x1f, 0x40,
    0x0, 0xe7, 0x0, 0xcb, 0x55, 0x55, 0x6f, 0x40,
    0x0, 0xe7, 0x0, 0xcf, 0xff, 0xff, 0xff, 0x40,

    /* U+5047 "假" */
    0x0, 0x8, 0xc0, 0xef, 0xff, 0x16, 0xff, 0xf6,
    0x0, 0x8, 0xc0, 0xe9, 0x7f, 0x12, 0x55, 0xf6,
    0x0, 0xec, 0x80, 0xe6, 0x3f, 0x10, 0x0, 0xe6,
    0x0, 0xe7, 0x0, 0xe9, 0x7f, 0x12, 0x55, 0xf6,
    0x0, 0xe7, 0x0, 0xef, 0xff, 0x16, 0xff, 0xf6,
    0x3f, 0xf7, 0x0, 0xe6, 0x0, 0x0, 0x0, 0x0,
    0x18, 0xf7, 0x0, 0xea, 0x77, 0x2, 0x77, 0x73,
    0x0, 0xe7, 0x0, 0xee, 0xee, 0x16, 0xfe, 0xf6,
    0x0, 0xe7, 0x0, 0xe6, 0x0, 0x6, 0xe0, 0xe6,
    0x0, 0xe7, 0x0, 0xe6, 0x0, 0x6, 0xe0, 0xe6,
    0x0, 0xe7, 0x0, 0xea, 0x77, 0x3, 0x87, 0x83,
    0x0, 0xe7, 0x0, 0xee, 0xee, 0x14, 0xae, 0xa4,
    0x0, 0xe7, 0x0, 0xe6, 0x0, 0x47, 0x90, 0xe6,
    0x0, 0xe7, 0x0, 0xe6, 0x0, 0xe9, 0x0, 0xe6,

    /* U+504F "偏" */
    0x0, 0x8, 0xc0, 0x0, 0x0, 0xe9, 0x0, 0x0,
    0x0, 0x8, 0xc0, 0x9a, 0xaa, 0xfd, 0xaa, 0xa4,
    0x0, 0xec, 0x80, 0xec, 0xaa, 0xaa, 0xaa, 0xf6,
    0x0, 0xe7, 0x0, 0xea, 0x55, 0x55, 0x55, 0xf6,
    0x0, 0xe7, 0x0, 0xef, 0xff, 0xff, 0xff, 0xf6,
    0x3f, 0xf7, 0x0, 0xe7, 0x0, 0x0, 0x0, 0x0,
    0x18, 0xf7, 0x0, 0xeb, 0x77, 0x77, 0x77, 0x73,
    0x0, 0xe7, 0x0, 0xef, 0xef, 0xee, 0xfe, 0xf6,
    0x0, 0xe7, 0x0, 0xe7, 0x3f, 0x16, 0xe0, 0xe6,
    0x0, 0xe7, 0x0, 0xe7, 0x3f, 0x16, 0xe0, 0xe6,
    0x0, 0xe7, 0x0, 0xeb, 0x9f, 0x8a, 0xf7, 0xf6,
    0x0, 0xe7, 0x0, 0xef, 0xef, 0xee, 0xfe, 0xf6,
    0x0, 0xe7, 0x15, 0xe7, 0x3f, 0x16, 0xe0, 0xe6,
    0x0, 0xe7, 0x3f, 0x62, 0x3f, 0x16, 0xe0, 0xe6,

    /* U+505A "做" */
    0x0, 0x8, 0xc0, 0xe9, 0x0, 0xe6, 0x0, 0x0,
    0x0, 0x8, 0xc0, 0xe9, 0x0, 0xe6, 0x0, 0x0,
    0x0, 0xec, 0x87, 0xfc, 0x60, 0xea, 0x77, 0x73,
    0x0, 0xe7, 0x3e, 0xff, 0xd1, 0xde, 0xef, 0xe6,
    0x0, 0xe7, 0x0, 0xe9, 0x1f, 0x10, 0x3f, 0x10,
    0x3f, 0xf7, 0x0, 0xe9, 0x0, 0xe6, 0x3f, 0x10,
    0x2, 0xe7, 0x0, 0xe9, 0x0, 0xe6, 0x3f, 0x10,
    0x0, 0xe7, 0x2a, 0xfd, 0x90, 0xe6, 0x3f, 0x10,
    0x0, 0xe7, 0x3f, 0xff, 0xe0, 0xe6, 0x3f, 0x10,
    0x0, 0xe7, 0x3f, 0x69, 0xe0, 0xe6, 0x3f, 0x10,
    0x0, 0xe7, 0x3f, 0x16, 0xe0, 0x48, 0x95, 0x0,
    0x0, 0xe7, 0x3f, 0x16, 0xe0, 0x48, 0x95, 0x0,
    0x0, 0xe7, 0x3f, 0x69, 0xf5, 0xf6, 0x3f, 0x62,
    0x0, 0xe7, 0x3f, 0xff, 0xff, 0x10, 0x0, 0xe7,

    /* U+505C "停" */
    0x0, 0x8, 0xc0, 0x0, 0x3f, 0x10, 0x0, 0x0,
    0x0, 0x8, 0xff, 0xff, 0xff, 0xff, 0xff, 0xf7,
    0x0, 0xea, 0x55, 0xec, 0x55, 0x55, 0x7f, 0x62,
    0x0, 0xe7, 0x0, 0xec, 0x55, 0x55, 0x7f, 0x10,
    0x0, 0xe7, 0x0, 0xef, 0xff, 0xff, 0xff, 0x10,
    0x3f, 0xf7, 0x0, 0x0, 0x0, 0x0, 0x0, 0x0,
    0x18, 0xf7, 0x17, 0x77, 0x77, 0x77, 0x77, 0x73,
    0x0, 0xe7, 0x3f, 0xee, 0xee, 0xee, 0xee, 0xf7,
    0x0, 0xe7, 0x3f, 0x10, 0x0, 0x0, 0x0, 0xe7,
    0x0, 0xe7, 0x3, 0xef, 0xff, 0xff, 0xff, 0x41,
    0x0, 0xe7, 0x0, 0x45, 0x55, 0xea, 0x55, 0x0,
    0x0, 0xe7, 0x0, 0x0, 0x0, 0xe7, 0x0, 0x0,
    0x0, 0xe7, 0x0, 0x1, 0x55, 0xe7, 0x0, 0x0,
    0x0, 0xe7, 0x0, 0x5, 0xff, 0xf7, 0x0, 0x0,

    /* U+50A8 "储" */
    0x0, 0x8, 0xc0, 0x0, 0x0, 0x5, 0xf0, 0x0,
    0x0, 0x8, 0xff, 0x50, 0x1f, 0xff, 0xff, 0xf9,
    0x0, 0xe7, 0x0, 0x63, 0x0, 0x5, 0xf0, 0xa9,
    0x0, 0xe7, 0x0, 0xd6, 0x0, 0x5, 0xf5, 0xb8,
    0x0, 0xe7, 0x0, 0x0, 0x0, 0x5, 0xff, 0x50,
    0x3e, 0xf7, 0x0, 0x0, 0x1e, 0xee, 0xff, 0xe8,
    0x18, 0xf7, 0x17, 0x73, 0x8, 0x8b, 0xf8, 0x85,
    0x0, 0xe7, 0x3e, 0xf6, 0x0, 0x16, 0xf1, 0x11,
    0x0, 0xe7, 0x0, 0xe6, 0x0, 0xaf, 0xff, 0xf9,
    0x0, 0xe7, 0x0, 0xe6, 0x1f, 0xfa, 0x0, 0xa9,
    0x0, 0xe7, 0x0, 0xe6, 0x5, 0xce, 0xaa, 0xe9,
    0x0, 0xe7, 0x0, 0xe9, 0x30, 0xae, 0xaa, 0xe9,
    0x0, 0xe7, 0x0, 0xef, 0xc0, 0xac, 0x55, 0xc9,
    0x0, 0xe7, 0x0, 0xe6, 0x0, 0xaf, 0xff, 0xf9,

    /* U+50CF "像" */
    0x0, 0x8, 0xe0, 0x6, 0xff, 0xff, 0xc0, 0x0,
    0x0, 0x8, 0xe0, 0xbb, 0x55, 0x5b, 0xc0, 0x0,
    0x0, 0xec, 0xaf, 0xff, 0xff, 0xff, 0xff, 0xf6,
    0x0, 0xe7, 0x7, 0xdc, 0x77, 0xfa, 0x77, 0xf6,
    0x1, 0xe7, 0x0, 0xba, 0x11, 0xe7, 0x11, 0xe6,
    0x3f, 0xf7, 0x0, 0xbf, 0xff, 0xff, 0xff, 0xf6,
    0x15, 0xe7, 0x0, 0x39, 0xff, 0xf9, 0x55, 0x52,
    0x0, 0xe7, 0x5, 0x57, 0xaa, 0xf9, 0x30, 0x42,
    0x0, 0xe7, 0x1f, 0xf9, 0x0, 0xef, 0xc0, 0xe6,
    0x0, 0xe7, 0x0, 0x6, 0xff, 0x19, 0xff, 0x10,
    0x0, 0xe7, 0xa, 0xa8, 0x55, 0xad, 0xd5, 0xa4,
    0x0, 0xe7, 0xa, 0xa8, 0x55, 0xad, 0xc0, 0xe6,
    0x0, 0xe7, 0x5, 0x59, 0xff, 0x6b, 0xc0, 0xe6,
    0x0, 0xe7, 0x1f, 0xf9, 0x0, 0xef, 0xc0, 0x0,

    /* U+513F "儿" */
    0x0, 0x0, 0xf4, 0x0, 0xe, 0x70, 0x0, 0x0,
    0x0, 0xf, 0x40, 0x0, 0xe7, 0x0, 0x0, 0x0,
    0x0, 0xf4, 0x0, 0xe, 0x70, 0x0, 0x0, 0x0,
    0xf, 0x40, 0x0, 0xe7, 0x0, 0x0, 0x0, 0x0,
    0xf4, 0x0, 0xe, 0x70, 0x0, 0x0, 0x0, 0xf,
    0x40, 0x0, 0xe7, 0x0, 0x0, 0x0, 0x0, 0xf4,
    0x0, 0xe, 0x70, 0x0, 0x0, 0x0, 0xf, 0x40,
    0x0, 0xe7, 0x0, 0x0, 0x0, 0x0, 0xf4, 0x0,
    0xe, 0x70, 0x0, 0x0, 0x3, 0xa5, 0x10, 0x0,
    0xe7, 0x0, 0x0, 0x0, 0x5f, 0x0, 0x0, 0xe,
    0x70, 0xe, 0x70, 0x37, 0xa0, 0x0, 0x0, 0xe7,
    0x0, 0xe7, 0x5c, 0xa0, 0x0, 0x0, 0xe, 0xa5,
    0x5e, 0x7f, 0x50, 0x0, 0x0, 0x0, 0xef, 0xff,
    0xf7,

    /* U+5146 "兆" */
    0x0, 0x0, 0xf5, 0x0, 0xf5, 0x0, 0x0, 0xf,
    0x50, 0xf, 0x50, 0xf, 0x50, 0xf, 0x10, 0x58,
    0x70, 0xf5, 0x0, 0xf5, 0x3a, 0x50, 0x0, 0x78,
    0x5f, 0x50, 0xf, 0x87, 0xa0, 0x0, 0x0, 0x5f,
    0xf5, 0x0, 0xff, 0xa0, 0x0, 0x0, 0x0, 0xf,
    0x50, 0xf, 0x50, 0x0, 0x0, 0x0, 0x27, 0xf5,
    0x0, 0xfa, 0x40, 0x0, 0x0, 0x15, 0xef, 0x50,
    0xf, 0xea, 0x10, 0x0, 0xa, 0xa0, 0xf5, 0x0,
    0xf5, 0x5f, 0x0, 0xf, 0x50, 0xf, 0x50, 0xf,
    0x50, 0xf, 0x10, 0x51, 0x0, 0xf5, 0x0, 0xf5,
    0x0, 0x50, 0x0, 0x1, 0x5f, 0x50, 0xf, 0x50,
    0x0, 0x42, 0x55, 0x8f, 0x0, 0x0, 0xf8, 0x55,
    0x5e, 0x7f, 0xfa, 0x0, 0x0, 0xf, 0xff, 0xff,
    0xf7,

    /* U+5148 "先" */
    0x0, 0x5f, 0x0, 0x5f, 0x0, 0x0, 0x0, 0x0,
    0x5, 0xf0, 0x5, 0xf0, 0x0, 0x0, 0x0, 0x0,
    0x5f, 0x88, 0xbf, 0x88, 0x88, 0x82, 0x0, 0x37,
    0xaa, 0xac, 0xfa, 0xaa, 0xaa, 0x30, 0xa, 0xa0,
    0x0, 0x5f, 0x0, 0x0, 0x0, 0x0, 0x0, 0x0,
    0x5, 0xf0, 0x0, 0x0, 0x0, 0x77, 0x77, 0x77,
    0xaf, 0x77, 0x77, 0x77, 0x4e, 0xee, 0xef, 0xee,
    0xee, 0xff, 0xee, 0xe9, 0x0, 0x0, 0xf5, 0x0,
    0xa, 0xa0, 0x0, 0x0, 0x0, 0xf, 0x50, 0x0,
    0xaa, 0x0, 0x0, 0x0, 0x0, 0xf5, 0x0, 0xa,
    0xa0, 0xa, 0xa0, 0x1, 0x5e, 0x40, 0x0, 0xaa,
    0x0, 0xaa, 0x55, 0x8f, 0x0, 0x0, 0xa, 0xc5,
    0x5c, 0xaf, 0xfa, 0x0, 0x0, 0x0, 0xaf, 0xff,
    0xfa,

    /* U+5149 "光" */
    0x0, 0x0, 0x0, 0x5f, 0x0, 0x0, 0x0, 0x0,
    0xaa, 0x0, 0x5, 0xf0, 0x0, 0xf, 0x50, 0x3,
    0x7a, 0x0, 0x5f, 0x0, 0x3a, 0x51, 0x0, 0x3,
    0xa5, 0x15, 0xf0, 0x37, 0xa0, 0x0, 0x0, 0x0,
    0xf5, 0x5f, 0xa, 0xa0, 0x0, 0x0, 0x0, 0x0,
    0x5, 0xf0, 0x0, 0x0, 0x0, 0x77, 0x77, 0x77,
    0xaf, 0x77, 0x77, 0x77, 0x4e, 0xee, 0xef, 0xee,
    0xee, 0xff, 0xee, 0xe9, 0x0, 0x0, 0xf5, 0x0,
    0xa, 0xa0, 0x0, 0x0, 0x0, 0xf, 0x50, 0x0,
    0xaa, 0x0, 0x0, 0x0, 0x0, 0xf5, 0x0, 0xa,
    0xa0, 0xa, 0xa0, 0x1, 0x5e, 0x40, 0x0, 0xaa,
    0x0, 0xaa, 0x55, 0x8f, 0x0, 0x0, 0xa, 0xc5,
    0x5c, 0xaf, 0xfa, 0x0, 0x0, 0x0, 0xaf, 0xff,
    0xfa,

    /* U+514D "免" */
    0x0, 0x5f, 0x0, 0x0, 0x0, 0x0, 0x0, 0x0,
    0x5, 0xff, 0xff, 0xff, 0xfa, 0x0, 0x0, 0x7,
    0x85, 0x55, 0x55, 0x5c, 0xa0, 0x0, 0x5, 0xcc,
    0x55, 0x55, 0x55, 0xcc, 0x55, 0x10, 0xff, 0xff,
    0xff, 0xff, 0xff, 0xff, 0xf5, 0x0, 0xaa, 0x0,
    0x8, 0xf0, 0x0, 0xf, 0x50, 0xa, 0xa0, 0x0,
    0x8f, 0x0, 0x0, 0xf5, 0x0, 0xac, 0x55, 0x5b,
    0xf5, 0x55, 0x5f, 0x50, 0xa, 0xff, 0xff, 0xff,
    0xff, 0xff, 0xf5, 0x0, 0x0, 0x0, 0xe7, 0xf,
    0x50, 0x0, 0x0, 0x0, 0x0, 0xe, 0x70, 0xf5,
    0x0, 0xa, 0xa0, 0x0, 0x5, 0xa4, 0xf, 0x50,
    0x0, 0xaa, 0x55, 0x55, 0xf1, 0x0, 0xf8, 0x55,
    0x5c, 0xaf, 0xff, 0xf0, 0x0, 0xf, 0xff, 0xff,
    0xfa,

    /* U+5165 "入" */
    0x0, 0x0, 0xf1, 0x0, 0x0, 0x0, 0x0, 0x0,
    0x0, 0x5, 0xa4, 0x0, 0x0, 0x0, 0x0, 0x0,
    0x0, 0x4, 0x8a, 0x0, 0x0, 0x0, 0x0, 0x0,
    0x0, 0x8, 0xf0, 0x0, 0x0, 0x0, 0x0, 0x0,
    0x0, 0x8f, 0x0, 0x0, 0x0, 0x0, 0x0, 0x0,
    0xe7, 0xf, 0x50, 0x0, 0x0, 0x0, 0x0, 0xe,
    0x70, 0xf5, 0x0, 0x0, 0x0, 0x0, 0x8, 0x73,
    0x7, 0x85, 0x0, 0x0, 0x0, 0x0, 0xf1, 0x0,
    0xa, 0xa0, 0x0, 0x0, 0x0, 0xf, 0x10, 0x0,
    0xaa, 0x0, 0x0, 0x0, 0x4e, 0x10, 0x0, 0x1,
    0x5e, 0x0, 0x0, 0x37, 0xa0, 0x0, 0x0, 0x3,
    0xa5, 0x0, 0x5c, 0xa0, 0x0, 0x0, 0x0, 0x0,
    0xf6, 0x2f, 0x50, 0x0, 0x0, 0x0, 0x0, 0x0,
    0xe7,

    /* U+5168 "全" */
    0x0, 0x0, 0x0, 0x8f, 0x0, 0x0, 0x0, 0x0,
    0x0, 0x0, 0x97, 0x5a, 0x30, 0x0, 0x0, 0x0,
    0x27, 0x78, 0x30, 0x87, 0x77, 0x0, 0x1, 0x15,
    0xee, 0x10, 0x0, 0x9e, 0xe1, 0x11, 0xff, 0xa0,
    0x0, 0x0, 0x0, 0x0, 0xff, 0xa0, 0x5, 0xff,
    0xff, 0xff, 0xff, 0xf0, 0x0, 0x0, 0x15, 0x55,
    0xbf, 0x55, 0x55, 0x0, 0x0, 0x0, 0x0, 0x8,
    0xf0, 0x0, 0x0, 0x0, 0x0, 0x0, 0x0, 0x8f,
    0x0, 0x0, 0x0, 0x0, 0xaf, 0xff, 0xff, 0xff,
    0xff, 0xff, 0x50, 0x3, 0x55, 0x55, 0xbf, 0x55,
    0x55, 0x51, 0x0, 0x0, 0x0, 0x8, 0xf0, 0x0,
    0x0, 0x0, 0x55, 0x55, 0x55, 0xbf, 0x55, 0x55,
    0x55, 0x3f, 0xff, 0xff, 0xff, 0xff, 0xff, 0xff,
    0xfa,

    /* U+516D "六" */
    0x0, 0x0, 0xa, 0xa0, 0x0, 0x0, 0x0, 0x0,
    0x0, 0x0, 0x38, 0xf0, 0x0, 0x0, 0x0, 0x0,
    0x0, 0x0, 0x15, 0x0, 0x0, 0x0, 0x5, 0x55,
    0x55, 0x55, 0x55, 0x55, 0x55, 0x53, 0xff, 0xff,
    0xff, 0xff, 0xff, 0xff, 0xff, 0xa0, 0x0, 0x0,
    0x0, 0x0, 0x0, 0x0, 0x0, 0x0, 0x0, 0x0,
    0x0, 0x0, 0x0, 0x0, 0x0, 0x1, 0x50, 0x0,
    0x0, 0x1, 0x50, 0x0, 0x0, 0x5f, 0x0, 0x0,
    0x0, 0x5f, 0x0, 0x0, 0x5, 0xf0, 0x0, 0x0,
    0x0, 0xf, 0x50, 0x7, 0x85, 0x0, 0x0, 0x0,
    0x0, 0xf5, 0x0, 0xaa, 0x0, 0x0, 0x0, 0x0,
    0x5, 0x87, 0xa, 0xa0, 0x0, 0x0, 0x0, 0x0,
    0xa, 0xaf, 0x50, 0x0, 0x0, 0x0, 0x0, 0x0,
    0xaa,

    /* U+5170 "兰" */
    0x0, 0x5f, 0x0, 0x0, 0x0, 0x5f, 0x0, 0x0,
    0x1, 0x5c, 0x40, 0x0, 0x8a, 0x50, 0x0, 0x4,
    0x77, 0xfa, 0x77, 0x7c, 0xd7, 0x72, 0x0, 0x9e,
    0xee, 0xee, 0xee, 0xee, 0xee, 0x40, 0x0, 0x0,
    0x0, 0x0, 0x0, 0x0, 0x0, 0x0, 0x0, 0x0,
    0x0, 0x0, 0x0, 0x0, 0x0, 0x0, 0x0, 0x0,
    0x0, 0x0, 0x0, 0x0, 0x0, 0x1, 0x55, 0x55,
    0x55, 0x55, 0x50, 0x0, 0x0, 0x5f, 0xff, 0xff,
    0xff, 0xff, 0x0, 0x0, 0x0, 0x0, 0x0, 0x0,
    0x0, 0x0, 0x0, 0x0, 0x0, 0x0, 0x0, 0x0,
    0x0, 0x0, 0x0, 0x0, 0x0, 0x0, 0x0, 0x0,
    0x0, 0x0, 0x55, 0x55, 0x55, 0x55, 0x55, 0x55,
    0x55, 0x3f, 0xff, 0xff, 0xff, 0xff, 0xff, 0xff,
    0xfa,

    /* U+5171 "共" */
    0x0, 0x0, 0xf5, 0x0, 0xa, 0xa0, 0x0, 0x0,
    0x0, 0xf, 0x50, 0x0, 0xaa, 0x0, 0x0, 0x4,
    0x77, 0xfa, 0x77, 0x7c, 0xd7, 0x72, 0x0, 0x9e,
    0xef, 0xee, 0xee, 0xff, 0xee, 0x40, 0x0, 0x0,
    0xf5, 0x0, 0xa, 0xa0, 0x0, 0x0, 0x0, 0xf,
    0x50, 0x0, 0xaa, 0x0, 0x0, 0x0, 0x0, 0xf5,
    0x0, 0xa, 0xa0, 0x0, 0x5, 0x55, 0x5f, 0x85,
    0x55, 0xcc, 0x55, 0x53, 0xff, 0xff, 0xff, 0xff,
    0xff, 0xff, 0xff, 0xa0, 0x0, 0x0, 0x0, 0x0,
    0x0, 0x0, 0x0, 0x0, 0x0, 0xa3, 0x0, 0x7,
    0x70, 0x0, 0x0, 0x1, 0x5a, 0x30, 0x0, 0x78,
    0x50, 0x0, 0x55, 0x8f, 0x0, 0x0, 0x0, 0x5f,
    0x55, 0x3f, 0xfa, 0x0, 0x0, 0x0, 0x0, 0xf,
    0xfa,

    /* U+5173 "关" */
    0x0, 0x5f, 0x0, 0x0, 0x0, 0x5f, 0x0, 0x0,
    0x1, 0x5c, 0x40, 0x0, 0x8a, 0x50, 0x0, 0x4,
    0x77, 0xfa, 0x77, 0x7c, 0xd7, 0x72, 0x0, 0x9e,
    0xee, 0xee, 0xfe, 0xee, 0xee, 0x40, 0x0, 0x0,
    0x0, 0x5f, 0x0, 0x0, 0x0, 0x0, 0x0, 0x0,
    0x5, 0xf0, 0x0, 0x0, 0x0, 0x0, 0x0, 0x0,
    0x5f, 0x0, 0x0, 0x0, 0x5, 0x55, 0x55, 0x58,
    0xf5, 0x55, 0x55, 0x53, 0xff, 0xff, 0xff, 0xff,
    0xff, 0xff, 0xff, 0xa0, 0x0, 0x0, 0xaa, 0xf,
    0x50, 0x0, 0x0, 0x0, 0x0, 0xa7, 0x30, 0x58,
    0x70, 0x0, 0x0, 0x1, 0x5a, 0x30, 0x0, 0x78,
    0x50, 0x0, 0x55, 0x8f, 0x0, 0x0, 0x0, 0x5f,
    0x55, 0x3f, 0xfa, 0x0, 0x0, 0x0, 0x0, 0xf,
    0xfa,

    /* U+5176 "其" */
    0x0, 0x5f, 0x0, 0x0, 0x0, 0x5f, 0x0, 0xf,
    0xff, 0xff, 0xff, 0xff, 0xff, 0xff, 0xfa, 0x55,
    0x8f, 0x55, 0x55, 0x55, 0x8f, 0x55, 0x30, 0x5,
    0xf5, 0x55, 0x55, 0x58, 0xf0, 0x0, 0x0, 0x5f,
    0xff, 0xff, 0xff, 0xff, 0x0, 0x0, 0x5, 0xf0,
    0x0, 0x0, 0x5, 0xf0, 0x0, 0x0, 0x5f, 0x77,
    0x77, 0x77, 0xaf, 0x0, 0x0, 0x5, 0xfe, 0xee,
    0xee, 0xee, 0xf0, 0x0, 0x0, 0x5f, 0x0, 0x0,
    0x0, 0x5f, 0x0, 0xf, 0xff, 0xff, 0xff, 0xff,
    0xff, 0xff, 0xfa, 0x55, 0x55, 0x55, 0x55, 0x55,
    0x55, 0x55, 0x30, 0x1, 0x50, 0x0, 0x0, 0x1,
    0x50, 0x0, 0x55, 0x8f, 0x0, 0x0, 0x0, 0x5f,
    0x55, 0x3f, 0xfa, 0x0, 0x0, 0x0, 0x0, 0xf,
    0xfa,

    /* U+5185 "内" */
    0x0, 0x0, 0x0, 0x8f, 0x0, 0x0, 0x0, 0x0,
    0x0, 0x0, 0x8, 0xf0, 0x0, 0x0, 0x0, 0x77,
    0x77, 0x77, 0xcf, 0x77, 0x77, 0x77, 0x3f, 0xee,
    0xee, 0xef, 0xfe, 0xee, 0xee, 0xf7, 0xf5, 0x0,
    0x0, 0x8f, 0x0, 0x0, 0xe, 0x7f, 0x50, 0x0,
    0x8, 0xf0, 0x0, 0x0, 0xe7, 0xf5, 0x0, 0x6,
    0x9a, 0x72, 0x0, 0xe, 0x7f, 0x50, 0x1, 0xc6,
    0xe, 0x51, 0x0, 0xe7, 0xf5, 0x0, 0xf1, 0x0,
    0xa, 0xa0, 0xe, 0x7f, 0x55, 0xf0, 0x0, 0x0,
    0x5, 0xf0, 0xe7, 0xf5, 0x15, 0x0, 0x0, 0x0,
    0x15, 0xe, 0x7f, 0x50, 0x0, 0x0, 0x0, 0x0,
    0x0, 0xe7, 0xf5, 0x0, 0x0, 0x0, 0x0, 0x15,
    0x5e, 0x7f, 0x50, 0x0, 0x0, 0x0, 0x5, 0xff,
    0xf7,

    /* U+518C "册" */
    0xa, 0xff, 0xff, 0xa0, 0xff, 0xff, 0xf5, 0x0,
    0xac, 0x55, 0xca, 0xf, 0x85, 0x5f, 0x50, 0xa,
    0xa0, 0xa, 0xa0, 0xf5, 0x0, 0xf5, 0x0, 0xaa,
    0x0, 0xaa, 0xf, 0x50, 0xf, 0x50, 0xa, 0xa0,
    0xa, 0xa0, 0xf5, 0x0, 0xf5, 0x0, 0xaa, 0x0,
    0xaa, 0xf, 0x50, 0xf, 0x50, 0x7d, 0xd7, 0x7d,
    0xd7, 0xfa, 0x77, 0xfa, 0x4e, 0xff, 0xee, 0xff,
    0xef, 0xee, 0xef, 0xe9, 0xa, 0xa0, 0xa, 0xa0,
    0xf5, 0x0, 0xf5, 0x0, 0xaa, 0x0, 0xaa, 0xf,
    0x50, 0xf, 0x50, 0xa, 0xa0, 0xa, 0xa0, 0xf5,
    0x0, 0xf5, 0x0, 0xaa, 0x0, 0xaa, 0xf, 0x50,
    0xf, 0x50, 0x5c, 0xa0, 0x5c, 0xc5, 0xf5, 0x15,
    0xf5, 0xf, 0x83, 0xf, 0xff, 0xf5, 0x15, 0xff,
    0x50,

    /* U+518D "再" */
    0xff, 0xff, 0xff, 0xff, 0xff, 0xff, 0xff, 0xa5,
    0x55, 0x55, 0x58, 0xf5, 0x55, 0x55, 0x53, 0x4,
    0x77, 0x77, 0xaf, 0x77, 0x77, 0x72, 0x0, 0xaf,
    0xee, 0xee, 0xfe, 0xee, 0xef, 0x50, 0xa, 0xa0,
    0x0, 0x5f, 0x0, 0x0, 0xf5, 0x0, 0xaf, 0xff,
    0xff, 0xff, 0xff, 0xff, 0x50, 0xa, 0xc5, 0x55,
    0x8f, 0x55, 0x55, 0xf5, 0x0, 0xaa, 0x0, 0x5,
    0xf0, 0x0, 0xf, 0x50, 0xa, 0xa0, 0x0, 0x5f,
    0x0, 0x0, 0xf5, 0xf, 0xff, 0xff, 0xff, 0xff,
    0xff, 0xff, 0xfa, 0x5c, 0xc5, 0x55, 0x55, 0x55,
    0x55, 0xf8, 0x30, 0xaa, 0x0, 0x0, 0x0, 0x0,
    0xf, 0x50, 0xa, 0xa0, 0x0, 0x0, 0x3, 0x55,
    0xf5, 0x0, 0xaa, 0x0, 0x0, 0x0, 0xaf, 0xff,
    0x50,

    /* U+5199 "写" */
    0xff, 0xff, 0xff, 0xff, 0xff, 0xff, 0xff, 0x7f,
    0x85, 0x55, 0x55, 0x55, 0x55, 0x55, 0xe7, 0xf5,
    0x0, 0xa3, 0x0, 0x0, 0x0, 0xe, 0x7f, 0x50,
    0xf, 0x85, 0x55, 0x55, 0x50, 0xe7, 0x0, 0x0,
    0xff, 0xff, 0xff, 0xff, 0x0, 0x0, 0x4, 0xc0,
    0x0, 0x0, 0x0, 0x0, 0x0, 0x0, 0x5f, 0x77,
    0x77, 0x77, 0x77, 0x70, 0x0, 0x4, 0xee, 0xee,
    0xee, 0xee, 0xef, 0x10, 0x0, 0x0, 0x0, 0x0,
    0x0, 0x0, 0xf1, 0x0, 0x0, 0x0, 0x0, 0x0,
    0x0, 0xf, 0x10, 0x77, 0x77, 0x77, 0x77, 0x77,
    0x40, 0xf1, 0xe, 0xee, 0xee, 0xee, 0xee, 0xe9,
    0xf, 0x10, 0x0, 0x0, 0x0, 0x0, 0x55, 0x55,
    0xf1, 0x0, 0x0, 0x0, 0x0, 0xf, 0xff, 0xf3,
    0x0,

    /* U+51B2 "冲" */
    0xf5, 0x0, 0x0, 0x0, 0xe, 0x70, 0x0, 0x5,
    0xa8, 0x0, 0x0, 0x0, 0xe7, 0x0, 0x0, 0xa,
    0xa0, 0x77, 0x77, 0x7f, 0xb7, 0x77, 0x30, 0x99,
    0xf, 0xee, 0xee, 0xff, 0xee, 0xf7, 0x0, 0x0,
    0xf5, 0x0, 0xe, 0x70, 0xe, 0x70, 0x0, 0xf,
    0x50, 0x0, 0xe7, 0x0, 0xe7, 0x0, 0x0, 0xf5,
    0x0, 0xe, 0x70, 0xe, 0x70, 0x33, 0xf, 0x85,
    0x55, 0xea, 0x55, 0xe7, 0xa, 0xa0, 0xff, 0xff,
    0xff, 0xff, 0xff, 0x70, 0xaa, 0x0, 0x0, 0x0,
    0xe7, 0x0, 0x0, 0xa, 0xa0, 0x0, 0x0, 0xe,
    0x70, 0x0, 0xa, 0xa7, 0x0, 0x0, 0x0, 0xe7,
    0x0, 0x0, 0xf5, 0x0, 0x0, 0x0, 0xe, 0x70,
    0x0, 0xf, 0x50, 0x0, 0x0, 0x0, 0xe7, 0x0,
    0x0,

    /* U+51B3 "决" */
    0xf5, 0x0, 0x0, 0x0, 0xf1, 0x0, 0x0, 0x5,
    0xce, 0x0, 0x0, 0xf, 0x10, 0x0, 0x0, 0xa,
    0xe0, 0x4, 0xaa, 0xfb, 0xaa, 0xa3, 0x0, 0x79,
    0x0, 0x4a, 0xaf, 0xba, 0xaf, 0x50, 0x0, 0x0,
    0x0, 0x0, 0xf1, 0x0, 0xf5, 0x0, 0x0, 0x0,
    0x0, 0xf, 0x10, 0xf, 0x50, 0x0, 0x0, 0x0,
    0x0, 0xf1, 0x0, 0xf5, 0x0, 0x34, 0x4, 0x55,
    0x5f, 0x65, 0x5f, 0x83, 0xa, 0xe0, 0xcf, 0xff,
    0xff, 0xff, 0xff, 0xa0, 0xae, 0x0, 0x0, 0xf,
    0x10, 0x0, 0x0, 0xa, 0xe0, 0x0, 0x27, 0xa7,
    0x30, 0x0, 0xa, 0xdc, 0x0, 0x4b, 0xe0, 0xcc,
    0xa0, 0x0, 0xf5, 0x5, 0x57, 0x70, 0x0, 0x5a,
    0x55, 0x3f, 0x51, 0xff, 0x80, 0x0, 0x0, 0xf,
    0xfa,

    /* U+51C6 "准" */
    0xf5, 0x0, 0x0, 0x5e, 0xe, 0x70, 0x0, 0x5,
    0xca, 0x0, 0x5, 0xe0, 0x4b, 0xc0, 0x0, 0xa,
    0xa0, 0xa, 0xff, 0xff, 0xff, 0xff, 0x70, 0x77,
    0x5, 0xce, 0xaa, 0xad, 0xea, 0xa4, 0x0, 0x0,
    0xff, 0xa0, 0x0, 0x8c, 0x0, 0x0, 0x0, 0x0,
    0xaf, 0xff, 0xff, 0xff, 0xf7, 0x0, 0x0, 0xa,
    0xc5, 0x55, 0xbd, 0x55, 0x20, 0x33, 0x0, 0xaa,
    0x0, 0x8, 0xc0, 0x0, 0xa, 0xa0, 0xa, 0xa0,
    0x0, 0x8c, 0x0, 0x0, 0xaa, 0x0, 0xaf, 0xff,
    0xff, 0xff, 0xf7, 0xa, 0xa0, 0xa, 0xc5, 0x55,
    0xbd, 0x55, 0x2a, 0xa7, 0x0, 0xaa, 0x0, 0x8,
    0xc0, 0x0, 0xf5, 0x0, 0xa, 0xc5, 0x55, 0xbd,
    0x55, 0x2f, 0x50, 0x0, 0xaf, 0xff, 0xff, 0xff,
    0xf7,

    /* U+51CF "减" */
    0xf5, 0x0, 0x0, 0x0, 0x0, 0x5f, 0xa, 0xa5,
    0xa8, 0x0, 0x0, 0x0, 0x5, 0xf0, 0xaa, 0xa,
    0xa0, 0x4, 0x77, 0x77, 0xaf, 0x7d, 0xa0, 0x99,
    0x0, 0xaf, 0xee, 0xee, 0xfe, 0xe9, 0x0, 0x0,
    0xa, 0xa0, 0x0, 0x5f, 0x0, 0x0, 0x0, 0x0,
    0xae, 0xcc, 0x45, 0xf0, 0x88, 0x0, 0x0, 0xa,
    0xd9, 0x92, 0x5f, 0xa, 0xa0, 0x11, 0x0, 0xab,
    0x11, 0x5, 0xf0, 0xaa, 0xa, 0xa0, 0xa, 0xff,
    0xf5, 0x5f, 0xa, 0xa0, 0xaa, 0x0, 0xac, 0x5f,
    0x51, 0x5a, 0x73, 0xa, 0xa0, 0xa, 0xc6, 0xf5,
    0x0, 0xf5, 0xa, 0xd9, 0x0, 0xaf, 0xee, 0x43,
    0xae, 0xb7, 0xf5, 0x0, 0xa, 0xa0, 0x0, 0x5f,
    0xa, 0xaf, 0x50, 0xc, 0x62, 0xc, 0xc9, 0x30,
    0xaa,

    /* U+51FA "出" */
    0x0, 0x0, 0x0, 0x5f, 0x0, 0x0, 0x0, 0x0,
    0xaa, 0x0, 0x5, 0xf0, 0x0, 0xf, 0x50, 0xa,
    0xa0, 0x0, 0x5f, 0x0, 0x0, 0xf5, 0x0, 0xaa,
    0x0, 0x5, 0xf0, 0x0, 0xf, 0x50, 0xa, 0xa0,
    0x0, 0x5f, 0x0, 0x0, 0xf5, 0x0, 0xaf, 0xff,
    0xff, 0xff, 0xff, 0xff, 0x50, 0x3, 0x55, 0x55,
    0x8f, 0x55, 0x55, 0x51, 0x0, 0x0, 0x0, 0x5,
    0xf0, 0x0, 0x0, 0x0, 0x51, 0x0, 0x0, 0x5f,
    0x0, 0x0, 0x3, 0x3f, 0x50, 0x0, 0x5, 0xf0,
    0x0, 0x0, 0xaa, 0xf5, 0x0, 0x0, 0x5f, 0x0,
    0x0, 0xa, 0xaf, 0x50, 0x0, 0x5, 0xf0, 0x0,
    0x0, 0xaa, 0xf8, 0x55, 0x55, 0x8f, 0x55, 0x55,
    0x5c, 0xaf, 0xff, 0xff, 0xff, 0xff, 0xff, 0xff,
    0xfa,

    /* U+51FB "击" */
    0x0, 0x0, 0x0, 0x5f, 0x0, 0x0, 0x0, 0x0,
    0x0, 0x0, 0x5, 0xf0, 0x0, 0x0, 0x0, 0x4,
    0x77, 0x77, 0xaf, 0x77, 0x77, 0x72, 0x0, 0x9e,
    0xee, 0xee, 0xfe, 0xee, 0xee, 0x40, 0x0, 0x0,
    0x0, 0x5f, 0x0, 0x0, 0x0, 0x0, 0x0, 0x0,
    0x5, 0xf0, 0x0, 0x0, 0x0, 0x77, 0x77, 0x77,
    0xaf, 0x77, 0x77, 0x77, 0x4e, 0xee, 0xee, 0xee,
    0xfe, 0xee, 0xee, 0xe9, 0x3, 0x30, 0x0, 0x5f,
    0x0, 0x0, 0x51, 0x0, 0xaa, 0x0, 0x5, 0xf0,
    0x0, 0xf, 0x50, 0xa, 0xa0, 0x0, 0x5f, 0x0,
    0x0, 0xf5, 0x0, 0xaa, 0x0, 0x5, 0xf0, 0x0,
    0xf, 0x50, 0xa, 0xc5, 0x55, 0x8f, 0x55, 0x55,
    0xf5, 0x0, 0xaf, 0xff, 0xff, 0xff, 0xff, 0xff,
    0x50,

    /* U+5206 "分" */
    0x0, 0x0, 0xf5, 0x0, 0xa, 0xa0, 0x0, 0x0,
    0x0, 0xf, 0x50, 0x0, 0xaa, 0x0, 0x0, 0x0,
    0x3a, 0xa3, 0x0, 0x6, 0xaa, 0x0, 0x0, 0x5,
    0xf0, 0x0, 0x0, 0x5, 0xf0, 0x0, 0x0, 0x5f,
    0x0, 0x0, 0x0, 0x5f, 0x0, 0x0, 0xaa, 0x0,
    0x0, 0x0, 0x0, 0xf, 0x50, 0x78, 0x87, 0x77,
    0x77, 0x77, 0x77, 0x87, 0x4e, 0x44, 0xee, 0xff,
    0xee, 0xee, 0xf0, 0x99, 0x0, 0x0, 0xa, 0xa0,
    0x0, 0x5f, 0x0, 0x0, 0x0, 0x0, 0xaa, 0x0,
    0x5, 0xf0, 0x0, 0x0, 0x0, 0x78, 0x50, 0x0,
    0x5f, 0x0, 0x0, 0x1, 0x5a, 0x30, 0x0, 0x5,
    0xf0, 0x0, 0x55, 0x8f, 0x0, 0x0, 0x55, 0x8f,
    0x0, 0xf, 0xfa, 0x0, 0x0, 0xf, 0xfa, 0x0,
    0x0,

    /* U+5207 "切" */
    0x0, 0xe7, 0x0, 0xef, 0xff, 0xff, 0xff, 0xf6,
    0x0, 0xe7, 0x0, 0x45, 0x6f, 0x75, 0x55, 0xf6,
    0x0, 0xe7, 0x0, 0x0, 0x1f, 0x20, 0x0, 0xe6,
    0x0, 0xe9, 0x33, 0x0, 0x1f, 0x20, 0x0, 0xe6,
    0x0, 0xef, 0xff, 0x10, 0x1f, 0x20, 0x0, 0xe6,
    0x3f, 0xf7, 0x0, 0x0, 0x1f, 0x20, 0x0, 0xe6,
    0x15, 0xe7, 0x0, 0x0, 0x1f, 0x20, 0x0, 0xe6,
    0x0, 0xe7, 0x0, 0x0, 0x1f, 0x20, 0x0, 0xe6,
    0x0, 0xe7, 0x0, 0x0, 0x1f, 0x20, 0x0, 0xe6,
    0x0, 0xe7, 0x3f, 0x10, 0x1f, 0x20, 0x0, 0xe6,
    0x0, 0xed, 0x95, 0x4, 0xa5, 0x0, 0x0, 0xe6,
    0x0, 0xec, 0x80, 0x6, 0xe0, 0x0, 0x0, 0xe6,
    0x0, 0xe7, 0x0, 0x49, 0xe0, 0x3, 0x55, 0xf6,
    0x0, 0x42, 0x0, 0xe9, 0x0, 0x9, 0xff, 0x62,

    /* U+5212 "划" */
    0x0, 0x5f, 0xa, 0xa0, 0x0, 0x0, 0xe, 0x70,
    0x5, 0xf0, 0x38, 0xf0, 0x5, 0xf0, 0xe7, 0x0,
    0x5f, 0x0, 0x26, 0x0, 0x5f, 0xe, 0x70, 0x5,
    0xf3, 0x33, 0x33, 0x15, 0xf0, 0xe7, 0x0, 0x5f,
    0xff, 0xff, 0xf5, 0x5f, 0xe, 0x7d, 0xde, 0xf2,
    0x22, 0x22, 0x5, 0xf0, 0xe7, 0x88, 0xbf, 0x0,
    0x27, 0x0, 0x5f, 0xe, 0x70, 0x5, 0xf0, 0x5,
    0xf0, 0x5, 0xf0, 0xe7, 0x0, 0x5f, 0xa, 0xa0,
    0x0, 0x5f, 0xe, 0x70, 0x1, 0x5a, 0x73, 0x0,
    0x5, 0xf0, 0xe7, 0x0, 0x0, 0xf5, 0x0, 0xf5,
    0x15, 0xe, 0x70, 0x1, 0x5a, 0x73, 0xf, 0x50,
    0x0, 0xe7, 0x55, 0x8f, 0xa, 0xc5, 0xf5, 0x15,
    0x5e, 0x7f, 0xfa, 0x0, 0x5, 0xff, 0x55, 0xff,
    0xf7,

    /* U+5217 "列" */
    0xff, 0xff, 0xff, 0xff, 0x0, 0x0, 0xe, 0x75,
    0x58, 0xf5, 0x55, 0x50, 0xe7, 0x0, 0xe7, 0x0,
    0x5f, 0x0, 0x0, 0xe, 0x70, 0xe, 0x70, 0x5,
    0xf5, 0x55, 0x50, 0xe7, 0x0, 0xe7, 0x0, 0x5f,
    0xff, 0xff, 0xe, 0x70, 0xe, 0x70, 0xaa, 0x0,
    0x5, 0xf0, 0xe7, 0x0, 0xe7, 0xa, 0xea, 0x0,
    0x5f, 0xe, 0x70, 0xe, 0x75, 0x8a, 0xa5, 0x15,
    0xf0, 0xe7, 0x0, 0xe7, 0xf5, 0x0, 0xf5, 0x5f,
    0xe, 0x70, 0xe, 0x70, 0x0, 0x0, 0xaa, 0x0,
    0xe7, 0x0, 0xe7, 0x0, 0x0, 0xa, 0xa0, 0x4,
    0x20, 0xe, 0x70, 0x0, 0x5, 0x87, 0x0, 0x0,
    0x0, 0xe7, 0x3, 0x55, 0xf5, 0x0, 0x0, 0x25,
    0x5e, 0x70, 0xaf, 0xf0, 0x0, 0x0, 0x8, 0xff,
    0xf7,

    /* U+521A "刚" */
    0xff, 0xff, 0xff, 0xff, 0xf5, 0x0, 0xe, 0x7f,
    0x85, 0x55, 0x55, 0x5f, 0x53, 0xa0, 0xe7, 0xf5,
    0x0, 0x0, 0x0, 0xf5, 0x5f, 0xe, 0x7f, 0x83,
    0x0, 0x1, 0x5f, 0x55, 0xf0, 0xe7, 0xff, 0xa0,
    0x0, 0x5f, 0xf5, 0x5f, 0xe, 0x7f, 0x55, 0xf0,
    0xe7, 0xf, 0x55, 0xf0, 0xe7, 0xf5, 0x28, 0x78,
    0x30, 0xf5, 0x5f, 0xe, 0x7f, 0x50, 0x1e, 0x30,
    0xf, 0x55, 0xf0, 0xe7, 0xf5, 0x5f, 0xe, 0x70,
    0xf5, 0x5f, 0xe, 0x7f, 0xfa, 0x0, 0x5, 0xff,
    0x55, 0xf0, 0xe7, 0xf8, 0x30, 0x0, 0x15, 0xf5,
    0x15, 0xe, 0x7f, 0x50, 0x0, 0x0, 0xf, 0x50,
    0x0, 0xe7, 0xf5, 0x0, 0x0, 0x15, 0xf5, 0x15,
    0x5e, 0x7f, 0x50, 0x0, 0x5, 0xff, 0x55, 0xff,
    0xf7,

    /* U+521B "创" */
    0x0, 0x0, 0xf1, 0x0, 0x0, 0x0, 0xe, 0x70,
    0x5, 0xf5, 0xe7, 0x0, 0x5, 0xf0, 0xe7, 0x7,
    0x85, 0x4, 0x8a, 0x0, 0x5f, 0xe, 0x75, 0x87,
    0x0, 0x5, 0xa5, 0x15, 0xf0, 0xe7, 0xf5, 0x0,
    0x0, 0x0, 0xf5, 0x5f, 0xe, 0x70, 0xaf, 0xff,
    0xff, 0xf0, 0x5, 0xf0, 0xe7, 0xa, 0xc5, 0x55,
    0xbf, 0x0, 0x5f, 0xe, 0x70, 0xaa, 0x0, 0x8,
    0xf0, 0x5, 0xf0, 0xe7, 0xa, 0xa0, 0x0, 0x8f,
    0x0, 0x5f, 0xe, 0x70, 0xaa, 0xf, 0xff, 0xf0,
    0x5, 0xf0, 0xe7, 0xa, 0xa0, 0x55, 0x55, 0x0,
    0x15, 0xe, 0x70, 0xaa, 0x0, 0x0, 0xa, 0x30,
    0x0, 0xe7, 0xa, 0xc5, 0x55, 0x55, 0xf5, 0x15,
    0x5e, 0x70, 0x5, 0xff, 0xff, 0xff, 0x55, 0xff,
    0xf7,

    /* U+521D "初" */
    0xa, 0xa0, 0xe, 0xff, 0xff, 0xff, 0xff, 0xe0,
    0x37, 0xa0, 0x45, 0x5f, 0x85, 0x55, 0xae, 0xaa,
    0xcf, 0xa3, 0x0, 0xf5, 0x0, 0x7, 0xea, 0xaa,
    0xaf, 0x50, 0xf, 0x50, 0x0, 0x7e, 0x0, 0x15,
    0xf5, 0x0, 0xf5, 0x0, 0x7, 0xe0, 0x5, 0xf0,
    0x0, 0xf, 0x50, 0x0, 0x7e, 0x0, 0x5f, 0x6,
    0x30, 0xf5, 0x0, 0x7, 0xe0, 0x16, 0xf1, 0xd6,
    0xf, 0x50, 0x0, 0x7e, 0xa, 0xff, 0xf5, 0x0,
    0xf5, 0x0, 0x7, 0xef, 0x55, 0xf0, 0xe7, 0xf,
    0x50, 0x0, 0x7e, 0x51, 0x5f, 0x4, 0x8a, 0x51,
    0x0, 0x7, 0xe0, 0x5, 0xf0, 0x8, 0xf0, 0x0,
    0x0, 0x7e, 0x0, 0x5f, 0x4, 0xbf, 0x0, 0x5,
    0x5a, 0xe0, 0x5, 0xf0, 0xea, 0x50, 0x1, 0xff,
    0xb4,

    /* U+522B "别" */
    0xff, 0xff, 0xff, 0xff, 0x0, 0x0, 0xe, 0x7f,
    0x85, 0x55, 0x58, 0xf0, 0x94, 0x0, 0xe7, 0xf5,
    0x0, 0x0, 0x5f, 0xe, 0x70, 0xe, 0x7f, 0x85,
    0x55, 0x58, 0xf0, 0xe7, 0x0, 0xe7, 0xff, 0xff,
    0xff, 0xff, 0xe, 0x70, 0xe, 0x70, 0x5, 0xf0,
    0x0, 0x0, 0xe7, 0x0, 0xe7, 0x77, 0xaf, 0x77,
    0x77, 0xe, 0x70, 0xe, 0x7e, 0xee, 0xfe, 0xee,
    0xf0, 0xe7, 0x0, 0xe7, 0x0, 0x5f, 0x0, 0x5f,
    0xe, 0x70, 0xe, 0x70, 0x5, 0xf0, 0x5, 0xf0,
    0xe7, 0x0, 0xe7, 0x7, 0x85, 0x0, 0x5f, 0x4,
    0x20, 0xe, 0x70, 0xaa, 0x0, 0x5, 0xf0, 0x0,
    0x0, 0xe7, 0x5c, 0xa0, 0x55, 0x8f, 0x0, 0x25,
    0x5e, 0x7f, 0x50, 0xf, 0xfa, 0x0, 0x8, 0xff,
    0xf7,

    /* U+5230 "到" */
    0xff, 0xff, 0xff, 0xff, 0xf5, 0x0, 0xe, 0x75,
    0x55, 0x5f, 0x85, 0x55, 0x15, 0xf0, 0xe7, 0x0,
    0x15, 0xa3, 0x0, 0x0, 0x5f, 0xe, 0x70, 0x5,
    0xf0, 0x0, 0x10, 0x5, 0xf0, 0xe7, 0xa, 0xa0,
    0x0, 0x5f, 0x0, 0x5f, 0xe, 0x7c, 0xee, 0xcc,
    0xc9, 0x3c, 0x45, 0xf0, 0xe7, 0x77, 0x77, 0xfa,
    0x50, 0x72, 0x5f, 0xe, 0x70, 0x0, 0xf, 0x50,
    0x0, 0x5, 0xf0, 0xe7, 0x0, 0x0, 0xf5, 0x0,
    0x0, 0x5f, 0xe, 0x7f, 0xff, 0xff, 0xff, 0xff,
    0x55, 0xf0, 0xe7, 0x55, 0x55, 0xf8, 0x55, 0x51,
    0x15, 0xe, 0x70, 0x0, 0xf, 0x85, 0x55, 0x10,
    0x0, 0xe7, 0x55, 0x55, 0xff, 0xff, 0xf5, 0x15,
    0x5e, 0x7f, 0xff, 0xf0, 0x0, 0x0, 0x5, 0xff,
    0xf7,

    /* U+5237 "刷" */
    0xa, 0xff, 0xff, 0xff, 0xf5, 0x0, 0xe, 0x70,
    0xac, 0x55, 0x55, 0x5f, 0x55, 0xf0, 0xe7, 0xa,
    0xea, 0xaa, 0xaa, 0xf5, 0x5f, 0xe, 0x70, 0xae,
    0xaa, 0xfd, 0xaa, 0x35, 0xf0, 0xe7, 0xa, 0xa0,
    0xe, 0x70, 0x0, 0x5f, 0xe, 0x70, 0xaa, 0x0,
    0xe7, 0x0, 0x5, 0xf0, 0xe7, 0xa, 0xea, 0xaf,
    0xda, 0xa3, 0x5f, 0xe, 0x70, 0xaf, 0xfa, 0xfc,
    0xaf, 0x55, 0xf0, 0xe7, 0xa, 0xff, 0xe, 0x70,
    0xf5, 0x5f, 0xe, 0x70, 0xaf, 0xf0, 0xe7, 0xf,
    0x55, 0xf0, 0xe7, 0xf8, 0x8f, 0xe, 0x70, 0xf5,
    0x15, 0xe, 0x7f, 0x55, 0xf0, 0xeb, 0x8f, 0x50,
    0x0, 0xe7, 0xf5, 0x5f, 0xe, 0xff, 0xf5, 0x0,
    0xe, 0x7f, 0x50, 0x0, 0xe7, 0x0, 0x5, 0xff,
    0xf7,

    /* U+523B "刻" */
    0x0, 0x0, 0xf5, 0x0, 0x0, 0x0, 0xe, 0x7f,
    0xff, 0xff, 0xff, 0xff, 0x55, 0xf0, 0xe7, 0x55,
    0x8f, 0x55, 0x55, 0x51, 0x5f, 0xe, 0x70, 0x37,
    0xa0, 0x1, 0x50, 0x5, 0xf0, 0xe7, 0xa, 0xa0,
    0x0, 0x5f, 0x0, 0x5f, 0xe, 0x7f, 0xff, 0xff,
    0xfa, 0x0, 0x5, 0xf0, 0xe7, 0x55, 0x55, 0xf8,
    0x30, 0x0, 0x5f, 0xe, 0x70, 0x1, 0x5a, 0x30,
    0x5, 0x15, 0xf0, 0xe7, 0x0, 0x5f, 0x0, 0x0,
    0xf5, 0x5f, 0xe, 0x7f, 0xfa, 0x0, 0x5, 0xf0,
    0x5, 0xf0, 0xe7, 0x55, 0x30, 0x7, 0x85, 0x0,
    0x15, 0xe, 0x70, 0x1, 0x55, 0x88, 0x50, 0x0,
    0x0, 0xe7, 0x55, 0x8f, 0xf5, 0x5f, 0x51, 0x15,
    0x5e, 0x7f, 0xfa, 0x0, 0x0, 0xf, 0x55, 0xff,
    0xf7,

    /* U+524D "前" */
    0x0, 0x5f, 0x0, 0x0, 0x0, 0x5f, 0x0, 0x0,
    0x1, 0x5c, 0x40, 0x0, 0x8a, 0x50, 0x0, 0x77,
    0x77, 0xfa, 0x77, 0x7d, 0xd7, 0x77, 0x4e, 0xee,
    0xee, 0xee, 0xee, 0xee, 0xee, 0xe9, 0x0, 0x0,
    0x0, 0x0, 0x0, 0x0, 0x0, 0x0, 0xaf, 0xff,
    0xff, 0xf0, 0xaa, 0xf, 0x50, 0xa, 0xc5, 0x55,
    0x8f, 0xa, 0xa0, 0xf5, 0x0, 0xac, 0x55, 0x58,
    0xf0, 0xaa, 0xf, 0x50, 0xa, 0xff, 0xff, 0xff,
    0xa, 0xa0, 0xf5, 0x0, 0xaa, 0x0, 0x5, 0xf0,
    0xaa, 0xf, 0x50, 0xa, 0xd7, 0x77, 0xaf, 0xa,
    0xa0, 0xf5, 0x0, 0xaf, 0xee, 0xee, 0xf0, 0x99,
    0xf, 0x50, 0xa, 0xa0, 0x3, 0x8f, 0x0, 0x15,
    0xf5, 0x0, 0xaa, 0x0, 0xaf, 0xf0, 0x5, 0xff,
    0x50,

    /* U+5269 "剩" */
    0x0, 0x0, 0xa, 0xff, 0x0, 0x0, 0xe, 0x70,
    0xaf, 0xff, 0x85, 0x50, 0x5, 0xf0, 0xe7, 0x3,
    0x55, 0xf5, 0x0, 0x0, 0x5f, 0xe, 0x75, 0x55,
    0x5f, 0x85, 0x55, 0x15, 0xf0, 0xe7, 0xff, 0xff,
    0xff, 0xff, 0xf5, 0x5f, 0xe, 0x70, 0xaa, 0xf,
    0x55, 0xf0, 0x5, 0xf0, 0xe7, 0x7c, 0xa0, 0xf5,
    0x5f, 0x72, 0x5f, 0xe, 0x7e, 0xfa, 0xf, 0x55,
    0xfe, 0x45, 0xf0, 0xe7, 0xa, 0xa0, 0xf5, 0x5f,
    0x0, 0x5f, 0xe, 0x7f, 0xfa, 0xf, 0x55, 0xff,
    0x55, 0xf0, 0xe7, 0x55, 0x7a, 0xfc, 0x85, 0x51,
    0x15, 0xe, 0x70, 0x37, 0xaf, 0xc8, 0x50, 0x0,
    0x0, 0xe7, 0x5c, 0xa0, 0xf5, 0x5f, 0x51, 0x15,
    0x5e, 0x7f, 0x50, 0xf, 0x50, 0xf, 0x55, 0xff,
    0xf7,

    /* U+529F "功" */
    0x0, 0x0, 0x0, 0x0, 0xf7, 0x0, 0x0, 0xb,
    0xbb, 0xbb, 0x30, 0xf, 0x70, 0x0, 0x0, 0x88,
    0xbf, 0x87, 0x77, 0xfb, 0x77, 0x77, 0x60, 0x5,
    0xf0, 0x9e, 0xef, 0xfe, 0xee, 0xfe, 0x0, 0x5f,
    0x0, 0x0, 0xf7, 0x0, 0x7, 0xe0, 0x5, 0xf0,
    0x0, 0xf, 0x70, 0x0, 0x7e, 0x0, 0x5f, 0x0,
    0x0, 0xf7, 0x0, 0x7, 0xe0, 0x5, 0xf0, 0x0,
    0xf, 0x70, 0x0, 0x7e, 0x0, 0x5f, 0x0, 0x0,
    0xf7, 0x0, 0x7, 0xe0, 0x5, 0xfb, 0x30, 0xf,
    0x70, 0x0, 0x7e, 0xaa, 0xaa, 0xa3, 0x3a, 0xa4,
    0x0, 0x7, 0xea, 0xa7, 0x0, 0x5, 0xf0, 0x0,
    0x0, 0x7e, 0x0, 0x0, 0x3, 0x8f, 0x0, 0x5,
    0x5a, 0xe0, 0x0, 0x0, 0xaa, 0x0, 0x1, 0xff,
    0x80,

    /* U+52A0 "加" */
    0x0, 0x5f, 0x0, 0x0, 0x0, 0x0, 0x0, 0x0,
    0x5, 0xf0, 0x0, 0x0, 0xab, 0xbb, 0xb5, 0x77,
    0xaf, 0x77, 0x77, 0xe, 0xc8, 0x8f, 0x7e, 0xee,
    0xfe, 0xee, 0xf0, 0xe7, 0x0, 0xe7, 0x0, 0x5f,
    0x0, 0x5f, 0xe, 0x70, 0xe, 0x70, 0x5, 0xf0,
    0x5, 0xf0, 0xe7, 0x0, 0xe7, 0x0, 0x5f, 0x0,
    0x5f, 0xe, 0x70, 0xe, 0x70, 0x5, 0xf0, 0x5,
    0xf0, 0xe7, 0x0, 0xe7, 0x0, 0x5f, 0x0, 0x5f,
    0xe, 0x70, 0xe, 0x70, 0x5, 0xf0, 0x5, 0xf0,
    0xe7, 0x0, 0xe7, 0x7, 0xaa, 0x0, 0x5f, 0xe,
    0x70, 0xe, 0x70, 0xaa, 0x0, 0x5, 0xf0, 0xe7,
    0x0, 0xe7, 0x5c, 0xa0, 0x55, 0x8f, 0xe, 0xa5,
    0x5e, 0x7f, 0x50, 0xf, 0xfa, 0x0, 0xef, 0xff,
    0xf7,

    /* U+52A1 "务" */
    0x0, 0x0, 0xf5, 0x0, 0x0, 0x0, 0x0, 0x0,
    0x0, 0xf, 0xff, 0xff, 0xff, 0xc0, 0x0, 0x0,
    0x3a, 0x55, 0x55, 0x55, 0xbc, 0x0, 0x5, 0x57,
    0xa5, 0x10, 0x0, 0x48, 0x80, 0x0, 0xff, 0xa0,
    0xf5, 0x0, 0xe, 0x70, 0x0, 0x0, 0x0, 0x0,
    0xaf, 0xff, 0x10, 0x0, 0x0, 0x77, 0x77, 0x78,
    0x88, 0x87, 0x77, 0x77, 0x3e, 0xee, 0xee, 0x83,
    0x0, 0xce, 0xee, 0xe6, 0x0, 0x0, 0xa, 0x90,
    0x0, 0x0, 0x0, 0x0, 0xaf, 0xff, 0xff, 0xff,
    0xff, 0xff, 0x20, 0x3, 0x55, 0x5c, 0xb5, 0x55,
    0x57, 0xf2, 0x0, 0x0, 0x5, 0x86, 0x0, 0x0,
    0x3f, 0x20, 0x55, 0x55, 0xf5, 0x0, 0x4, 0x57,
    0xf2, 0xf, 0xff, 0xf0, 0x0, 0x0, 0xef, 0xc0,
    0x0,

    /* U+52A8 "动" */
    0x0, 0x0, 0x0, 0x0, 0xa, 0xe0, 0x0, 0x0,
    0x7b, 0xbb, 0xb7, 0x0, 0xae, 0x0, 0x0, 0x5,
    0x88, 0x88, 0x87, 0x7d, 0xf7, 0x77, 0x60, 0x0,
    0x0, 0x4, 0xee, 0xff, 0xee, 0xfe, 0x0, 0x0,
    0x0, 0x0, 0xa, 0xe0, 0x7, 0xef, 0xff, 0xff,
    0xfa, 0x0, 0xae, 0x0, 0x7e, 0x55, 0x8f, 0x55,
    0x30, 0xa, 0xe0, 0x7, 0xe0, 0x37, 0xa0, 0x0,
    0x0, 0xae, 0x0, 0x7e, 0xa, 0xa0, 0x0, 0x0,
    0xa, 0xe0, 0x7, 0xe0, 0xaa, 0x0, 0xaa, 0x0,
    0xae, 0x0, 0x7e, 0x58, 0x70, 0x5c, 0xa0, 0x58,
    0x90, 0x7, 0xef, 0x72, 0x2d, 0xfa, 0xf, 0x50,
    0x0, 0x7e, 0xff, 0xff, 0xa, 0xc5, 0xf5, 0x5,
    0x5a, 0xe0, 0x0, 0x0, 0x5, 0xf0, 0x1, 0xff,
    0x80,

    /* U+52AB "劫" */
    0x0, 0x5f, 0x0, 0x0, 0xe, 0x70, 0x0, 0x0,
    0x5, 0xf0, 0x0, 0x0, 0xe7, 0x0, 0x0, 0x77,
    0xaf, 0x77, 0x40, 0x7f, 0xb7, 0x77, 0x3e, 0xee,
    0xfe, 0xe9, 0xe, 0xff, 0xee, 0xf7, 0x0, 0x5f,
    0x0, 0x0, 0xe, 0x70, 0xe, 0x70, 0x5, 0xf0,
    0x0, 0x0, 0xe7, 0x0, 0xe7, 0x77, 0xaf, 0x77,
    0x77, 0xe, 0x70, 0xe, 0x7e, 0xee, 0xfe, 0xee,
    0xe0, 0xe7, 0x0, 0xe7, 0x0, 0x5f, 0x0, 0x0,
    0xe, 0x70, 0xe, 0x70, 0x78, 0x50, 0x77, 0x0,
    0xe7, 0x0, 0xe7, 0xa, 0xa0, 0xa, 0xa0, 0xaa,
    0x40, 0xe, 0x7a, 0x73, 0xa, 0xea, 0xf, 0x10,
    0x0, 0xe7, 0xf8, 0x55, 0xff, 0xc5, 0xf1, 0x25,
    0x5e, 0x7f, 0xff, 0xf0, 0x5, 0xf0, 0x8, 0xff,
    0x10,

    /* U+52BF "势" */
    0x0, 0x9, 0x80, 0x0, 0xe, 0x30, 0x0, 0x0,
    0xe, 0xff, 0xff, 0xbf, 0xff, 0xff, 0xf4, 0x0,
    0x1, 0x1a, 0x91, 0x11, 0x2f, 0x11, 0xc4, 0x0,
    0x0, 0x1a, 0xb9, 0x8d, 0x8d, 0x0, 0xc4, 0x0,
    0x1e, 0xff, 0xd9, 0x44, 0xed, 0x10, 0xc5, 0x0,
    0x5, 0x29, 0x80, 0x2, 0xfc, 0xe4, 0xa6, 0x82,
    0x1, 0x4b, 0x80, 0x4e, 0x60, 0x87, 0x6c, 0xe1,
    0x2, 0xba, 0x20, 0x59, 0x0, 0x0, 0x7, 0x60,
    0x2, 0x44, 0x44, 0x8d, 0x44, 0x44, 0x42, 0x0,
    0x6, 0xcc, 0xcc, 0xfe, 0xcc, 0xcc, 0xe8, 0x0,
    0x0, 0x0, 0x3, 0xf1, 0x0, 0x0, 0xb6, 0x0,
    0x0, 0x0, 0x3e, 0x60, 0x0, 0x0, 0xe4, 0x0,
    0x0, 0x4a, 0xf7, 0x0, 0x11, 0x5, 0xf0, 0x0,
    0x1f, 0xd8, 0x10, 0x0, 0x7f, 0xfe, 0x60, 0x0,
    0x1, 0x0, 0x0, 0x0, 0x0, 0x0, 0x0, 0x0,

    /* U+5316 "化" */
    0x0, 0x8, 0xe0, 0x0, 0x3f, 0x10, 0x0, 0x0,
    0x0, 0x8, 0xe0, 0x0, 0x3f, 0x10, 0x0, 0x0,
    0x0, 0xec, 0x90, 0x0, 0x3f, 0x10, 0x7, 0x0,
    0x0, 0xe7, 0x0, 0x0, 0x3f, 0x10, 0x2e, 0x10,
    0x0, 0xe7, 0x0, 0x0, 0x3f, 0x16, 0xe0, 0x0,
    0x3f, 0xf7, 0x0, 0x0, 0x3f, 0xf7, 0x0, 0x0,
    0x15, 0xe7, 0x0, 0x5, 0xbf, 0x62, 0x0, 0x0,
    0x0, 0xe7, 0x5, 0x58, 0xbf, 0x10, 0x0, 0x0,
    0x0, 0xe7, 0x1f, 0xf9, 0x3f, 0x10, 0x0, 0x0,
    0x0, 0xe7, 0x0, 0x0, 0x3f, 0x10, 0x0, 0x0,
    0x0, 0xe7, 0x0, 0x0, 0x3f, 0x10, 0x0, 0xe6,
    0x0, 0xe7, 0x0, 0x0, 0x3f, 0x10, 0x0, 0xe6,
    0x0, 0xe7, 0x0, 0x0, 0x3f, 0x65, 0x55, 0xf6,
    0x0, 0xe7, 0x0, 0x0, 0x15, 0xff, 0xff, 0xf6,

    /* U+5317 "北" */
    0x0, 0x0, 0xf5, 0x0, 0xf5, 0x0, 0x0, 0x0,
    0x0, 0xf, 0x50, 0xf, 0x50, 0x0, 0x0, 0x0,
    0x0, 0xf5, 0x0, 0xf5, 0x0, 0x4, 0x41, 0x11,
    0x1f, 0x50, 0xf, 0x50, 0x1, 0xa9, 0xff, 0xff,
    0xf5, 0x0, 0xf5, 0x0, 0xf5, 0x0, 0x0, 0xf,
    0x50, 0xf, 0xff, 0xf0, 0x0, 0x0, 0x0, 0xf5,
    0x0, 0xf8, 0x55, 0x0, 0x0, 0x0, 0xf, 0x50,
    0xf, 0x50, 0x0, 0x0, 0x0, 0x0, 0xf5, 0x0,
    0xf5, 0x0, 0x0, 0x0, 0x4, 0xdf, 0x50, 0xf,
    0x50, 0x0, 0x0, 0x77, 0x78, 0xf5, 0x0, 0xf5,
    0x0, 0x4, 0x4e, 0xe9, 0xf, 0x50, 0xf, 0x50,
    0x0, 0xaa, 0x0, 0x0, 0xf5, 0x0, 0xf8, 0x55,
    0x5c, 0xa0, 0x0, 0xf, 0x50, 0x5, 0xcf, 0xff,
    0xfa,

    /* U+533A "区" */
    0xff, 0xff, 0xff, 0xff, 0xff, 0xff, 0xff, 0xaf,
    0x85, 0x55, 0x55, 0x55, 0x55, 0x55, 0x53, 0xf5,
    0x0, 0x72, 0x0, 0x0, 0x0, 0x72, 0xf, 0x50,
    0xe, 0x51, 0x0, 0x0, 0x1e, 0x40, 0xf5, 0x0,
    0xa, 0xa0, 0x0, 0x8f, 0x0, 0xf, 0x50, 0x0,
    0x5, 0xf0, 0xe7, 0x0, 0x0, 0xf5, 0x0, 0x0,
    0x15, 0xa5, 0x20, 0x0, 0xf, 0x50, 0x0, 0x1,
    0x5a, 0x52, 0x0, 0x0, 0xf5, 0x0, 0x0, 0x5f,
    0xe, 0x70, 0x0, 0xf, 0x50, 0x0, 0xaa, 0x0,
    0x8, 0xf0, 0x0, 0xf5, 0x0, 0x78, 0x50, 0x0,
    0x48, 0x72, 0xf, 0x50, 0xe, 0x40, 0x0, 0x0,
    0xe, 0x40, 0xf8, 0x55, 0x55, 0x55, 0x55, 0x55,
    0x55, 0x3f, 0xff, 0xff, 0xff, 0xff, 0xff, 0xff,
    0xfa,

    /* U+5348 "午" */
    0xa, 0xa0, 0x0, 0x0, 0x0, 0x0, 0x0, 0x0,
    0xaf, 0xff, 0xff, 0xff, 0xff, 0xff, 0x50, 0xa,
    0xc5, 0x55, 0x8f, 0x55, 0x55, 0x51, 0x5, 0x87,
    0x0, 0x5, 0xf0, 0x0, 0x0, 0x0, 0xf5, 0x0,
    0x0, 0x5f, 0x0, 0x0, 0x0, 0x0, 0x0, 0x0,
    0x5, 0xf0, 0x0, 0x0, 0x0, 0x77, 0x77, 0x77,
    0xaf, 0x77, 0x77, 0x77, 0x4e, 0xee, 0xee, 0xee,
    0xfe, 0xee, 0xee, 0xe9, 0x0, 0x0, 0x0, 0x5f,
    0x0, 0x0, 0x0, 0x0, 0x0, 0x0, 0x5, 0xf0,
    0x0, 0x0, 0x0, 0x0, 0x0, 0x0, 0x5f, 0x0,
    0x0, 0x0, 0x0, 0x0, 0x0, 0x5, 0xf0, 0x0,
    0x0, 0x0, 0x0, 0x0, 0x0, 0x5f, 0x0, 0x0,
    0x0, 0x0, 0x0, 0x0, 0x5, 0xf0, 0x0, 0x0,
    0x0,

    /* U+534A "半" */
    0x0, 0x0, 0x0, 0x5f, 0x0, 0x0, 0x0, 0x0,
    0x77, 0x0, 0x5, 0xf0, 0x0, 0xb, 0x40, 0x5,
    0x87, 0x0, 0x5f, 0x0, 0x27, 0x83, 0x0, 0x4,
    0xe0, 0x5, 0xf0, 0x4, 0xe0, 0x0, 0x0, 0x0,
    0x0, 0x5f, 0x0, 0x0, 0x0, 0x0, 0xaf, 0xff,
    0xff, 0xff, 0xff, 0xff, 0x50, 0x3, 0x55, 0x55,
    0x8f, 0x55, 0x55, 0x51, 0x0, 0x0, 0x0, 0x5,
    0xf0, 0x0, 0x0, 0x0, 0x0, 0x0, 0x0, 0x5f,
    0x0, 0x0, 0x0, 0xf, 0xff, 0xff, 0xff, 0xff,
    0xff, 0xff, 0xfa, 0x55, 0x55, 0x55, 0x8f, 0x55,
    0x55, 0x55, 0x30, 0x0, 0x0, 0x5, 0xf0, 0x0,
    0x0, 0x0, 0x0, 0x0, 0x0, 0x5f, 0x0, 0x0,
    0x0, 0x0, 0x0, 0x0, 0x5, 0xf0, 0x0, 0x0,
    0x0,

    /* U+534E "华" */
    0x0, 0x0, 0xf5, 0x0, 0xf5, 0x0, 0x0, 0x0,
    0x5, 0xf5, 0x10, 0xf, 0x50, 0xf, 0xfa, 0x7,
    0xcf, 0x0, 0x0, 0xfc, 0xaa, 0x55, 0x35, 0x8c,
    0xf0, 0x35, 0x5f, 0xca, 0xa0, 0x0, 0xf5, 0x5f,
    0xa, 0xff, 0xf5, 0x0, 0x0, 0x0, 0x5, 0xf0,
    0x0, 0xf, 0x50, 0x0, 0xaa, 0x0, 0x5f, 0x0,
    0x0, 0xa7, 0x55, 0x5c, 0xa0, 0x3, 0xa0, 0x3,
    0xa0, 0x7a, 0xaa, 0xa7, 0x0, 0x0, 0x0, 0x5f,
    0x0, 0x0, 0x0, 0xf, 0xff, 0xff, 0xff, 0xff,
    0xff, 0xff, 0xfa, 0x55, 0x55, 0x55, 0x8f, 0x55,
    0x55, 0x55, 0x30, 0x0, 0x0, 0x5, 0xf0, 0x0,
    0x0, 0x0, 0x0, 0x0, 0x0, 0x5f, 0x0, 0x0,
    0x0, 0x0, 0x0, 0x0, 0x5, 0xf0, 0x0, 0x0,
    0x0,

    /* U+5353 "卓" */
    0x0, 0x0, 0x0, 0x5f, 0x0, 0x0, 0x0, 0x0,
    0x0, 0x0, 0x5, 0xff, 0xff, 0xff, 0xfa, 0x0,
    0x0, 0x0, 0x5f, 0x55, 0x55, 0x55, 0x30, 0x35,
    0x55, 0x58, 0xf5, 0x55, 0x55, 0x10, 0xa, 0xff,
    0xff, 0xff, 0xff, 0xff, 0xf5, 0x0, 0xaa, 0x0,
    0x0, 0x0, 0x0, 0xf, 0x50, 0xa, 0xd7, 0x77,
    0x77, 0x77, 0x77, 0xf5, 0x0, 0xaf, 0xee, 0xee,
    0xee, 0xee, 0xef, 0x50, 0xa, 0xa0, 0x0, 0x0,
    0x0, 0x0, 0xf5, 0x0, 0xaf, 0xff, 0xff, 0xff,
    0xff, 0xff, 0x50, 0x3, 0x55, 0x55, 0x8f, 0x55,
    0x55, 0x51, 0x5, 0x55, 0x55, 0x58, 0xf5, 0x55,
    0x55, 0x53, 0xff, 0xff, 0xff, 0xff, 0xff, 0xff,
    0xff, 0xa0, 0x0, 0x0, 0x5, 0xf0, 0x0, 0x0,
    0x0,

    /* U+5355 "单" */
    0x0, 0x5f, 0x0, 0x0, 0x0, 0x5f, 0x0, 0x0,
    0x1, 0x5c, 0x40, 0x0, 0x8a, 0x50, 0x0, 0x4,
    0x77, 0xfa, 0x77, 0x7c, 0xd7, 0x72, 0x0, 0xaf,
    0xee, 0xee, 0xfe, 0xee, 0xef, 0x50, 0xa, 0xa0,
    0x0, 0x5f, 0x0, 0x0, 0xf5, 0x0, 0xaf, 0xff,
    0xff, 0xff, 0xff, 0xff, 0x50, 0xa, 0xc5, 0x55,
    0x8f, 0x55, 0x55, 0xf5, 0x0, 0xac, 0x55, 0x58,
    0xf5, 0x55, 0x5f, 0x50, 0xa, 0xff, 0xff, 0xff,
    0xff, 0xff, 0xf5, 0x0, 0x0, 0x0, 0x5, 0xf0,
    0x0, 0x0, 0x0, 0x77, 0x77, 0x77, 0xaf, 0x77,
    0x77, 0x77, 0x4e, 0xee, 0xee, 0xee, 0xfe, 0xee,
    0xee, 0xe9, 0x0, 0x0, 0x0, 0x5f, 0x0, 0x0,
    0x0, 0x0, 0x0, 0x0, 0x5, 0xf0, 0x0, 0x0,
    0x0,

    /* U+5357 "南" */
    0x0, 0x0, 0x0, 0x7d, 0x0, 0x0, 0x0, 0xf,
    0xff, 0xff, 0xff, 0xff, 0xff, 0xff, 0xf7, 0x55,
    0x55, 0x55, 0x9e, 0x55, 0x55, 0x55, 0x25, 0x55,
    0x55, 0x59, 0xe5, 0x55, 0x55, 0x52, 0xff, 0xff,
    0xff, 0xff, 0xff, 0xff, 0xff, 0x7f, 0x50, 0xf,
    0x40, 0x0, 0xd7, 0x0, 0xe7, 0xf5, 0x0, 0x59,
    0x61, 0xa6, 0x20, 0xe, 0x7f, 0x51, 0x55, 0xdd,
    0xbf, 0x65, 0x50, 0xe7, 0xf5, 0x5f, 0xff, 0xff,
    0xff, 0xff, 0xe, 0x7f, 0x50, 0x0, 0x7, 0xd0,
    0x0, 0x0, 0xe7, 0xf5, 0x27, 0x77, 0xbe, 0x77,
    0x77, 0xe, 0x7f, 0x54, 0xee, 0xef, 0xfe, 0xee,
    0xe0, 0xe7, 0xf5, 0x0, 0x0, 0x7d, 0x0, 0x25,
    0x5e, 0x7f, 0x50, 0x0, 0x7, 0xd0, 0x8, 0xff,
    0xf7,

    /* U+5360 "占" */
    0x0, 0x0, 0x6, 0xe0, 0x0, 0x0, 0x0, 0x0,
    0x0, 0x6, 0xe0, 0x0, 0x0, 0x0, 0x0, 0x0,
    0x6, 0xf7, 0x77, 0x77, 0x74, 0x0, 0x0, 0x6,
    0xfe, 0xee, 0xee, 0xe8, 0x0, 0x0, 0x6, 0xe0,
    0x0, 0x0, 0x0, 0x0, 0x0, 0x6, 0xe0, 0x0,
    0x0, 0x0, 0x0, 0x0, 0x6, 0xe0, 0x0, 0x0,
    0x0, 0x45, 0x55, 0x59, 0xf5, 0x55, 0x55, 0x0,
    0xef, 0xff, 0xff, 0xff, 0xff, 0xff, 0x10, 0xe7,
    0x0, 0x0, 0x0, 0x0, 0x3f, 0x10, 0xe7, 0x0,
    0x0, 0x0, 0x0, 0x3f, 0x10, 0xe7, 0x0, 0x0,
    0x0, 0x0, 0x3f, 0x10, 0xea, 0x55, 0x55, 0x55,
    0x55, 0x7f, 0x10, 0xef, 0xff, 0xff, 0xff, 0xff,
    0xff, 0x10,

    /* U+5361 "卡" */
    0x0, 0x0, 0x0, 0x5f, 0x0, 0x0, 0x0, 0x0,
    0x0, 0x0, 0x5, 0xf0, 0x0, 0x0, 0x0, 0x0,
    0x0, 0x0, 0x5f, 0x77, 0x77, 0x72, 0x0, 0x0,
    0x0, 0x5, 0xfe, 0xee, 0xee, 0x40, 0x0, 0x0,
    0x0, 0x5f, 0x0, 0x0, 0x0, 0x0, 0x0, 0x0,
    0x5, 0xf0, 0x0, 0x0, 0x0, 0x77, 0x77, 0x77,
    0xaf, 0x77, 0x77, 0x77, 0x4e, 0xee, 0xee, 0xee,
    0xfe, 0xee, 0xee, 0xe9, 0x0, 0x0, 0x0, 0x5f,
    0x0, 0x0, 0x0, 0x0, 0x0, 0x0, 0x5, 0xf0,
    0xaa, 0x0, 0x0, 0x0, 0x0, 0x0, 0x5f, 0x3,
    0x7a, 0x0, 0x0, 0x0, 0x0, 0x5, 0xf0, 0x3,
    0xa5, 0x10, 0x0, 0x0, 0x0, 0x5f, 0x0, 0x0,
    0xf5, 0x0, 0x0, 0x0, 0x5, 0xf0, 0x0, 0x0,
    0x0,

    /* U+5371 "危" */
    0x0, 0x0, 0xf1, 0x0, 0x0, 0x0, 0x0, 0x0,
    0x0, 0xf, 0xff, 0xff, 0xf7, 0x0, 0x0, 0x0,
    0x3a, 0x55, 0x55, 0x5e, 0x70, 0x0, 0x0, 0x38,
    0xf5, 0x55, 0x55, 0xea, 0x55, 0x52, 0xa, 0xff,
    0xff, 0xff, 0xff, 0xff, 0xff, 0x7f, 0x55, 0xf0,
    0x0, 0x0, 0x0, 0x0, 0x0, 0x82, 0x5f, 0x6,
    0x77, 0x77, 0x75, 0x0, 0x0, 0x5, 0xf0, 0xef,
    0xee, 0xef, 0xc0, 0x0, 0x0, 0x5f, 0xe, 0x70,
    0x0, 0x8c, 0x0, 0x0, 0x5, 0xf0, 0xe7, 0x0,
    0xcf, 0xc0, 0x0, 0x7, 0x85, 0xe, 0x70, 0x4,
    0x54, 0x0, 0x0, 0xaa, 0x0, 0xe7, 0x0, 0x0,
    0x0, 0x94, 0x5c, 0xa0, 0xe, 0xa5, 0x55, 0x55,
    0x5e, 0x7f, 0x50, 0x0, 0x8, 0xff, 0xff, 0xff,
    0xf7,

    /* U+5373 "即" */
    0x4f, 0xff, 0xff, 0xe0, 0xce, 0xee, 0xec, 0x4e,
    0x11, 0x15, 0xe0, 0xd7, 0x33, 0x7d, 0x4e, 0x0,
    0x4, 0xe0, 0xd4, 0x0, 0x5d, 0x4f, 0x33, 0x37,
    0xe0, 0xd4, 0x0, 0x5d, 0x4f, 0xdd, 0xde, 0xe0,
    0xd4, 0x0, 0x5d, 0x4e, 0x0, 0x4, 0xe0, 0xd4,
    0x0, 0x5d, 0x4e, 0x11, 0x15, 0xe0, 0xd4, 0x0,
    0x5d, 0x4f, 0xff, 0xff, 0xe0, 0xd4, 0x0, 0x5d,
    0x4e, 0x0, 0x0, 0x0, 0xd4, 0x0, 0x5d, 0x4e,
    0x0, 0xb7, 0x0, 0xd4, 0x0, 0x6d, 0x4e, 0x0,
    0x3f, 0x10, 0xd4, 0x8f, 0xf9, 0x5e, 0x59, 0xef,
    0xa0, 0xd4, 0x2, 0x10, 0xcf, 0xc7, 0x22, 0xf1,
    0xd4, 0x0, 0x0, 0x42, 0x0, 0x0, 0x10, 0xd4,
    0x0, 0x0,

    /* U+5386 "历" */
    0xa, 0xff, 0xff, 0xff, 0xff, 0xff, 0xff, 0xe0,
    0xae, 0x55, 0x55, 0x55, 0x55, 0x55, 0x54, 0xa,
    0xe0, 0x0, 0x0, 0xa4, 0x0, 0x0, 0x0, 0xae,
    0x0, 0x0, 0xf, 0x70, 0x0, 0x0, 0xa, 0xe0,
    0x0, 0x0, 0xf7, 0x0, 0x0, 0x0, 0xae, 0xf,
    0xff, 0xff, 0xff, 0xff, 0xfe, 0xa, 0xe0, 0x55,
    0x55, 0xfa, 0x55, 0x5a, 0xe0, 0xae, 0x0, 0x0,
    0xf, 0x70, 0x0, 0x7e, 0xa, 0xe0, 0x0, 0x0,
    0xf7, 0x0, 0x7, 0xe0, 0xae, 0x0, 0x5, 0xf0,
    0x0, 0x0, 0x7e, 0xa, 0xe0, 0x0, 0x5f, 0x0,
    0x0, 0x7, 0xe0, 0xae, 0x0, 0x27, 0xa0, 0x0,
    0x0, 0x7e, 0x5c, 0xe5, 0x5a, 0xa0, 0x0, 0x5,
    0x5a, 0xef, 0x51, 0xff, 0x80, 0x0, 0x1, 0xff,
    0x80,

    /* U+538B "压" */
    0xa, 0xff, 0xff, 0xff, 0xff, 0xff, 0xff, 0xe0,
    0xae, 0x55, 0x55, 0x55, 0x55, 0x55, 0x54, 0xa,
    0xe0, 0x0, 0x0, 0xc9, 0x0, 0x0, 0x0, 0xae,
    0x0, 0x0, 0xc, 0x90, 0x0, 0x0, 0xa, 0xe0,
    0x0, 0x0, 0xc9, 0x0, 0x0, 0x0, 0xae, 0x0,
    0x0, 0xc, 0x90, 0x0, 0x0, 0xa, 0xe0, 0x57,
    0x77, 0xec, 0x77, 0x74, 0x0, 0xae, 0xb, 0xee,
    0xef, 0xfe, 0xee, 0x80, 0xa, 0xe0, 0x0, 0x0,
    0xc9, 0x0, 0x0, 0x0, 0xae, 0x0, 0x0, 0xc,
    0x91, 0xc2, 0x0, 0xa, 0xe0, 0x0, 0x0, 0xc9,
    0x8, 0x74, 0x0, 0xae, 0x0, 0x0, 0xc, 0x90,
    0xb, 0x80, 0x5c, 0xe5, 0x55, 0x55, 0xdb, 0x55,
    0x55, 0x4f, 0x86, 0xff, 0xff, 0xff, 0xff, 0xff,
    0xfe,

    /* U+539F "原" */
    0xa, 0xff, 0xff, 0xff, 0xff, 0xff, 0xff, 0xa0,
    0xac, 0x55, 0x55, 0x5f, 0x85, 0x55, 0x53, 0xa,
    0xa0, 0x77, 0x77, 0xfa, 0x77, 0x72, 0x0, 0xaa,
    0xf, 0xee, 0xee, 0xee, 0xef, 0x50, 0xa, 0xa0,
    0xf5, 0x0, 0x0, 0x0, 0xf5, 0x0, 0xaa, 0xf,
    0xff, 0xff, 0xff, 0xff, 0x50, 0xa, 0xa0, 0xf8,
    0x55, 0x55, 0x55, 0xf5, 0x0, 0xaa, 0xf, 0x85,
    0x55, 0x55, 0x5f, 0x50, 0xa, 0xa0, 0xff, 0xff,
    0xff, 0xff, 0xf5, 0x0, 0xaa, 0x0, 0x0, 0xf,
    0x50, 0x0, 0x0, 0xa, 0xa0, 0xa3, 0x0, 0xf5,
    0x0, 0xa3, 0x0, 0xaa, 0xf, 0x50, 0xf, 0x50,
    0x5, 0x87, 0xa, 0xa0, 0xf5, 0x0, 0xf5, 0x0,
    0xa, 0xaf, 0x55, 0xf0, 0x5, 0xff, 0x50, 0x0,
    0xaa,

    /* U+53BB "去" */
    0x0, 0x0, 0x0, 0x5f, 0x0, 0x0, 0x0, 0x0,
    0x0, 0x0, 0x5, 0xf0, 0x0, 0x0, 0x0, 0x4,
    0x77, 0x77, 0xaf, 0x77, 0x77, 0x72, 0x0, 0x9e,
    0xee, 0xee, 0xfe, 0xee, 0xee, 0x40, 0x0, 0x0,
    0x0, 0x5f, 0x0, 0x0, 0x0, 0x0, 0x0, 0x0,
    0x5, 0xf0, 0x0, 0x0, 0x0, 0x77, 0x77, 0x77,
    0xaf, 0x77, 0x77, 0x77, 0x4e, 0xee, 0xee, 0xff,
    0xee, 0xee, 0xee, 0xe9, 0x0, 0x0, 0xa, 0xa0,
    0x0, 0x0, 0x0, 0x0, 0x0, 0xc, 0x62, 0x0,
    0x4, 0xc0, 0x0, 0x0, 0x0, 0xf5, 0x0, 0x0,
    0x5f, 0x0, 0x0, 0x1, 0x5a, 0x30, 0x5, 0x57,
    0xa5, 0x10, 0x3, 0x8f, 0x55, 0x55, 0xff, 0xa0,
    0xf5, 0x0, 0xaf, 0xff, 0xff, 0xf0, 0x0, 0xf,
    0x50,

    /* U+53C2 "参" */
    0x0, 0x0, 0xf5, 0x0, 0x0, 0x0, 0x0, 0x0,
    0x3, 0xa5, 0x10, 0x0, 0x3, 0xa0, 0x0, 0x4,
    0xaf, 0x77, 0x77, 0x77, 0x78, 0x72, 0x0, 0x9e,
    0xee, 0xff, 0xee, 0xe9, 0xe, 0x40, 0x0, 0x0,
    0xa, 0xa0, 0x0, 0x0, 0x0, 0xf, 0xff, 0xff,
    0xff, 0xff, 0xff, 0xff, 0xfa, 0x55, 0x55, 0xf8,
    0x55, 0x5c, 0xc5, 0x55, 0x30, 0x1, 0x5a, 0x75,
    0x50, 0x78, 0x50, 0x0, 0x0, 0x5f, 0xa, 0xff,
    0x0, 0x5f, 0x0, 0xf, 0xfa, 0x0, 0x0, 0xf,
    0xfa, 0xf, 0xfa, 0x55, 0x7a, 0xaa, 0xaa, 0x55,
    0x30, 0x55, 0x30, 0x3, 0xaa, 0xaa, 0xa0, 0x35,
    0x50, 0x0, 0x3, 0x55, 0x55, 0x55, 0x5c, 0xff,
    0x0, 0x0, 0xaf, 0xff, 0xff, 0xff, 0x50, 0x0,
    0x0,

    /* U+53CC "双" */
    0xff, 0xff, 0xff, 0x70, 0xff, 0xff, 0xff, 0x75,
    0x55, 0x55, 0xe7, 0xf, 0x85, 0x55, 0xe7, 0x72,
    0x0, 0xe, 0x70, 0xf5, 0x0, 0xe, 0x7f, 0x50,
    0x0, 0xe7, 0xf, 0x50, 0x0, 0xe7, 0xf5, 0x0,
    0xe, 0x70, 0xf5, 0x0, 0xe, 0x7f, 0x50, 0x0,
    0xe7, 0xf, 0x50, 0x0, 0xe7, 0xf5, 0x0, 0xe,
    0x70, 0xf5, 0x0, 0xe, 0x77, 0x85, 0x8, 0x73,
    0x7, 0x85, 0x8, 0x73, 0xa, 0xa0, 0xf1, 0x0,
    0xa, 0xa0, 0xf1, 0x0, 0xaa, 0xf, 0x10, 0x0,
    0xaa, 0xf, 0x10, 0x1, 0x5e, 0x10, 0x0, 0x1,
    0x5e, 0x10, 0x0, 0x37, 0xa5, 0x0, 0x0, 0x37,
    0xa5, 0x0, 0x5c, 0xa0, 0xf6, 0x20, 0x5c, 0xa0,
    0xf6, 0x2f, 0x50, 0x0, 0xe7, 0xf, 0x50, 0x0,
    0xe7,

    /* U+53D1 "发" */
    0xa, 0xe0, 0x7, 0xa0, 0xa, 0xa0, 0x0, 0x0,
    0xae, 0x0, 0x7a, 0x0, 0x37, 0xa0, 0x0, 0xaa,
    0x90, 0x7, 0xa0, 0x0, 0x3a, 0x0, 0xf, 0x85,
    0x55, 0xac, 0x55, 0x55, 0x55, 0x53, 0xff, 0xff,
    0xff, 0xff, 0xff, 0xff, 0xff, 0xa0, 0x0, 0xc,
    0x80, 0x0, 0x0, 0x0, 0x0, 0x0, 0x0, 0xcc,
    0x77, 0x77, 0x77, 0x0, 0x0, 0x0, 0x1b, 0xff,
    0xee, 0xee, 0xf0, 0x0, 0x0, 0x1f, 0x37, 0xa0,
    0x0, 0x5f, 0x0, 0x0, 0x1, 0xf3, 0x16, 0xc0,
    0x89, 0x30, 0x0, 0x7, 0xa5, 0x10, 0x15, 0xa7,
    0x30, 0x0, 0x0, 0xae, 0x0, 0x25, 0x5a, 0x75,
    0x50, 0x0, 0x5c, 0xe5, 0x5a, 0xff, 0xa, 0xff,
    0x55, 0x3f, 0x51, 0xff, 0x80, 0x0, 0x0, 0xf,
    0xfa,

    /* U+53D6 "取" */
    0xff, 0xff, 0xff, 0xff, 0x0, 0x0, 0x0, 0x5,
    0xcc, 0x55, 0xcc, 0x5a, 0xaa, 0xaa, 0xa7, 0xa,
    0xd7, 0x7d, 0xa0, 0xf9, 0x88, 0x8d, 0xa0, 0xaf,
    0xee, 0xfa, 0xf, 0x10, 0x0, 0xaa, 0xa, 0xa0,
    0xa, 0xa0, 0xf1, 0x0, 0xa, 0xa0, 0xaa, 0x0,
    0xaa, 0xf, 0x10, 0x0, 0xaa, 0xa, 0xeb, 0xbe,
    0xa0, 0xf1, 0x0, 0xa, 0xa0, 0xad, 0x77, 0xda,
    0x7, 0x83, 0x8, 0x74, 0xa, 0xa0, 0xa, 0xa0,
    0xe, 0x70, 0xf5, 0x0, 0xaa, 0x0, 0xaa, 0x0,
    0xe7, 0xf, 0x50, 0xa, 0xa0, 0xef, 0xfe, 0x1,
    0x8e, 0x10, 0x5, 0xcc, 0x5a, 0xee, 0xa0, 0x48,
    0xa5, 0x10, 0xff, 0xff, 0xa, 0xa0, 0x5e, 0x70,
    0xf8, 0x30, 0x0, 0x0, 0xaa, 0xf, 0x10, 0x0,
    0xaa,

    /* U+53D8 "变" */
    0x0, 0x0, 0x0, 0x5f, 0x0, 0x0, 0x0, 0xf,
    0xff, 0xff, 0xff, 0xff, 0xff, 0xff, 0xfa, 0x55,
    0x55, 0xf8, 0x55, 0x5c, 0xc5, 0x55, 0x30, 0x33,
    0xf, 0x50, 0x0, 0xaa, 0x5, 0x10, 0xa, 0xa0,
    0xf5, 0x0, 0xa, 0xa0, 0xf5, 0xf, 0x50, 0xf,
    0x50, 0x0, 0xaa, 0x0, 0xaa, 0x51, 0x0, 0xf5,
    0x0, 0xa, 0xa0, 0x3, 0x30, 0x35, 0x5f, 0x85,
    0x55, 0xcc, 0x55, 0x10, 0xa, 0xff, 0xff, 0xff,
    0xff, 0xff, 0xf5, 0x0, 0x5, 0xf0, 0x0, 0x0,
    0x5, 0xf0, 0x0, 0x0, 0x15, 0xa3, 0x0, 0x7,
    0x85, 0x0, 0x0, 0x0, 0xa, 0x75, 0x55, 0x87,
    0x0, 0x0, 0x55, 0x55, 0x5c, 0xff, 0xf8, 0x55,
    0x55, 0x3f, 0xff, 0xff, 0x50, 0x0, 0xaf, 0xff,
    0xfa,

    /* U+53E4 "古" */
    0x0, 0x0, 0x0, 0x5f, 0x0, 0x0, 0x0, 0x0,
    0x0, 0x0, 0x5, 0xf0, 0x0, 0x0, 0x0, 0x77,
    0x77, 0x77, 0xaf, 0x77, 0x77, 0x77, 0x4e, 0xee,
    0xee, 0xee, 0xfe, 0xee, 0xee, 0xe9, 0x0, 0x0,
    0x0, 0x5f, 0x0, 0x0, 0x0, 0x0, 0x0, 0x0,
    0x5, 0xf0, 0x0, 0x0, 0x0, 0x0, 0x0, 0x0,
    0x5f, 0x0, 0x0, 0x0, 0x0, 0x35, 0x55, 0x58,
    0xf5, 0x55, 0x55, 0x10, 0xa, 0xff, 0xff, 0xff,
    0xff, 0xff, 0xf5, 0x0, 0xaa, 0x0, 0x0, 0x0,
    0x0, 0xf, 0x50, 0xa, 0xa0, 0x0, 0x0, 0x0,
    0x0, 0xf5, 0x0, 0xaa, 0x0, 0x0, 0x0, 0x0,
    0xf, 0x50, 0xa, 0xc5, 0x55, 0x55, 0x55, 0x55,
    0xf5, 0x0, 0xaf, 0xff, 0xff, 0xff, 0xff, 0xff,
    0x50,

    /* U+53E5 "句" */
    0x0, 0x5f, 0x0, 0x0, 0x0, 0x0, 0x0, 0x0,
    0x5, 0xff, 0xff, 0xff, 0xff, 0xff, 0xf7, 0x0,
    0x5f, 0x55, 0x55, 0x55, 0x55, 0x5e, 0x70, 0x37,
    0xa0, 0x0, 0x0, 0x0, 0x0, 0xe7, 0xa, 0xa0,
    0x0, 0x0, 0x0, 0x0, 0xe, 0x7f, 0x55, 0xff,
    0xff, 0xff, 0xf7, 0x0, 0xe7, 0x51, 0x5f, 0x55,
    0x55, 0x5e, 0x70, 0xe, 0x70, 0x5, 0xf0, 0x0,
    0x0, 0xe7, 0x0, 0xe7, 0x0, 0x5f, 0x0, 0x0,
    0xe, 0x70, 0xe, 0x70, 0x5, 0xf0, 0x0, 0x0,
    0xe7, 0x0, 0xe7, 0x0, 0x5f, 0x77, 0x77, 0x7f,
    0x70, 0xe, 0x70, 0x4, 0xee, 0xee, 0xee, 0xe6,
    0x0, 0xe7, 0x0, 0x0, 0x0, 0x0, 0x0, 0x25,
    0x5e, 0x70, 0x0, 0x0, 0x0, 0x0, 0x8, 0xff,
    0x10,

    /* U+53E6 "另" */
    0xa, 0xff, 0xff, 0xff, 0xff, 0xff, 0xf1, 0x0,
    0xac, 0x55, 0x55, 0x55, 0x55, 0x7f, 0x10, 0xa,
    0xa0, 0x0, 0x0, 0x0, 0x3, 0xf1, 0x0, 0xac,
    0x55, 0x55, 0x55, 0x55, 0x7f, 0x10, 0xa, 0xff,
    0xff, 0xff, 0xff, 0xff, 0xf1, 0x0, 0x0, 0x0,
    0xa9, 0x0, 0x0, 0x0, 0x0, 0x77, 0x77, 0x7d,
    0xc7, 0x77, 0x77, 0x77, 0x3e, 0xee, 0xee, 0xff,
    0xee, 0xee, 0xee, 0xf7, 0x0, 0x0, 0xa, 0x90,
    0x0, 0x0, 0xe, 0x70, 0x0, 0x0, 0xa9, 0x0,
    0x0, 0x0, 0xe7, 0x0, 0x0, 0xa7, 0x30, 0x0,
    0x0, 0xe, 0x70, 0x1, 0x5a, 0x30, 0x0, 0x0,
    0x0, 0xe7, 0x55, 0x8f, 0x0, 0x0, 0x4, 0x55,
    0x5e, 0x7f, 0xfa, 0x0, 0x0, 0x0, 0xef, 0xff,
    0x10,

    /* U+53EA "只" */
    0xa, 0xff, 0xff, 0xff, 0xff, 0xff, 0xf1, 0x0,
    0xac, 0x55, 0x55, 0x55, 0x55, 0x5f, 0x10, 0xa,
    0xa0, 0x0, 0x0, 0x0, 0x0, 0xf1, 0x0, 0xaa,
    0x0, 0x0, 0x0, 0x0, 0xf, 0x10, 0xa, 0xa0,
    0x0, 0x0, 0x0, 0x0, 0xf1, 0x0, 0xaa, 0x0,
    0x0, 0x0, 0x0, 0xf, 0x10, 0xa, 0xd7, 0x77,
    0x77, 0x77, 0x77, 0xf1, 0x0, 0x9e, 0xee, 0xee,
    0xee, 0xee, 0xee, 0x10, 0x0, 0x0, 0x0, 0x0,
    0x0, 0x0, 0x0, 0x0, 0x0, 0x0, 0x0, 0x0,
    0x0, 0x0, 0x0, 0x0, 0x39, 0x0, 0x0, 0x0,
    0x39, 0x0, 0x0, 0x37, 0xa0, 0x0, 0x0, 0x3,
    0xa5, 0x0, 0x5c, 0xa0, 0x0, 0x0, 0x0, 0x0,
    0xf6, 0x2f, 0x50, 0x0, 0x0, 0x0, 0x0, 0x0,
    0xe7,

    /* U+53EF "可" */
    0xff, 0xff, 0xff, 0xff, 0xff, 0xff, 0xff, 0xa5,
    0x55, 0x55, 0x55, 0x55, 0x55, 0x5f, 0x83, 0x0,
    0x0, 0x0, 0x0, 0x0, 0x0, 0xf5, 0x0, 0x1,
    0x55, 0x55, 0x55, 0x10, 0xf, 0x50, 0x0, 0x5f,
    0xff, 0xff, 0xf5, 0x0, 0xf5, 0x0, 0x5, 0xf0,
    0x0, 0xf, 0x50, 0xf, 0x50, 0x0, 0x5f, 0x0,
    0x0, 0xf5, 0x0, 0xf5, 0x0, 0x5, 0xf0, 0x0,
    0xf, 0x50, 0xf, 0x50, 0x0, 0x5f, 0x0, 0x0,
    0xf5, 0x0, 0xf5, 0x0, 0x5, 0xff, 0xff, 0xff,
    0x50, 0xf, 0x50, 0x0, 0x15, 0x55, 0x55, 0x51,
    0x0, 0xf5, 0x0, 0x0, 0x0, 0x0, 0x0, 0x0,
    0xf, 0x50, 0x0, 0x0, 0x0, 0x0, 0x3, 0x55,
    0xf5, 0x0, 0x0, 0x0, 0x0, 0x0, 0xaf, 0xff,
    0x50,

    /* U+53F0 "台" */
    0x0, 0x0, 0xa, 0xa0, 0x0, 0x0, 0x0, 0x0,
    0x0, 0xa, 0x73, 0x0, 0x0, 0x0, 0x0, 0x0,
    0x27, 0x82, 0x0, 0x0, 0x27, 0x0, 0x0, 0x15,
    0xe0, 0x0, 0x0, 0x4, 0xe1, 0x0, 0xa, 0xa0,
    0x0, 0x0, 0x0, 0x0, 0xf1, 0xf, 0xff, 0xff,
    0xff, 0xff, 0xff, 0xf0, 0xe7, 0x55, 0x55, 0x55,
    0x55, 0x55, 0x55, 0xe, 0x70, 0x35, 0x55, 0x55,
    0x55, 0x55, 0x55, 0xa4, 0xa, 0xff, 0xff, 0xff,
    0xff, 0xff, 0xf1, 0x0, 0xaa, 0x0, 0x0, 0x0,
    0x0, 0xf, 0x10, 0xa, 0xa0, 0x0, 0x0, 0x0,
    0x0, 0xf1, 0x0, 0xaa, 0x0, 0x0, 0x0, 0x0,
    0xf, 0x10, 0xa, 0xc5, 0x55, 0x55, 0x55, 0x55,
    0xf1, 0x0, 0xaf, 0xff, 0xff, 0xff, 0xff, 0xff,
    0x10,

    /* U+53F2 "史" */
    0x0, 0x0, 0x0, 0x9, 0xe0, 0x0, 0x0, 0x0,
    0x0, 0xef, 0xff, 0xff, 0xff, 0xff, 0xff, 0x10,
    0x0, 0xea, 0x55, 0x5b, 0xe5, 0x55, 0x7f, 0x10,
    0x0, 0xe7, 0x0, 0x9, 0xe0, 0x0, 0x4f, 0x10,
    0x0, 0xe7, 0x0, 0x9, 0xe0, 0x0, 0x4f, 0x10,
    0x0, 0xe7, 0x0, 0x9, 0xe0, 0x0, 0x4f, 0x10,
    0x0, 0xeb, 0x77, 0x7c, 0xe7, 0x77, 0x9f, 0x10,
    0x0, 0xce, 0xee, 0xef, 0xfe, 0xee, 0xee, 0x10,
    0x0, 0x0, 0x0, 0x9, 0xe0, 0x0, 0x0, 0x0,
    0x0, 0x8, 0xc0, 0xe9, 0x40, 0x0, 0x0, 0x0,
    0x0, 0x2, 0x6a, 0xf6, 0x0, 0x0, 0x0, 0x0,
    0x0, 0x2, 0x6a, 0xa7, 0x55, 0x10, 0x0, 0x0,
    0x15, 0x5b, 0xc0, 0x9, 0xff, 0xa5, 0x55, 0x52,
    0x3f, 0xf7, 0x0, 0x0, 0x0, 0xef, 0xff, 0xf6,

    /* U+53F3 "右" */
    0x0, 0x0, 0xa, 0xa0, 0x0, 0x0, 0x0, 0x0,
    0x0, 0x0, 0xaa, 0x0, 0x0, 0x0, 0x0, 0x77,
    0x77, 0x7d, 0xd7, 0x77, 0x77, 0x77, 0x4e, 0xee,
    0xef, 0xee, 0xee, 0xee, 0xee, 0xe9, 0x0, 0x0,
    0xf5, 0x0, 0x0, 0x0, 0x0, 0x0, 0x0, 0xf,
    0x50, 0x0, 0x0, 0x0, 0x0, 0x0, 0x5f, 0x82,
    0x0, 0x0, 0x0, 0x0, 0x0, 0x5, 0xf5, 0x55,
    0x55, 0x55, 0x55, 0x10, 0x0, 0x5f, 0xff, 0xff,
    0xff, 0xff, 0xf5, 0x0, 0xaf, 0xf0, 0x0, 0x0,
    0x0, 0xf, 0x50, 0x78, 0xbf, 0x0, 0x0, 0x0,
    0x0, 0xf5, 0xe, 0x45, 0xf0, 0x0, 0x0, 0x0,
    0xf, 0x50, 0x0, 0x5f, 0x55, 0x55, 0x55, 0x55,
    0xf5, 0x0, 0x5, 0xff, 0xff, 0xff, 0xff, 0xff,
    0x50,

    /* U+53F7 "号" */
    0x0, 0x5f, 0xff, 0xff, 0xff, 0xff, 0x0, 0x0,
    0x5, 0xf5, 0x55, 0x55, 0x58, 0xf0, 0x0, 0x0,
    0x5f, 0x0, 0x0, 0x0, 0x5f, 0x0, 0x0, 0x5,
    0xf5, 0x55, 0x55, 0x58, 0xf0, 0x0, 0x0, 0x5f,
    0xff, 0xff, 0xff, 0xff, 0x0, 0x0, 0x0, 0x0,
    0x0, 0x0, 0x0, 0x0, 0x0, 0x77, 0x77, 0x77,
    0x77, 0x77, 0x77, 0x77, 0x4e, 0xee, 0xef, 0xee,
    0xee, 0xee, 0xee, 0xe9, 0x0, 0x0, 0xf5, 0x0,
    0x0, 0x0, 0x0, 0x0, 0x0, 0xf, 0xff, 0xff,
    0xff, 0xf0, 0x0, 0x0, 0x0, 0x55, 0x55, 0x55,
    0x8f, 0x0, 0x0, 0x0, 0x0, 0x0, 0x0, 0x5,
    0xf0, 0x0, 0x0, 0x0, 0x0, 0x15, 0x55, 0x8f,
    0x0, 0x0, 0x0, 0x0, 0x5, 0xff, 0xfa, 0x0,
    0x0,

    /* U+5408 "合" */
    0x0, 0x0, 0x0, 0x9, 0xc0, 0x0, 0x0, 0x0,
    0x0, 0x0, 0x0, 0x97, 0x6a, 0x10, 0x0, 0x0,
    0x0, 0x3, 0x77, 0x83, 0x18, 0x77, 0x50, 0x0,
    0x1, 0x18, 0xee, 0x10, 0x0, 0xce, 0xb1, 0x10,
    0x3f, 0xf7, 0x0, 0x0, 0x0, 0x0, 0x3f, 0xf7,
    0x0, 0x8, 0xff, 0xff, 0xff, 0xff, 0xc0, 0x0,
    0x0, 0x2, 0x55, 0x55, 0x55, 0x55, 0x40, 0x0,
    0x0, 0x45, 0x55, 0x55, 0x55, 0x55, 0x55, 0x0,
    0x0, 0xef, 0xff, 0xff, 0xff, 0xff, 0xff, 0x10,
    0x0, 0xe7, 0x0, 0x0, 0x0, 0x0, 0x3f, 0x10,
    0x0, 0xe7, 0x0, 0x0, 0x0, 0x0, 0x3f, 0x10,
    0x0, 0xe7, 0x0, 0x0, 0x0, 0x0, 0x3f, 0x10,
    0x0, 0xea, 0x55, 0x55, 0x55, 0x55, 0x7f, 0x10,
    0x0, 0xef, 0xff, 0xff, 0xff, 0xff, 0xff, 0x10,

    /* U+5409 "吉" */
    0x0, 0x0, 0x0, 0x5f, 0x0, 0x0, 0x0, 0x0,
    0x0, 0x0, 0x5, 0xf0, 0x0, 0x0, 0x0, 0x77,
    0x77, 0x77, 0xaf, 0x77, 0x77, 0x77, 0x4e, 0xee,
    0xee, 0xee, 0xfe, 0xee, 0xee, 0xe9, 0x0, 0x0,
    0x0, 0x5f, 0x0, 0x0, 0x0, 0x0, 0x0, 0x0,
    0x5, 0xf0, 0x0, 0x0, 0x0, 0x4, 0x77, 0x77,
    0xaf, 0x77, 0x77, 0x72, 0x0, 0x9e, 0xee, 0xee,
    0xee, 0xee, 0xee, 0x40, 0x0, 0x0, 0x0, 0x0,
    0x0, 0x0, 0x0, 0x0, 0xaf, 0xff, 0xff, 0xff,
    0xff, 0xff, 0x50, 0xa, 0xc5, 0x55, 0x55, 0x55,
    0x55, 0xf5, 0x0, 0xaa, 0x0, 0x0, 0x0, 0x0,
    0xf, 0x50, 0xa, 0xc5, 0x55, 0x55, 0x55, 0x55,
    0xf5, 0x0, 0xaf, 0xff, 0xff, 0xff, 0xff, 0xff,
    0x50,

    /* U+540C "同" */
    0xff, 0xff, 0xff, 0xff, 0xff, 0xff, 0xff, 0x7f,
    0x85, 0x55, 0x55, 0x55, 0x55, 0x55, 0xe7, 0xf5,
    0x27, 0x77, 0x77, 0x77, 0x77, 0xe, 0x7f, 0x54,
    0xee, 0xee, 0xee, 0xee, 0xe0, 0xe7, 0xf5, 0x0,
    0x0, 0x0, 0x0, 0x0, 0xe, 0x7f, 0x50, 0xf,
    0xff, 0xff, 0xf7, 0x0, 0xe7, 0xf5, 0x0, 0xf8,
    0x55, 0x5e, 0x70, 0xe, 0x7f, 0x50, 0xf, 0x40,
    0x0, 0xd7, 0x0, 0xe7, 0xf5, 0x0, 0xf4, 0x0,
    0xd, 0x70, 0xe, 0x7f, 0x50, 0xf, 0x40, 0x0,
    0xd7, 0x0, 0xe7, 0xf5, 0x0, 0xf9, 0x77, 0x7e,
    0x70, 0xe, 0x7f, 0x50, 0xe, 0xee, 0xee, 0xe6,
    0x0, 0xe7, 0xf5, 0x0, 0x0, 0x0, 0x0, 0x25,
    0x5e, 0x7f, 0x50, 0x0, 0x0, 0x0, 0x8, 0xff,
    0xf7,

    /* U+540D "名" */
    0x0, 0x0, 0xe, 0x70, 0x0, 0x0, 0x0, 0x0,
    0x0, 0x0, 0xed, 0xbb, 0xbb, 0xbb, 0x10, 0x0,
    0x0, 0x78, 0x88, 0x88, 0x88, 0xf1, 0x0, 0x11,
    0x1e, 0x30, 0x0, 0x0, 0x1e, 0x10, 0xa, 0xff,
    0xe, 0x70, 0x0, 0x5f, 0x0, 0x0, 0x0, 0x0,
    0x8, 0xf0, 0xaa, 0x0, 0x0, 0x0, 0x0, 0x0,
    0x25, 0xa7, 0x30, 0x0, 0x0, 0x0, 0x5, 0x55,
    0x5f, 0x85, 0x55, 0x52, 0x0, 0x0, 0xff, 0xff,
    0xff, 0xff, 0xff, 0x7f, 0xff, 0xff, 0x10, 0x0,
    0x0, 0x0, 0xe7, 0x55, 0x55, 0xf1, 0x0, 0x0,
    0x0, 0xe, 0x70, 0x0, 0xf, 0x10, 0x0, 0x0,
    0x0, 0xe7, 0x0, 0x0, 0xf6, 0x55, 0x55, 0x55,
    0x5e, 0x70, 0x0, 0xf, 0xff, 0xff, 0xff, 0xff,
    0xf7,

    /* U+540E "后" */
    0x0, 0x0, 0x0, 0x0, 0xff, 0xff, 0xf5, 0x0,
    0xaf, 0xff, 0xff, 0xf5, 0x55, 0x55, 0x10, 0xa,
    0xc5, 0x55, 0x55, 0x0, 0x0, 0x0, 0x0, 0xaa,
    0x0, 0x0, 0x0, 0x0, 0x0, 0x0, 0xa, 0xa0,
    0x0, 0x0, 0x0, 0x0, 0x0, 0x0, 0xaf, 0xff,
    0xff, 0xff, 0xff, 0xff, 0xfa, 0xa, 0xc5, 0x55,
    0x55, 0x55, 0x55, 0x55, 0x30, 0xaa, 0x5, 0x55,
    0x55, 0x55, 0x55, 0x10, 0xa, 0xa0, 0xff, 0xff,
    0xff, 0xff, 0xf5, 0x0, 0xaa, 0xf, 0x50, 0x0,
    0x0, 0xf, 0x50, 0xa, 0xa0, 0xf5, 0x0, 0x0,
    0x0, 0xf5, 0x0, 0xaa, 0xf, 0x50, 0x0, 0x0,
    0xf, 0x50, 0x5c, 0xa0, 0xf8, 0x55, 0x55, 0x55,
    0xf5, 0xf, 0x50, 0xf, 0xff, 0xff, 0xff, 0xff,
    0x50,

    /* U+5427 "吧" */
    0x0, 0x0, 0xe, 0xff, 0xff, 0xff, 0xff, 0x7f,
    0xff, 0xf0, 0xea, 0x55, 0xea, 0x55, 0xe7, 0xf8,
    0x8f, 0xe, 0x70, 0xe, 0x70, 0xe, 0x7f, 0x55,
    0xf0, 0xe7, 0x0, 0xe7, 0x0, 0xe7, 0xf5, 0x5f,
    0xe, 0x70, 0xe, 0x70, 0xe, 0x7f, 0x55, 0xf0,
    0xe7, 0x0, 0xe7, 0x0, 0xe7, 0xf5, 0x5f, 0xe,
    0xb7, 0x7f, 0xb7, 0x7f, 0x7f, 0x55, 0xf0, 0xef,
    0xee, 0xee, 0xee, 0xe6, 0xf5, 0x5f, 0xe, 0x70,
    0x0, 0x0, 0x0, 0xf, 0x55, 0xf0, 0xe7, 0x0,
    0x0, 0x0, 0x0, 0xfa, 0xaf, 0xe, 0x70, 0x0,
    0x0, 0x6, 0x3e, 0xee, 0xe0, 0xe7, 0x0, 0x0,
    0x0, 0xe7, 0x0, 0x0, 0xe, 0xa5, 0x55, 0x55,
    0x5e, 0x70, 0x0, 0x0, 0x4b, 0xff, 0xff, 0xff,
    0xf7,

    /* U+542C "听" */
    0x0, 0x0, 0x0, 0x0, 0x0, 0x5f, 0xf5, 0xf,
    0xff, 0xf0, 0xef, 0xff, 0xf8, 0x55, 0x10, 0xf8,
    0x8f, 0xe, 0xa5, 0x55, 0x20, 0x0, 0xf, 0x55,
    0xf0, 0xe7, 0x0, 0x0, 0x0, 0x0, 0xf5, 0x5f,
    0xe, 0x70, 0x0, 0x0, 0x0, 0xf, 0x55, 0xf0,
    0xef, 0xff, 0xff, 0xff, 0xf7, 0xf5, 0x5f, 0xe,
    0xa5, 0x55, 0x8f, 0x55, 0x2f, 0x55, 0xf0, 0xe7,
    0x0, 0x5, 0xf0, 0x0, 0xf5, 0x5f, 0xe, 0x70,
    0x0, 0x5f, 0x0, 0xf, 0x55, 0xf0, 0xe7, 0x0,
    0x5, 0xf0, 0x0, 0xfa, 0xaf, 0xe, 0x70, 0x0,
    0x5f, 0x0, 0xe, 0xee, 0xe0, 0xe7, 0x0, 0x5,
    0xf0, 0x0, 0x0, 0x0, 0x5e, 0x70, 0x0, 0x5f,
    0x0, 0x0, 0x0, 0xf, 0x10, 0x0, 0x5, 0xf0,
    0x0,

    /* U+542F "启" */
    0x0, 0x0, 0x0, 0x0, 0xf5, 0x0, 0x0, 0x0,
    0x5, 0xff, 0xff, 0xff, 0xff, 0xff, 0xf7, 0x0,
    0x5f, 0x55, 0x55, 0x55, 0x55, 0x5e, 0x70, 0x5,
    0xf0, 0x0, 0x0, 0x0, 0x0, 0xe7, 0x0, 0x5f,
    0x0, 0x0, 0x0, 0x0, 0xe, 0x70, 0x5, 0xff,
    0xff, 0xff, 0xff, 0xff, 0xf7, 0x0, 0x5f, 0x55,
    0x55, 0x55, 0x55, 0x55, 0x20, 0x5, 0xf5, 0x55,
    0x55, 0x55, 0x55, 0x52, 0x0, 0x5f, 0xff, 0xff,
    0xff, 0xff, 0xff, 0x70, 0x5, 0xff, 0x50, 0x0,
    0x0, 0x0, 0xe7, 0x7, 0x85, 0xf5, 0x0, 0x0,
    0x0, 0xe, 0x70, 0xaa, 0xf, 0x50, 0x0, 0x0,
    0x0, 0xe7, 0x5c, 0xa0, 0xf8, 0x55, 0x55, 0x55,
    0x5e, 0x7f, 0x50, 0xf, 0xff, 0xff, 0xff, 0xff,
    0xf7,

    /* U+5438 "吸" */
    0x0, 0x0, 0xe, 0xff, 0xff, 0xff, 0xf5, 0xf,
    0xff, 0xf0, 0x4b, 0xe5, 0x55, 0x5f, 0x50, 0xf8,
    0x8f, 0x0, 0x8e, 0x0, 0x0, 0xf5, 0xf, 0x55,
    0xf0, 0x8, 0xe0, 0x2, 0x5f, 0x50, 0xf5, 0x5f,
    0x0, 0x8e, 0x0, 0x8f, 0x0, 0xf, 0x55, 0xf0,
    0x8, 0xe0, 0x8, 0xff, 0xfa, 0xf5, 0x5f, 0x0,
    0x8e, 0x0, 0x25, 0x5c, 0xaf, 0x55, 0xf0, 0x8,
    0xe5, 0x10, 0x0, 0xaa, 0xf5, 0x5f, 0x0, 0x8f,
    0xf5, 0x0, 0xa, 0xaf, 0x55, 0xf0, 0x8, 0xe0,
    0xe7, 0xf, 0x50, 0xfc, 0xcf, 0x9, 0x74, 0x4,
    0x8a, 0x51, 0xa, 0xaa, 0xa0, 0xe7, 0x0, 0x48,
    0xa5, 0x10, 0x0, 0x0, 0x5e, 0xa5, 0x5f, 0x70,
    0xf8, 0x30, 0x0, 0xf, 0x18, 0xff, 0x50, 0x0,
    0xaa,

    /* U+5468 "周" */
    0x0, 0x5f, 0xff, 0xff, 0xff, 0xff, 0xff, 0x70,
    0x5, 0xf5, 0x55, 0x5f, 0x85, 0x55, 0xe7, 0x0,
    0x5f, 0x4, 0x77, 0xfa, 0x77, 0xe, 0x70, 0x5,
    0xf0, 0x9e, 0xef, 0xee, 0xe0, 0xe7, 0x0, 0x5f,
    0x0, 0x0, 0xf5, 0x0, 0xe, 0x70, 0x5, 0xf0,
    0xaf, 0xff, 0xff, 0xf0, 0xe7, 0x0, 0x5f, 0x3,
    0x55, 0x55, 0x55, 0xe, 0x70, 0x5, 0xf0, 0x35,
    0x55, 0x55, 0x50, 0xe7, 0x0, 0x5f, 0xa, 0xff,
    0xff, 0xff, 0xe, 0x70, 0x5, 0xf0, 0xaa, 0x0,
    0x5, 0xf0, 0xe7, 0x4, 0x8a, 0xa, 0xc7, 0x77,
    0xaf, 0xe, 0x70, 0xaa, 0x0, 0x9e, 0xee, 0xee,
    0xe0, 0xe7, 0x5c, 0xa0, 0x0, 0x0, 0x0, 0x15,
    0x5e, 0x7f, 0x72, 0x0, 0x0, 0x0, 0x5, 0xff,
    0xf7,

    /* U+547C "呼" */
    0x0, 0x0, 0x0, 0x0, 0x0, 0x8f, 0xff, 0x7f,
    0xff, 0xf0, 0xef, 0xff, 0xfa, 0x55, 0x52, 0xf8,
    0x8f, 0x4, 0x55, 0x5e, 0x70, 0x0, 0xf, 0x55,
    0xf0, 0x42, 0x0, 0xe7, 0x0, 0x42, 0xf5, 0x5f,
    0xe, 0x70, 0xe, 0x70, 0xe, 0x7f, 0x55, 0xf0,
    0x9, 0xc0, 0xe7, 0x3f, 0x20, 0xf5, 0x5f, 0x0,
    0x24, 0xe, 0x71, 0x50, 0xf, 0x55, 0xf0, 0x45,
    0x55, 0xea, 0x55, 0x52, 0xf5, 0x5f, 0xe, 0xff,
    0xff, 0xff, 0xff, 0x7f, 0x55, 0xf0, 0x0, 0x0,
    0xe7, 0x0, 0x0, 0xfa, 0xaf, 0x0, 0x0, 0xe,
    0x70, 0x0, 0xe, 0xee, 0xe0, 0x0, 0x0, 0xe7,
    0x0, 0x0, 0x0, 0x0, 0x0, 0x25, 0x5e, 0x70,
    0x0, 0x0, 0x0, 0x0, 0x9, 0xff, 0xf7, 0x0,
    0x0,

    /* U+547D "命" */
    0x0, 0x0, 0x0, 0x6, 0xe0, 0x0, 0x0, 0x0,
    0x0, 0x0, 0x0, 0xcb, 0x6f, 0x40, 0x0, 0x0,
    0x0, 0x5, 0xaa, 0x63, 0x5, 0x9a, 0x80, 0x0,
    0x15, 0x58, 0xbf, 0x75, 0x55, 0xdd, 0x95, 0x52,
    0x3f, 0xf7, 0x1f, 0xff, 0xff, 0xf9, 0x3f, 0xf7,
    0x0, 0x0, 0x0, 0x0, 0x0, 0x0, 0x0, 0x0,
    0x0, 0x67, 0x77, 0x74, 0x7, 0x77, 0x77, 0x0,
    0x0, 0xef, 0xee, 0xf9, 0x1f, 0xee, 0xef, 0x10,
    0x0, 0xe7, 0x0, 0xc9, 0x1f, 0x40, 0x3f, 0x10,
    0x0, 0xe7, 0x0, 0xc9, 0x1f, 0x40, 0x3f, 0x10,
    0x0, 0xe7, 0x0, 0xc9, 0x1f, 0x40, 0x3f, 0x10,
    0x0, 0xea, 0x55, 0xd9, 0x1f, 0x42, 0x7f, 0x10,
    0x0, 0xef, 0xff, 0xf9, 0x1f, 0x48, 0xff, 0x10,
    0x0, 0x0, 0x0, 0x0, 0x1f, 0x40, 0x0, 0x0,

    /* U+548C "和" */
    0x0, 0x0, 0xa, 0xff, 0x0, 0x0, 0x0, 0x0,
    0xaf, 0xff, 0x85, 0x50, 0xef, 0xff, 0xf7, 0x3,
    0x55, 0xf5, 0x0, 0xe, 0xa5, 0x5e, 0x70, 0x0,
    0xf, 0x50, 0x0, 0xe7, 0x0, 0xe7, 0x0, 0x0,
    0xf5, 0x0, 0xe, 0x70, 0xe, 0x7f, 0xff, 0xff,
    0xff, 0xf0, 0xe7, 0x0, 0xe7, 0x55, 0x55, 0xf8,
    0x55, 0xe, 0x70, 0xe, 0x70, 0x1, 0x5f, 0x50,
    0x0, 0xe7, 0x0, 0xe7, 0x0, 0x5f, 0xf5, 0x0,
    0xe, 0x70, 0xe, 0x70, 0xaa, 0xf, 0xfa, 0x0,
    0xe7, 0x0, 0xe7, 0xa7, 0x30, 0xf8, 0x7a, 0xe,
    0x70, 0xe, 0x7a, 0x30, 0xf, 0x53, 0xa0, 0xea,
    0x55, 0xe7, 0x0, 0x0, 0xf5, 0x0, 0xe, 0xff,
    0xff, 0x70, 0x0, 0xf, 0x50, 0x0, 0x0, 0x0,
    0x0,

    /* U+54C1 "品" */
    0x0, 0x5f, 0xff, 0xff, 0xff, 0xff, 0x0, 0x0,
    0x5, 0xf5, 0x55, 0x55, 0x58, 0xf0, 0x0, 0x0,
    0x5f, 0x0, 0x0, 0x0, 0x5f, 0x0, 0x0, 0x5,
    0xf0, 0x0, 0x0, 0x5, 0xf0, 0x0, 0x0, 0x5f,
    0x0, 0x0, 0x0, 0x5f, 0x0, 0x0, 0x5, 0xff,
    0xff, 0xff, 0xff, 0xf0, 0x0, 0x0, 0x15, 0x55,
    0x55, 0x55, 0x55, 0x0, 0x5, 0x55, 0x55, 0x52,
    0x5, 0x55, 0x55, 0x52, 0xff, 0xff, 0xff, 0x70,
    0xff, 0xff, 0xff, 0x7f, 0x50, 0x0, 0xe7, 0xf,
    0x50, 0x0, 0xe7, 0xf5, 0x0, 0xe, 0x70, 0xf5,
    0x0, 0xe, 0x7f, 0x50, 0x0, 0xe7, 0xf, 0x50,
    0x0, 0xe7, 0xf8, 0x55, 0x5e, 0x70, 0xf8, 0x55,
    0x5e, 0x7f, 0xff, 0xff, 0xf7, 0xf, 0xff, 0xff,
    0xf7,

    /* U+54CD "响" */
    0x0, 0x0, 0x0, 0x0, 0xa, 0xa0, 0x0, 0xa,
    0xaa, 0xa0, 0x0, 0xa, 0x73, 0x0, 0x0, 0xfb,
    0xbf, 0x6, 0x77, 0xfa, 0x77, 0x77, 0x3f, 0x55,
    0xf0, 0xef, 0xee, 0xee, 0xee, 0xf7, 0xf5, 0x5f,
    0xe, 0x70, 0x0, 0x0, 0xe, 0x7f, 0x55, 0xf0,
    0xe7, 0xf, 0xff, 0xf0, 0xe7, 0xf5, 0x5f, 0xe,
    0x70, 0xf8, 0x8f, 0xe, 0x7f, 0x55, 0xf0, 0xe7,
    0xf, 0x55, 0xf0, 0xe7, 0xf5, 0x5f, 0xe, 0x70,
    0xf5, 0x5f, 0xe, 0x7f, 0x55, 0xf0, 0xe7, 0xf,
    0x55, 0xf0, 0xe7, 0xfa, 0xaf, 0xe, 0x70, 0xfa,
    0xaf, 0xe, 0x7e, 0xee, 0xe0, 0xe7, 0xe, 0xee,
    0xe0, 0xe7, 0x0, 0x0, 0xe, 0x70, 0x0, 0x1,
    0x5e, 0x70, 0x0, 0x0, 0xe7, 0x0, 0x0, 0x3f,
    0xf7,

    /* U+552F "唯" */
    0x0, 0x0, 0x0, 0x8c, 0xe, 0x70, 0x0, 0xa,
    0xaa, 0xa0, 0x8, 0xc0, 0x48, 0x80, 0x0, 0xfb,
    0xbf, 0x6, 0xce, 0x77, 0xce, 0x77, 0x3f, 0x55,
    0xf1, 0xef, 0xee, 0xef, 0xfe, 0xe6, 0xf5, 0x5f,
    0xff, 0x70, 0x0, 0x8c, 0x0, 0xf, 0x55, 0xf0,
    0xef, 0xff, 0xff, 0xff, 0xf7, 0xf5, 0x5f, 0xe,
    0xa5, 0x55, 0xbd, 0x55, 0x2f, 0x55, 0xf0, 0xe7,
    0x0, 0x8, 0xc0, 0x0, 0xf5, 0x5f, 0xe, 0x70,
    0x0, 0x8c, 0x0, 0xf, 0x55, 0xf0, 0xee, 0xdd,
    0xde, 0xfd, 0xd6, 0xfa, 0xaf, 0xe, 0xc8, 0x88,
    0xce, 0x88, 0x3e, 0xee, 0xe0, 0xe7, 0x0, 0x8,
    0xc0, 0x0, 0x0, 0x0, 0xe, 0xa5, 0x55, 0xbd,
    0x55, 0x20, 0x0, 0x0, 0xef, 0xff, 0xff, 0xff,
    0xf7,

    /* U+5546 "商" */
    0x0, 0x0, 0x0, 0x5f, 0x0, 0x0, 0x0, 0xf,
    0xff, 0xff, 0xff, 0xff, 0xff, 0xff, 0xfa, 0x55,
    0x8f, 0x55, 0x55, 0x55, 0x8f, 0x55, 0x30, 0x3,
    0xa5, 0x10, 0x0, 0x37, 0xa0, 0x0, 0x0, 0x0,
    0xf5, 0x0, 0xa, 0xa0, 0x0, 0xf, 0xff, 0xff,
    0xff, 0xff, 0xff, 0xff, 0xfa, 0xf8, 0x55, 0xf8,
    0x55, 0x5c, 0xc5, 0x5c, 0xaf, 0x51, 0x5a, 0x30,
    0x0, 0x78, 0x50, 0xaa, 0xf5, 0x5f, 0x0, 0x0,
    0x0, 0x5f, 0xa, 0xaf, 0xfa, 0xf, 0xff, 0xff,
    0xfa, 0xf, 0xfa, 0xf8, 0x30, 0xf8, 0x55, 0x5c,
    0xa0, 0x5c, 0xaf, 0x50, 0xf, 0x85, 0x55, 0xca,
    0x0, 0xaa, 0xf5, 0x0, 0xff, 0xff, 0xff, 0xa0,
    0x5c, 0xaf, 0x50, 0x0, 0x0, 0x0, 0x0, 0xf,
    0xfa,

    /* U+5668 "器" */
    0xa, 0xff, 0xff, 0xa0, 0xff, 0xff, 0xf5, 0x0,
    0xac, 0x55, 0xca, 0xf, 0x85, 0x5f, 0x50, 0xa,
    0xa0, 0xa, 0xa0, 0xf5, 0x0, 0xf5, 0x0, 0xac,
    0x55, 0xca, 0xf, 0x85, 0x5f, 0x50, 0xa, 0xff,
    0xff, 0xa0, 0xff, 0xff, 0xf5, 0x0, 0x0, 0x0,
    0x4, 0xc0, 0xaa, 0x0, 0x0, 0x77, 0x77, 0x77,
    0xaf, 0x7c, 0xd7, 0x77, 0x4e, 0xee, 0xfe, 0xee,
    0xee, 0xee, 0xfe, 0xe9, 0x0, 0x5f, 0x0, 0x0,
    0x0, 0x5f, 0x0, 0xf, 0xff, 0xff, 0xfa, 0xf,
    0xff, 0xff, 0xfa, 0x5c, 0xc5, 0x5c, 0xa0, 0xf8,
    0x55, 0xf8, 0x30, 0xaa, 0x0, 0xaa, 0xf, 0x50,
    0xf, 0x50, 0xa, 0xc5, 0x5c, 0xa0, 0xf8, 0x55,
    0xf5, 0x0, 0xaf, 0xff, 0xfa, 0xf, 0xff, 0xff,
    0x50,

    /* U+56DB "四" */
    0xff, 0xff, 0xff, 0xff, 0xff, 0xff, 0xff, 0x7f,
    0x85, 0x5f, 0x85, 0x55, 0xea, 0x55, 0xe7, 0xf5,
    0x0, 0xf4, 0x0, 0xe, 0x70, 0xe, 0x7f, 0x50,
    0xf, 0x40, 0x0, 0xe7, 0x0, 0xe7, 0xf5, 0x0,
    0xf4, 0x0, 0xe, 0x70, 0xe, 0x7f, 0x50, 0xf,
    0x40, 0x0, 0xe7, 0x0, 0xe7, 0xf5, 0x0, 0xf4,
    0x0, 0xe, 0x70, 0xe, 0x7f, 0x50, 0xf, 0x40,
    0x0, 0xe7, 0x0, 0xe7, 0xf5, 0x5f, 0x0, 0x0,
    0xe, 0xff, 0xff, 0x7f, 0xfa, 0x0, 0x0, 0x0,
    0x0, 0x0, 0xe7, 0xf8, 0x30, 0x0, 0x0, 0x0,
    0x0, 0xe, 0x7f, 0x50, 0x0, 0x0, 0x0, 0x0,
    0x0, 0xe7, 0xf8, 0x55, 0x55, 0x55, 0x55, 0x55,
    0x5e, 0x7f, 0xff, 0xff, 0xff, 0xff, 0xff, 0xff,
    0xf7,

    /* U+56DE "回" */
    0xff, 0xff, 0xff, 0xff, 0xff, 0xff, 0xff, 0x7f,
    0x85, 0x55, 0x55, 0x55, 0x55, 0x55, 0xe7, 0xf5,
    0x0, 0x0, 0x0, 0x0, 0x0, 0xe, 0x7f, 0x50,
    0x5, 0x55, 0x55, 0x52, 0x0, 0xe7, 0xf5, 0x0,
    0xff, 0xff, 0xff, 0x70, 0xe, 0x7f, 0x50, 0xf,
    0x50, 0x0, 0xe7, 0x0, 0xe7, 0xf5, 0x0, 0xf5,
    0x0, 0xe, 0x70, 0xe, 0x7f, 0x50, 0xf, 0x50,
    0x0, 0xe7, 0x0, 0xe7, 0xf5, 0x0, 0xf5, 0x0,
    0xe, 0x70, 0xe, 0x7f, 0x50, 0xf, 0xff, 0xff,
    0xf7, 0x0, 0xe7, 0xf5, 0x0, 0x55, 0x55, 0x55,
    0x20, 0xe, 0x7f, 0x50, 0x0, 0x0, 0x0, 0x0,
    0x0, 0xe7, 0xf8, 0x55, 0x55, 0x55, 0x55, 0x55,
    0x5e, 0x7f, 0xff, 0xff, 0xff, 0xff, 0xff, 0xff,
    0xf7,

    /* U+56E0 "因" */
    0xff, 0xff, 0xff, 0xff, 0xff, 0xff, 0xff, 0x7f,
    0x85, 0x55, 0x55, 0x55, 0x55, 0x55, 0xe7, 0xf5,
    0x0, 0x0, 0x27, 0x0, 0x0, 0xe, 0x7f, 0x50,
    0x0, 0x5, 0xf0, 0x0, 0x0, 0xe7, 0xf5, 0x0,
    0x0, 0x5f, 0x0, 0x0, 0xe, 0x7f, 0x55, 0xff,
    0xff, 0xff, 0xff, 0xf0, 0xe7, 0xf5, 0x15, 0x55,
    0x8f, 0x55, 0x55, 0xe, 0x7f, 0x50, 0x0, 0x37,
    0xa5, 0x10, 0x0, 0xe7, 0xf5, 0x0, 0xa, 0xa0,
    0xf5, 0x0, 0xe, 0x7f, 0x50, 0xf, 0x50, 0x0,
    0xaa, 0x0, 0xe7, 0xf5, 0x27, 0x83, 0x0, 0x5,
    0x87, 0xe, 0x7f, 0x54, 0xe0, 0x0, 0x0, 0x4,
    0xe0, 0xe7, 0xf8, 0x55, 0x55, 0x55, 0x55, 0x55,
    0x5e, 0x7f, 0xff, 0xff, 0xff, 0xff, 0xff, 0xff,
    0xf7,

    /* U+56F4 "围" */
    0xff, 0xff, 0xff, 0xff, 0xff, 0xff, 0xff, 0x7f,
    0x85, 0x55, 0x58, 0xf5, 0x55, 0x55, 0xe7, 0xf5,
    0x27, 0x77, 0xaf, 0x77, 0x77, 0xe, 0x7f, 0x54,
    0xee, 0xee, 0xfe, 0xee, 0xe0, 0xe7, 0xf5, 0x0,
    0x0, 0x5f, 0x0, 0x0, 0xe, 0x7f, 0x50, 0xf,
    0xff, 0xff, 0xfa, 0x0, 0xe7, 0xf5, 0x0, 0x55,
    0x8f, 0x55, 0x30, 0xe, 0x7f, 0x51, 0x55, 0x58,
    0xf5, 0x55, 0x50, 0xe7, 0xf5, 0x5f, 0xff, 0xff,
    0xff, 0xff, 0xe, 0x7f, 0x50, 0x0, 0x5, 0xf0,
    0x5, 0xf0, 0xe7, 0xf5, 0x0, 0x0, 0x5f, 0x4,
    0xaf, 0xe, 0x7f, 0x50, 0x0, 0x5, 0xf0, 0x9e,
    0xe0, 0xe7, 0xf8, 0x55, 0x55, 0x8f, 0x55, 0x55,
    0x5e, 0x7f, 0xff, 0xff, 0xff, 0xff, 0xff, 0xff,
    0xf7,

    /* U+56FA "固" */
    0xff, 0xff, 0xff, 0xff, 0xff, 0xff, 0xff, 0x7f,
    0x85, 0x55, 0x58, 0xf5, 0x55, 0x55, 0xe7, 0xf5,
    0x0, 0x0, 0x5f, 0x0, 0x0, 0xe, 0x7f, 0x51,
    0x55, 0x58, 0xf5, 0x55, 0x50, 0xe7, 0xf5, 0x5f,
    0xff, 0xff, 0xff, 0xff, 0xe, 0x7f, 0x50, 0x0,
    0x5, 0xf0, 0x0, 0x0, 0xe7, 0xf5, 0x0, 0x77,
    0xaf, 0x77, 0x40, 0xe, 0x7f, 0x50, 0xf, 0xee,
    0xee, 0xfa, 0x0, 0xe7, 0xf5, 0x0, 0xf5, 0x0,
    0xa, 0xa0, 0xe, 0x7f, 0x50, 0xf, 0x50, 0x0,
    0xaa, 0x0, 0xe7, 0xf5, 0x0, 0xfa, 0x77, 0x7d,
    0xa0, 0xe, 0x7f, 0x50, 0xe, 0xee, 0xee, 0xe9,
    0x0, 0xe7, 0xf8, 0x55, 0x55, 0x55, 0x55, 0x55,
    0x5e, 0x7f, 0xff, 0xff, 0xff, 0xff, 0xff, 0xff,
    0xf7,

    /* U+56FD "国" */
    0xff, 0xff, 0xff, 0xff, 0xff, 0xff, 0xff, 0x7f,
    0x85, 0x55, 0x55, 0x55, 0x55, 0x55, 0xe7, 0xf5,
    0x27, 0x77, 0x77, 0x77, 0x77, 0xe, 0x7f, 0x54,
    0xee, 0xee, 0xfe, 0xee, 0xe0, 0xe7, 0xf5, 0x0,
    0x0, 0x5f, 0x0, 0x0, 0xe, 0x7f, 0x50, 0x0,
    0x5, 0xf0, 0x0, 0x0, 0xe7, 0xf5, 0x0, 0x77,
    0xaf, 0x77, 0x40, 0xe, 0x7f, 0x50, 0xe, 0xee,
    0xfe, 0xe9, 0x0, 0xe7, 0xf5, 0x0, 0x0, 0x5f,
    0x0, 0x0, 0xe, 0x7f, 0x50, 0x0, 0x5, 0xf0,
    0x88, 0x0, 0xe7, 0xf5, 0x27, 0x77, 0xaf, 0x7d,
    0xd7, 0xe, 0x7f, 0x54, 0xee, 0xee, 0xee, 0xee,
    0xe0, 0xe7, 0xf8, 0x55, 0x55, 0x55, 0x55, 0x55,
    0x5e, 0x7f, 0xff, 0xff, 0xff, 0xff, 0xff, 0xff,
    0xf7,

    /* U+56FE "图" */
    0xff, 0xff, 0xff, 0xff, 0xff, 0xff, 0xff, 0x7f,
    0x85, 0x55, 0xad, 0x55, 0x55, 0x55, 0xe7, 0xf5,
    0x0, 0x7, 0xe7, 0x77, 0x40, 0xe, 0x7f, 0x50,
    0x11, 0x7e, 0xee, 0xfa, 0x0, 0xe7, 0xf5, 0x1f,
    0xf8, 0x0, 0xe, 0xa0, 0xe, 0x7f, 0x50, 0x0,
    0x7f, 0xff, 0x10, 0x0, 0xe7, 0xfc, 0xaa, 0xa8,
    0x55, 0x5a, 0xaa, 0xaf, 0x7f, 0xca, 0xaa, 0x85,
    0x50, 0x9a, 0xaa, 0xf7, 0xf5, 0x0, 0x7, 0xff,
    0x0, 0x0, 0xe, 0x7f, 0x50, 0x0, 0x0, 0xf,
    0xfa, 0x0, 0xe7, 0xf5, 0x0, 0x57, 0x50, 0x88,
    0x50, 0xe, 0x7f, 0x50, 0xb, 0xed, 0xaa, 0x10,
    0x0, 0xe7, 0xf8, 0x55, 0x55, 0x7f, 0xf6, 0x55,
    0x5e, 0x7f, 0xff, 0xff, 0xff, 0xff, 0xff, 0xff,
    0xf7,

    /* U+5728 "在" */
    0x0, 0x0, 0xa, 0xa0, 0x0, 0x0, 0x0, 0x0,
    0x0, 0x0, 0xaa, 0x0, 0x0, 0x0, 0x0, 0x77,
    0x77, 0x7d, 0xd7, 0x77, 0x77, 0x77, 0x4e, 0xee,
    0xef, 0xee, 0xee, 0xee, 0xee, 0xe9, 0x0, 0x0,
    0xf5, 0x0, 0x3, 0x30, 0x0, 0x0, 0x0, 0xf,
    0x50, 0x0, 0xaa, 0x0, 0x0, 0x0, 0x5f, 0x82,
    0x0, 0xa, 0xa0, 0x0, 0x0, 0x5a, 0xf0, 0x58,
    0x88, 0xdd, 0x88, 0x85, 0xa, 0xff, 0xa, 0xff,
    0xff, 0xff, 0xff, 0xaf, 0x55, 0xf0, 0x0, 0x0,
    0xaa, 0x0, 0x0, 0x51, 0x5f, 0x0, 0x0, 0xa,
    0xa0, 0x0, 0x0, 0x5, 0xf0, 0x0, 0x0, 0xaa,
    0x0, 0x0, 0x0, 0x5f, 0x3, 0x55, 0x5c, 0xc5,
    0x55, 0x30, 0x5, 0xf0, 0xaf, 0xff, 0xff, 0xff,
    0xfa,

    /* U+5730 "地" */
    0x0, 0xe7, 0x0, 0x0, 0x0, 0xe6, 0x0, 0x0,
    0x0, 0xe7, 0x0, 0xe6, 0x0, 0xe6, 0x0, 0x0,
    0x0, 0xe7, 0x0, 0xe6, 0x0, 0xe6, 0x2a, 0xa4,
    0x3, 0xe9, 0x20, 0xe6, 0x3, 0xf8, 0x5c, 0xf6,
    0x3f, 0xff, 0xc0, 0xe6, 0x4f, 0xff, 0xc0, 0xe6,
    0x2, 0xe8, 0x5d, 0xfe, 0xa2, 0xe8, 0x10, 0xe6,
    0x0, 0xe7, 0x28, 0xfb, 0x60, 0xe6, 0x0, 0xe6,
    0x0, 0xe7, 0x0, 0xe6, 0x0, 0xe6, 0x1, 0xe6,
    0x0, 0xe7, 0x0, 0xe6, 0x0, 0xe6, 0x4f, 0xf6,
    0x0, 0xed, 0x80, 0xe6, 0x0, 0xe6, 0x14, 0x41,
    0x15, 0xec, 0x80, 0xe6, 0x0, 0x94, 0x0, 0x52,
    0x2d, 0xd6, 0x0, 0xe6, 0x0, 0x0, 0x0, 0xe6,
    0x0, 0x0, 0x0, 0xe9, 0x55, 0x55, 0x55, 0xf6,
    0x0, 0x0, 0x0, 0x9, 0xff, 0xff, 0xff, 0xf6,

    /* U+5750 "坐" */
    0x0, 0x0, 0x0, 0x5f, 0x0, 0x0, 0x0, 0x0,
    0x5, 0xf0, 0x5, 0xf0, 0x5, 0xf0, 0x0, 0x0,
    0x5f, 0x0, 0x5f, 0x0, 0x5f, 0x0, 0x0, 0x5,
    0xf0, 0x5, 0xf0, 0x5, 0xf0, 0x0, 0x0, 0x5f,
    0x0, 0x5f, 0x0, 0x5f, 0x0, 0x0, 0xaa, 0xf,
    0x55, 0xf0, 0xaa, 0xf, 0x50, 0x78, 0x50, 0x87,
    0xaf, 0x78, 0x50, 0x87, 0x4e, 0x40, 0x0, 0x9e,
    0xfe, 0x40, 0x0, 0x99, 0x0, 0x0, 0x0, 0x5f,
    0x0, 0x0, 0x0, 0x0, 0xaf, 0xff, 0xff, 0xff,
    0xff, 0xff, 0x50, 0x3, 0x55, 0x55, 0x8f, 0x55,
    0x55, 0x51, 0x0, 0x0, 0x0, 0x5, 0xf0, 0x0,
    0x0, 0x0, 0x55, 0x55, 0x55, 0x8f, 0x55, 0x55,
    0x55, 0x3f, 0xff, 0xff, 0xff, 0xff, 0xff, 0xff,
    0xfa,

    /* U+5757 "块" */
    0x0, 0xe7, 0x0, 0x0, 0x1f, 0x40, 0x0, 0x0,
    0x0, 0xe7, 0x0, 0x0, 0x1f, 0x40, 0x0, 0x0,
    0x0, 0xe7, 0x0, 0x68, 0x9f, 0xa8, 0x88, 0x20,
    0x15, 0xea, 0x40, 0x8a, 0xbf, 0xca, 0xbf, 0x40,
    0x3f, 0xff, 0xc0, 0x0, 0x1f, 0x40, 0x1f, 0x40,
    0x0, 0xe7, 0x0, 0x0, 0x1f, 0x40, 0x1f, 0x40,
    0x0, 0xe7, 0x0, 0x0, 0x1f, 0x40, 0x1f, 0x40,
    0x0, 0xe7, 0x5, 0x55, 0x6f, 0x85, 0x6f, 0x83,
    0x0, 0xe7, 0x1f, 0xff, 0xff, 0xff, 0xff, 0xf9,
    0x0, 0xef, 0xc0, 0x0, 0x1f, 0x40, 0x0, 0x0,
    0x2a, 0xfa, 0x40, 0x4, 0xaa, 0xa6, 0x0, 0x0,
    0x2a, 0xa4, 0x0, 0x37, 0x90, 0x78, 0x40, 0x0,
    0x0, 0x2, 0x55, 0xd9, 0x0, 0x6, 0xf5, 0x53,
    0x0, 0x8, 0xff, 0x40, 0x0, 0x0, 0x1f, 0xf9,

    /* U+57CE "城" */
    0x0, 0xe7, 0x0, 0x0, 0x0, 0x6, 0xe0, 0xe6,
    0x0, 0xe7, 0x0, 0x0, 0x0, 0x6, 0xe0, 0xe6,
    0x0, 0xe7, 0x0, 0x78, 0x88, 0x8b, 0xf8, 0xf6,
    0x15, 0xea, 0x40, 0xed, 0xaa, 0xac, 0xfa, 0xa4,
    0x3f, 0xff, 0xc0, 0xe7, 0x0, 0x6, 0xe0, 0x0,
    0x0, 0xe7, 0x0, 0xef, 0xff, 0x16, 0xe0, 0xe6,
    0x0, 0xe7, 0x0, 0xeb, 0x8f, 0x16, 0xe0, 0xe6,
    0x0, 0xe7, 0x0, 0xe7, 0x3f, 0x16, 0xe0, 0xe6,
    0x0, 0xe7, 0x0, 0xe7, 0x3f, 0x16, 0xe0, 0xe6,
    0x0, 0xef, 0xc0, 0xe7, 0x3f, 0x12, 0x6f, 0x62,
    0x2a, 0xfa, 0x40, 0xed, 0xbf, 0x10, 0x1f, 0x10,
    0x2a, 0xa4, 0x0, 0xed, 0xaa, 0x14, 0xaa, 0xa4,
    0x0, 0x0, 0x0, 0xe7, 0x0, 0x6, 0xe0, 0xe6,
    0x0, 0x0, 0x3f, 0x10, 0x3f, 0xf7, 0x0, 0xe6,

    /* U+586B "填" */
    0x0, 0x5f, 0x0, 0x0, 0xe, 0x70, 0x0, 0x0,
    0x5, 0xf0, 0xaf, 0xff, 0xff, 0xff, 0xfa, 0x0,
    0x5f, 0x3, 0x55, 0x5e, 0xa5, 0x55, 0x35, 0x58,
    0xf5, 0x11, 0x55, 0xea, 0x55, 0x10, 0xff, 0xff,
    0xf5, 0x5f, 0xff, 0xff, 0xf5, 0x0, 0x5, 0xf0,
    0x5, 0xf0, 0x0, 0xf, 0x50, 0x0, 0x5f, 0x0,
    0x5f, 0x77, 0x77, 0xf5, 0x0, 0x5, 0xf0, 0x5,
    0xfe, 0xee, 0xef, 0x50, 0x0, 0x5f, 0x0, 0x5f,
    0x0, 0x0, 0xf5, 0x0, 0x5, 0xfc, 0x45, 0xf0,
    0x0, 0xf, 0x50, 0x77, 0x78, 0x87, 0xaf, 0x77,
    0x77, 0xfa, 0x4e, 0xe9, 0x0, 0x9e, 0xfe, 0xee,
    0xef, 0xe9, 0x0, 0x0, 0x3, 0x8f, 0x0, 0x0,
    0xf8, 0x30, 0x0, 0x0, 0xaa, 0x0, 0x0, 0x0,
    0xaa,

    /* U+5883 "境" */
    0xa, 0xa0, 0x0, 0x0, 0xa, 0xa0, 0x0, 0x0,
    0xaa, 0x0, 0xaf, 0xff, 0xff, 0xff, 0x50, 0xa,
    0xa0, 0x3, 0x8f, 0x55, 0x8f, 0x51, 0x5, 0xcc,
    0x55, 0x58, 0xf5, 0x58, 0xf5, 0x53, 0xff, 0xff,
    0xff, 0xff, 0xff, 0xff, 0xff, 0xa0, 0xaa, 0x0,
    0xaa, 0x0, 0x0, 0xf, 0x50, 0xa, 0xa0, 0xa,
    0xd7, 0x77, 0x77, 0xf5, 0x0, 0xaa, 0x0, 0xaf,
    0xee, 0xee, 0xef, 0x50, 0xa, 0xa0, 0xa, 0xa0,
    0x0, 0x0, 0xf5, 0x0, 0xaf, 0xf0, 0xaf, 0xff,
    0xff, 0xff, 0x50, 0xae, 0xc5, 0x3, 0x8f, 0x55,
    0x8f, 0x51, 0xa, 0xa7, 0x0, 0x37, 0xa0, 0x5,
    0xf0, 0x33, 0x0, 0x15, 0x5c, 0xa0, 0x0, 0x5f,
    0x5c, 0xa0, 0x5, 0xff, 0x50, 0x0, 0x5, 0xff,
    0xfa,

    /* U+589E "增" */
    0x0, 0xe7, 0x0, 0x6, 0xe0, 0x0, 0x3f, 0x10,
    0x0, 0xe7, 0x3f, 0xff, 0xff, 0xff, 0xff, 0xf7,
    0x0, 0xe7, 0x3f, 0x65, 0x55, 0xf9, 0x55, 0xe7,
    0x15, 0xea, 0x7f, 0x12, 0x50, 0xe6, 0x15, 0xe7,
    0x3f, 0xff, 0xff, 0x16, 0xe0, 0xe6, 0x3f, 0xf7,
    0x0, 0xe7, 0x3f, 0xff, 0xff, 0xff, 0xff, 0xf7,
    0x0, 0xe7, 0x15, 0x55, 0x55, 0x55, 0x55, 0x52,
    0x0, 0xe7, 0x0, 0x45, 0x55, 0x55, 0x55, 0x0,
    0x0, 0xe7, 0x0, 0xef, 0xff, 0xff, 0xff, 0x10,
    0x0, 0xef, 0xc0, 0xe9, 0x0, 0x0, 0x3f, 0x10,
    0x17, 0xfc, 0x60, 0xec, 0x77, 0x77, 0x9f, 0x10,
    0x3e, 0xe6, 0x0, 0xef, 0xee, 0xee, 0xef, 0x10,
    0x0, 0x0, 0x0, 0xeb, 0x55, 0x55, 0x7f, 0x10,
    0x0, 0x0, 0x0, 0xef, 0xff, 0xff, 0xff, 0x10,

    /* U+58F0 "声" */
    0x0, 0x0, 0x0, 0x5f, 0x0, 0x0, 0x0, 0xf,
    0xff, 0xff, 0xff, 0xff, 0xff, 0xff, 0xfa, 0x55,
    0x55, 0x55, 0x8f, 0x55, 0x55, 0x55, 0x30, 0x35,
    0x55, 0x58, 0xf5, 0x55, 0x55, 0x10, 0xa, 0xff,
    0xff, 0xff, 0xff, 0xff, 0xf5, 0x0, 0x0, 0x0,
    0x0, 0x0, 0x0, 0x0, 0x0, 0x4, 0x77, 0x77,
    0x77, 0x77, 0x77, 0x72, 0x0, 0xaf, 0xee, 0xee,
    0xfe, 0xee, 0xef, 0x50, 0xa, 0xa0, 0x0, 0x5f,
    0x0, 0x0, 0xf5, 0x0, 0xaf, 0xff, 0xff, 0xff,
    0xff, 0xff, 0x50, 0xa, 0xc5, 0x55, 0x55, 0x55,
    0x55, 0x51, 0x0, 0xaa, 0x0, 0x0, 0x0, 0x0,
    0x0, 0x0, 0x5c, 0xa0, 0x0, 0x0, 0x0, 0x0,
    0x0, 0xf, 0x72, 0x0, 0x0, 0x0, 0x0, 0x0,
    0x0,

    /* U+5904 "处" */
    0x0, 0x5f, 0x0, 0x0, 0x0, 0x5f, 0x0, 0x0,
    0x5, 0xf0, 0x0, 0x0, 0x5, 0xf0, 0x0, 0x0,
    0x5f, 0x77, 0x77, 0x0, 0x5f, 0x0, 0x0, 0x15,
    0xee, 0xee, 0xf0, 0x5, 0xf0, 0x0, 0xa, 0xa0,
    0x0, 0x5f, 0x0, 0x5f, 0x0, 0x0, 0xaa, 0x0,
    0x5, 0xf0, 0x5, 0xff, 0x50, 0xe6, 0x5e, 0x0,
    0x5f, 0x0, 0x5f, 0x1d, 0x6e, 0x45, 0xf0, 0x15,
    0xe0, 0x5, 0xf0, 0xc6, 0x0, 0x5f, 0xa, 0xa0,
    0x0, 0x5f, 0x0, 0x0, 0x5, 0xf0, 0xaa, 0x0,
    0x5, 0xf0, 0x0, 0x0, 0x1, 0xe5, 0x10, 0x0,
    0x5f, 0x0, 0x0, 0x1, 0x5f, 0x85, 0x50, 0x5,
    0xf0, 0x0, 0x55, 0x8f, 0xa, 0xff, 0x55, 0x55,
    0x55, 0x2f, 0xfa, 0x0, 0x0, 0xf, 0xff, 0xff,
    0xf7,

    /* U+5907 "备" */
    0x0, 0x1, 0xf1, 0x0, 0x0, 0x0, 0x0, 0x0,
    0x3, 0xcf, 0xcb, 0xbb, 0xbb, 0xb0, 0x0, 0x77,
    0x79, 0xf9, 0x88, 0x8f, 0xc8, 0x0, 0xe, 0xe9,
    0x1e, 0x31, 0x11, 0xc8, 0x0, 0x0, 0x0, 0x0,
    0xe, 0xff, 0xf1, 0x0, 0x0, 0x0, 0x5, 0xff,
    0x10, 0x0, 0xef, 0xf0, 0x0, 0xaa, 0x85, 0x50,
    0x0, 0x4, 0x55, 0xaa, 0x7a, 0xec, 0x55, 0x55,
    0x55, 0x55, 0x5f, 0xc7, 0xa, 0xff, 0xff, 0xff,
    0xff, 0xff, 0xf5, 0x0, 0xaa, 0x0, 0x9, 0xc0,
    0x0, 0xf, 0x50, 0xa, 0xd7, 0x77, 0xce, 0x77,
    0x77, 0xf5, 0x0, 0xaf, 0xee, 0xef, 0xfe, 0xee,
    0xef, 0x50, 0xa, 0xc5, 0x55, 0xbd, 0x55, 0x55,
    0xf5, 0x0, 0xaf, 0xff, 0xff, 0xff, 0xff, 0xff,
    0x50,

    /* U+590D "复" */
    0xa, 0xa0, 0x0, 0x0, 0x0, 0x0, 0x0, 0x0,
    0xaf, 0xff, 0xff, 0xff, 0xff, 0xff, 0xfa, 0xa7,
    0x8f, 0x55, 0x55, 0x55, 0x55, 0xf8, 0x3a, 0x35,
    0xf5, 0x55, 0x55, 0x55, 0x5f, 0x50, 0x0, 0x5f,
    0xff, 0xff, 0xff, 0xff, 0xf5, 0x0, 0x5, 0xf0,
    0x0, 0x0, 0x0, 0xf, 0x50, 0x0, 0x5f, 0x77,
    0x77, 0x77, 0x77, 0xf5, 0x0, 0x4, 0xee, 0xff,
    0xee, 0xee, 0xee, 0x40, 0x0, 0x0, 0xa, 0xa0,
    0x0, 0x0, 0x0, 0x0, 0x0, 0xf, 0xff, 0xff,
    0xff, 0xff, 0x50, 0x7, 0xaa, 0xf8, 0x55, 0x55,
    0x8f, 0x51, 0x0, 0x7a, 0xaa, 0x75, 0x55, 0x57,
    0xa0, 0x0, 0x55, 0x55, 0x5c, 0xff, 0xff, 0xc5,
    0x55, 0x3f, 0xff, 0xff, 0x50, 0x0, 0x5, 0xff,
    0xfa,

    /* U+590F "夏" */
    0xff, 0xff, 0xff, 0xff, 0xff, 0xff, 0xff, 0xa5,
    0x55, 0x55, 0x58, 0xf5, 0x55, 0x55, 0x53, 0x4,
    0x77, 0x77, 0xaf, 0x77, 0x77, 0x72, 0x0, 0xaf,
    0xee, 0xee, 0xee, 0xee, 0xef, 0x50, 0xa, 0xa0,
    0x0, 0x0, 0x0, 0x0, 0xf5, 0x0, 0xaf, 0xff,
    0xff, 0xff, 0xff, 0xff, 0x50, 0xa, 0xc5, 0x55,
    0x55, 0x55, 0x55, 0xf5, 0x0, 0xac, 0x55, 0x55,
    0x55, 0x55, 0x5f, 0x50, 0xa, 0xff, 0xff, 0xff,
    0xff, 0xff, 0xf5, 0x0, 0x5, 0xf0, 0x0, 0x0,
    0x5, 0xf0, 0x0, 0xaa, 0x85, 0xa3, 0x0, 0x7,
    0x85, 0x0, 0xa, 0xa7, 0xa, 0x75, 0x55, 0x87,
    0x0, 0x0, 0x55, 0x55, 0x5c, 0xff, 0xf8, 0x55,
    0x55, 0x3f, 0xff, 0xff, 0x50, 0x0, 0xaf, 0xff,
    0xfa,

    /* U+5916 "外" */
    0x0, 0x5f, 0x0, 0x0, 0xe, 0x70, 0x0, 0x0,
    0x5, 0xf0, 0x0, 0x0, 0xe7, 0x0, 0x0, 0x0,
    0x5f, 0xbb, 0x50, 0xe, 0x70, 0x0, 0x0, 0x58,
    0x77, 0xf7, 0x0, 0xe7, 0x0, 0x0, 0xa, 0xa0,
    0xe, 0x70, 0xe, 0x92, 0x0, 0x0, 0xaa, 0x0,
    0xe7, 0x0, 0xef, 0xc0, 0x0, 0xe5, 0x5e, 0xe,
    0x70, 0xe, 0x81, 0xe4, 0x7, 0x22, 0x78, 0x73,
    0x0, 0xe7, 0x7, 0x85, 0x0, 0x0, 0xf1, 0x0,
    0xe, 0x70, 0x8, 0x80, 0x0, 0xf, 0x10, 0x0,
    0xe7, 0x0, 0x0, 0x0, 0x4e, 0x10, 0x0, 0xe,
    0x70, 0x0, 0x0, 0x37, 0xa0, 0x0, 0x0, 0xe7,
    0x0, 0x0, 0x5c, 0xa0, 0x0, 0x0, 0xe, 0x70,
    0x0, 0xf, 0x50, 0x0, 0x0, 0x0, 0xe7, 0x0,
    0x0,

    /* U+591A "多" */
    0x0, 0x0, 0x0, 0x5f, 0x0, 0x0, 0x0, 0x0,
    0x0, 0x0, 0xaf, 0xff, 0xff, 0xf0, 0x0, 0x7,
    0xaa, 0xa7, 0x55, 0x55, 0x8f, 0x0, 0x0, 0x7a,
    0xaa, 0x73, 0x0, 0x37, 0xa0, 0x0, 0x0, 0x0,
    0xa, 0xa0, 0xa, 0xa0, 0x0, 0x0, 0x0, 0x0,
    0x5, 0xff, 0x55, 0xf0, 0x0, 0x0, 0x0, 0x77,
    0x78, 0x87, 0xaf, 0x77, 0x41, 0x11, 0x1e, 0xe9,
    0x1, 0xae, 0xee, 0xfa, 0xff, 0xff, 0x0, 0x0,
    0xf5, 0x0, 0xa, 0xa0, 0x0, 0xf, 0xff, 0xf0,
    0x0, 0x0, 0xaa, 0x0, 0x0, 0x55, 0x55, 0xa3,
    0x0, 0xa7, 0x30, 0x0, 0x0, 0x0, 0xa, 0x75,
    0x5a, 0x30, 0x0, 0x15, 0x55, 0x55, 0x5c, 0xff,
    0x0, 0x0, 0x5, 0xff, 0xff, 0xff, 0x50, 0x0,
    0x0,

    /* U+591C "夜" */
    0x0, 0x0, 0x0, 0x5f, 0x0, 0x0, 0x0, 0xf,
    0xff, 0xff, 0xff, 0xff, 0xff, 0xff, 0xfa, 0x55,
    0x8f, 0x55, 0x55, 0xf8, 0x55, 0x55, 0x30, 0x5,
    0xf0, 0x0, 0xf, 0x85, 0x55, 0x10, 0x3, 0x8f,
    0x0, 0x15, 0xff, 0xff, 0xf5, 0x0, 0xaa, 0x0,
    0x5, 0xf0, 0x0, 0xf, 0x50, 0xa, 0xa0, 0x4,
    0x78, 0x4, 0x40, 0xf5, 0x1, 0xba, 0x1, 0xaa,
    0x10, 0x9a, 0x1e, 0x40, 0xff, 0xa0, 0xf5, 0x5f,
    0x0, 0x5f, 0x0, 0x0, 0xaa, 0x0, 0x0, 0xf,
    0x55, 0xf0, 0x0, 0xa, 0xa0, 0x0, 0x0, 0x58,
    0x85, 0x0, 0x0, 0xaa, 0x0, 0x1, 0x55, 0x88,
    0x50, 0x0, 0xa, 0xa0, 0x55, 0x8f, 0xf5, 0x5f,
    0x55, 0x30, 0xaa, 0xf, 0xfa, 0x0, 0x0, 0xf,
    0xfa,

    /* U+5927 "大" */
    0x0, 0x0, 0x0, 0x5f, 0x0, 0x0, 0x0, 0x0,
    0x0, 0x0, 0x5, 0xf0, 0x0, 0x0, 0x0, 0x0,
    0x0, 0x0, 0x5f, 0x0, 0x0, 0x0, 0x5, 0x55,
    0x55, 0x58, 0xf5, 0x55, 0x55, 0x53, 0xff, 0xff,
    0xff, 0xff, 0xff, 0xff, 0xff, 0xa0, 0x0, 0x0,
    0x5, 0xf0, 0x0, 0x0, 0x0, 0x0, 0x0, 0x7,
    0xaa, 0xa3, 0x0, 0x0, 0x0, 0x0, 0x0, 0xaa,
    0xf, 0x50, 0x0, 0x0, 0x0, 0x0, 0xa, 0xa0,
    0xf5, 0x0, 0x0, 0x0, 0x0, 0xf, 0x50, 0x0,
    0xaa, 0x0, 0x0, 0x0, 0x0, 0xf5, 0x0, 0xa,
    0xa0, 0x0, 0x0, 0x1, 0x5a, 0x30, 0x0, 0x78,
    0x50, 0x0, 0x55, 0x8f, 0x0, 0x0, 0x0, 0x5f,
    0x55, 0x3f, 0xfa, 0x0, 0x0, 0x0, 0x0, 0xf,
    0xfa,

    /* U+5929 "天" */
    0xa, 0xff, 0xff, 0xff, 0xff, 0xff, 0xf5, 0x0,
    0x35, 0x55, 0x58, 0xf5, 0x55, 0x55, 0x10, 0x0,
    0x0, 0x0, 0x5f, 0x0, 0x0, 0x0, 0x0, 0x0,
    0x0, 0x5, 0xf0, 0x0, 0x0, 0x0, 0x0, 0x0,
    0x0, 0x5f, 0x0, 0x0, 0x0, 0xf, 0xff, 0xff,
    0xff, 0xff, 0xff, 0xff, 0xfa, 0x55, 0x55, 0x55,
    0x8f, 0x55, 0x55, 0x55, 0x30, 0x0, 0x0, 0x5b,
    0xf8, 0x30, 0x0, 0x0, 0x0, 0x0, 0xa, 0xa0,
    0xf5, 0x0, 0x0, 0x0, 0x0, 0x0, 0xaa, 0xf,
    0x50, 0x0, 0x0, 0x0, 0x0, 0xe5, 0x10, 0x19,
    0x90, 0x0, 0x0, 0x1, 0x5a, 0x30, 0x0, 0x78,
    0x50, 0x0, 0x55, 0x8f, 0x0, 0x0, 0x0, 0x5f,
    0x55, 0x3f, 0xfa, 0x0, 0x0, 0x0, 0x0, 0xf,
    0xfa,

    /* U+592A "太" */
    0x0, 0x0, 0x0, 0x5f, 0x0, 0x0, 0x0, 0x0,
    0x0, 0x0, 0x5, 0xf0, 0x0, 0x0, 0x0, 0x0,
    0x0, 0x0, 0x5f, 0x0, 0x0, 0x0, 0x5, 0x55,
    0x55, 0x58, 0xf5, 0x55, 0x55, 0x53, 0xff, 0xff,
    0xff, 0xff, 0xff, 0xff, 0xff, 0xa0, 0x0, 0x0,
    0x5, 0xf0, 0x0, 0x0, 0x0, 0x0, 0x0, 0x7,
    0xaa, 0xa3, 0x0, 0x0, 0x0, 0x0, 0x0, 0xaa,
    0xf, 0x50, 0x0, 0x0, 0x0, 0x0, 0xa, 0xa0,
    0xf5, 0x0, 0x0, 0x0, 0x0, 0xf, 0x50, 0x0,
    0xaa, 0x0, 0x0, 0x0, 0x0, 0xf5, 0x0, 0xa,
    0xa0, 0x0, 0x0, 0x1, 0x5a, 0x73, 0x0, 0x78,
    0x50, 0x0, 0x55, 0x8f, 0xa, 0xc5, 0x0, 0x5f,
    0x55, 0x3f, 0xfa, 0x0, 0x5, 0xf0, 0x0, 0xf,
    0xfa,

    /* U+5931 "失" */
    0x0, 0x5f, 0x0, 0x5f, 0x0, 0x0, 0x0, 0x0,
    0x5, 0xf0, 0x5, 0xf0, 0x0, 0x0, 0x0, 0x0,
    0x5f, 0x77, 0xaf, 0x77, 0x77, 0x72, 0x0, 0x15,
    0xee, 0xee, 0xfe, 0xee, 0xee, 0x40, 0xa, 0xa0,
    0x0, 0x5f, 0x0, 0x0, 0x0, 0xf, 0x50, 0x0,
    0x5, 0xf0, 0x0, 0x0, 0x0, 0x51, 0x0, 0x0,
    0x5f, 0x0, 0x0, 0x0, 0x5, 0x55, 0x55, 0x58,
    0xf5, 0x55, 0x55, 0x53, 0xff, 0xff, 0xff, 0xff,
    0xff, 0xff, 0xff, 0xa0, 0x0, 0x0, 0xac, 0x5f,
    0x50, 0x0, 0x0, 0x0, 0x0, 0xa7, 0x30, 0x58,
    0x70, 0x0, 0x0, 0x1, 0x5a, 0x30, 0x0, 0x78,
    0x50, 0x0, 0x55, 0x8f, 0x0, 0x0, 0x0, 0x5f,
    0x55, 0x3f, 0xfa, 0x0, 0x0, 0x0, 0x0, 0xf,
    0xfa,

    /* U+5934 "头" */
    0x0, 0x5f, 0x0, 0x0, 0xf5, 0x0, 0x0, 0x0,
    0x1, 0x5f, 0x50, 0xf, 0x50, 0x0, 0x0, 0x7,
    0x70, 0x51, 0x0, 0xf5, 0x0, 0x0, 0x0, 0x78,
    0x50, 0x0, 0xf, 0x50, 0x0, 0x0, 0x0, 0x5f,
    0x0, 0x0, 0xf5, 0x0, 0x0, 0x0, 0x0, 0x0,
    0x0, 0xf, 0x50, 0x0, 0x0, 0x77, 0x77, 0x77,
    0x77, 0xfa, 0x77, 0x77, 0x4e, 0xee, 0xee, 0xee,
    0xfe, 0xee, 0xee, 0xe9, 0x0, 0x0, 0x0, 0x5f,
    0x0, 0x0, 0x0, 0x0, 0x0, 0x0, 0x5, 0xf0,
    0xaa, 0x0, 0x0, 0x0, 0x0, 0x7, 0x85, 0x3,
    0x7a, 0x0, 0x0, 0x1, 0x55, 0x87, 0x0, 0x3,
    0xa5, 0x10, 0x55, 0x8f, 0xf5, 0x0, 0x0, 0x0,
    0xf8, 0x3f, 0xfa, 0x0, 0x0, 0x0, 0x0, 0x0,
    0xaa,

    /* U+5939 "夹" */
    0x0, 0x0, 0x0, 0x5f, 0x0, 0x0, 0x0, 0x0,
    0xaf, 0xff, 0xff, 0xff, 0xff, 0xff, 0x50, 0x3,
    0x55, 0x55, 0x8f, 0x55, 0x55, 0x51, 0x0, 0x1,
    0x50, 0x5, 0xf0, 0x1, 0x50, 0x0, 0x0, 0x5f,
    0x0, 0x5f, 0x0, 0x5f, 0x0, 0x0, 0x0, 0xf,
    0x55, 0xf0, 0xaa, 0x0, 0x0, 0x0, 0x0, 0x51,
    0x5f, 0x3, 0x30, 0x0, 0x5, 0x55, 0x55, 0x58,
    0xf5, 0x55, 0x55, 0x53, 0xff, 0xff, 0xff, 0xff,
    0xff, 0xff, 0xff, 0xa0, 0x0, 0x0, 0xac, 0x5f,
    0x50, 0x0, 0x0, 0x0, 0x0, 0xa7, 0x30, 0x58,
    0x70, 0x0, 0x0, 0x1, 0x5a, 0x30, 0x0, 0x78,
    0x50, 0x0, 0x55, 0x8f, 0x0, 0x0, 0x0, 0x5f,
    0x55, 0x3f, 0xfa, 0x0, 0x0, 0x0, 0x0, 0xf,
    0xfa,

    /* U+597D "好" */
    0x0, 0x5f, 0x0, 0x8f, 0xff, 0xff, 0xf5, 0x0,
    0x5, 0xf0, 0x2, 0x55, 0x55, 0x5f, 0x50, 0xee,
    0xef, 0xe3, 0x0, 0x0, 0x7e, 0xa3, 0x5, 0xcc,
    0x5f, 0x30, 0x0, 0x97, 0x50, 0x0, 0xa, 0xa0,
    0xf3, 0x0, 0xe, 0x70, 0x0, 0x0, 0xaa, 0xf,
    0x30, 0x0, 0xe7, 0x0, 0x0, 0xa, 0xa0, 0xff,
    0xff, 0xff, 0xff, 0xff, 0xa9, 0x74, 0xf, 0x86,
    0x66, 0xea, 0x66, 0x64, 0xc6, 0x20, 0xf3, 0x0,
    0xe, 0x70, 0x0, 0x0, 0xaa, 0xf, 0x30, 0x0,
    0xe7, 0x0, 0x0, 0x1, 0x5e, 0x10, 0x0, 0xe,
    0x70, 0x0, 0x0, 0x37, 0xa5, 0x10, 0x0, 0xe7,
    0x0, 0x0, 0x5c, 0xa0, 0xf3, 0x25, 0x5e, 0x70,
    0x0, 0xf, 0x50, 0x0, 0x8, 0xff, 0xf7, 0x0,
    0x0,

    /* U+5982 "如" */
    0x0, 0x5f, 0x0, 0x0, 0x0, 0x0, 0x0, 0x0,
    0x5, 0xf0, 0x0, 0xb, 0xbb, 0xbb, 0xb5, 0x77,
    0xaf, 0x77, 0x30, 0xfb, 0x88, 0x8f, 0x7e, 0xff,
    0xee, 0xf7, 0xf, 0x50, 0x0, 0xe7, 0xa, 0xa0,
    0xe, 0x70, 0xf5, 0x0, 0xe, 0x70, 0xaa, 0x0,
    0xe7, 0xf, 0x50, 0x0, 0xe7, 0x78, 0x50, 0xe,
    0x70, 0xf5, 0x0, 0xe, 0x7f, 0x50, 0x8, 0xd6,
    0xf, 0x50, 0x0, 0xe7, 0xc6, 0x20, 0xf1, 0x0,
    0xf5, 0x0, 0xe, 0x70, 0xaa, 0xf, 0x10, 0xf,
    0x50, 0x0, 0xe7, 0x1, 0x5e, 0x10, 0x0, 0xf5,
    0x0, 0xe, 0x70, 0x37, 0xa5, 0x0, 0xf, 0x85,
    0x55, 0xe7, 0x5c, 0xa0, 0xf6, 0x20, 0xff, 0xff,
    0xff, 0x7f, 0x50, 0x0, 0xe7, 0x0, 0x0, 0x0,
    0x0,

    /* U+59CB "始" */
    0x0, 0x5f, 0x0, 0x0, 0xe, 0x70, 0x0, 0x0,
    0x5, 0xf0, 0x0, 0x0, 0xe7, 0x0, 0x0, 0xee,
    0xef, 0xe4, 0x0, 0xe3, 0x0, 0xe4, 0xf, 0xff,
    0xff, 0x51, 0x5f, 0x10, 0xf, 0x50, 0xa, 0xa0,
    0xf5, 0x5f, 0x0, 0x0, 0xf5, 0x0, 0xaa, 0xf,
    0xff, 0xff, 0xff, 0xf0, 0xaa, 0xa, 0xa0, 0xf8,
    0x44, 0x44, 0x44, 0x2, 0x27, 0x85, 0xf, 0x52,
    0x77, 0x77, 0x77, 0x75, 0xd6, 0x10, 0xf5, 0x5f,
    0xdd, 0xdd, 0xdf, 0xa0, 0xaa, 0xf, 0x55, 0xf0,
    0x0, 0x0, 0xaa, 0x1, 0x5e, 0x10, 0x5f, 0x0,
    0x0, 0xa, 0xa0, 0x37, 0xa5, 0x15, 0xf0, 0x0,
    0x0, 0xaa, 0x5c, 0xa0, 0xf5, 0x5f, 0x55, 0x55,
    0x5c, 0xaf, 0x50, 0x0, 0x5, 0xff, 0xff, 0xff,
    0xfa,

    /* U+5B50 "子" */
    0xa, 0xff, 0xff, 0xff, 0xff, 0xff, 0x0, 0x0,
    0x35, 0x55, 0x55, 0x55, 0x58, 0xf0, 0x0, 0x0,
    0x0, 0x0, 0x0, 0x3, 0x7a, 0x0, 0x0, 0x0,
    0x0, 0x0, 0x5, 0x87, 0x0, 0x0, 0x0, 0x0,
    0x0, 0x15, 0xf5, 0x0, 0x0, 0x0, 0x0, 0x0,
    0x5, 0xf0, 0x0, 0x0, 0x0, 0x77, 0x77, 0x77,
    0xaf, 0x77, 0x77, 0x77, 0x4e, 0xee, 0xee, 0xee,
    0xfe, 0xee, 0xee, 0xe9, 0x0, 0x0, 0x0, 0x5f,
    0x0, 0x0, 0x0, 0x0, 0x0, 0x0, 0x5, 0xf0,
    0x0, 0x0, 0x0, 0x0, 0x0, 0x0, 0x5f, 0x0,
    0x0, 0x0, 0x0, 0x0, 0x0, 0x5, 0xf0, 0x0,
    0x0, 0x0, 0x0, 0x0, 0x55, 0x8f, 0x0, 0x0,
    0x0, 0x0, 0x0, 0xf, 0xff, 0xf0, 0x0, 0x0,
    0x0,

    /* U+5B57 "字" */
    0x0, 0x0, 0x0, 0x5f, 0x0, 0x0, 0x0, 0xf,
    0xff, 0xff, 0xff, 0xff, 0xff, 0xff, 0xf7, 0xf8,
    0x55, 0x55, 0x55, 0x55, 0x55, 0x5e, 0x7f, 0x51,
    0x55, 0x55, 0x55, 0x55, 0x50, 0xe7, 0xf5, 0x5f,
    0xff, 0xff, 0xff, 0xff, 0xe, 0x70, 0x0, 0x0,
    0x0, 0x0, 0xaa, 0x0, 0x0, 0x0, 0x0, 0x0,
    0x0, 0x75, 0x30, 0x0, 0x0, 0x0, 0x0, 0x3,
    0xae, 0x40, 0x0, 0x0, 0x0, 0x0, 0x0, 0x5f,
    0x0, 0x0, 0x0, 0xf, 0xff, 0xff, 0xff, 0xff,
    0xff, 0xff, 0xf7, 0x55, 0x55, 0x55, 0x8f, 0x55,
    0x55, 0x55, 0x20, 0x0, 0x0, 0x5, 0xf0, 0x0,
    0x0, 0x0, 0x0, 0x0, 0x55, 0x8f, 0x0, 0x0,
    0x0, 0x0, 0x0, 0xf, 0xff, 0xf0, 0x0, 0x0,
    0x0,

    /* U+5B58 "存" */
    0x0, 0x0, 0xa, 0xa0, 0x0, 0x0, 0x0, 0xf,
    0xff, 0xff, 0xff, 0xff, 0xff, 0xff, 0xfa, 0x55,
    0x55, 0xf8, 0x55, 0x55, 0x55, 0x55, 0x30, 0x3,
    0xaa, 0x31, 0x55, 0x55, 0x55, 0x10, 0x0, 0x5f,
    0x0, 0x5f, 0xff, 0xff, 0xf5, 0x0, 0x5, 0xf0,
    0x0, 0x0, 0x5, 0xf0, 0x0, 0x4, 0xaf, 0x0,
    0x0, 0x4, 0x65, 0x0, 0x1, 0xae, 0xf0, 0x0,
    0x0, 0xaa, 0x0, 0x0, 0xf5, 0x5f, 0x0, 0x0,
    0xa, 0xa0, 0x0, 0x0, 0x5, 0xf0, 0xaf, 0xff,
    0xff, 0xff, 0xfa, 0x0, 0x5f, 0x3, 0x55, 0x5c,
    0xc5, 0x55, 0x30, 0x5, 0xf0, 0x0, 0x0, 0xaa,
    0x0, 0x0, 0x0, 0x5f, 0x0, 0x0, 0x5c, 0xa0,
    0x0, 0x0, 0x5, 0xf0, 0x0, 0xf, 0xfa, 0x0,
    0x0,

    /* U+5B81 "宁" */
    0x0, 0x0, 0x0, 0x5f, 0x0, 0x0, 0x0, 0xf,
    0xff, 0xff, 0xff, 0xff, 0xff, 0xff, 0xf7, 0xf8,
    0x55, 0x55, 0x55, 0x55, 0x55, 0x5e, 0x7a, 0x30,
    0x0, 0x0, 0x0, 0x0, 0x0, 0x94, 0x0, 0x0,
    0x0, 0x0, 0x0, 0x0, 0x0, 0xf, 0xff, 0xff,
    0xff, 0xff, 0xff, 0xff, 0xf7, 0x55, 0x55, 0x55,
    0x8f, 0x55, 0x55, 0x55, 0x20, 0x0, 0x0, 0x5,
    0xf0, 0x0, 0x0, 0x0, 0x0, 0x0, 0x0, 0x5f,
    0x0, 0x0, 0x0, 0x0, 0x0, 0x0, 0x5, 0xf0,
    0x0, 0x0, 0x0, 0x0, 0x0, 0x0, 0x5f, 0x0,
    0x0, 0x0, 0x0, 0x0, 0x0, 0x5, 0xf0, 0x0,
    0x0, 0x0, 0x0, 0x0, 0x55, 0x8f, 0x0, 0x0,
    0x0, 0x0, 0x0, 0xf, 0xff, 0xf0, 0x0, 0x0,
    0x0,

    /* U+5B83 "它" */
    0x0, 0x0, 0x0, 0x5f, 0x0, 0x0, 0x0, 0xf,
    0xff, 0xff, 0xff, 0xff, 0xff, 0xff, 0xf7, 0xf8,
    0x55, 0x55, 0x55, 0x55, 0x55, 0x5e, 0x7f, 0x51,
    0x50, 0x0, 0x0, 0x0, 0x0, 0xe7, 0xf5, 0x5f,
    0x0, 0x0, 0x0, 0x0, 0xe, 0x70, 0x5, 0xf0,
    0x0, 0x0, 0x5, 0xf0, 0x0, 0x0, 0x5f, 0x0,
    0x0, 0xcc, 0x94, 0x0, 0x0, 0x5, 0xf8, 0x88,
    0x88, 0x85, 0x0, 0x0, 0x0, 0x5f, 0xcc, 0xcc,
    0x0, 0x0, 0x0, 0x0, 0x5, 0xf0, 0x0, 0x0,
    0x0, 0x0, 0x0, 0x0, 0x5f, 0x0, 0x0, 0x0,
    0x0, 0xe, 0x70, 0x5, 0xf0, 0x0, 0x0, 0x0,
    0x0, 0xe7, 0x0, 0x5f, 0x55, 0x55, 0x55, 0x55,
    0x5e, 0x70, 0x0, 0x3f, 0xff, 0xff, 0xff, 0xff,
    0xf7,

    /* U+5B89 "安" */
    0x0, 0x0, 0x0, 0x9c, 0x0, 0x0, 0x0, 0xf,
    0xff, 0xff, 0xff, 0xff, 0xff, 0xff, 0xf7, 0xf8,
    0x55, 0x55, 0x55, 0x55, 0x55, 0x5e, 0x7a, 0x30,
    0x0, 0x10, 0x0, 0x0, 0x0, 0x94, 0x0, 0x0,
    0xe, 0x70, 0x0, 0x0, 0x0, 0x0, 0x0, 0x0,
    0xe7, 0x0, 0x0, 0x0, 0x0, 0x77, 0x77, 0x7f,
    0xb7, 0x77, 0x77, 0x77, 0x3e, 0xee, 0xef, 0xee,
    0xee, 0xee, 0xfe, 0xe6, 0x0, 0x0, 0xf1, 0x0,
    0x0, 0x5f, 0x0, 0x0, 0x5, 0xf3, 0x0, 0x0,
    0x5, 0xf0, 0x0, 0x0, 0x15, 0xa1, 0x0, 0x9,
    0x85, 0x0, 0x0, 0x0, 0xa, 0x55, 0x55, 0xa7,
    0x0, 0x0, 0x55, 0x55, 0x5e, 0xff, 0xf6, 0x55,
    0x55, 0x2f, 0xff, 0xff, 0x10, 0x0, 0xef, 0xff,
    0xf7,

    /* U+5B8C "完" */
    0x0, 0x0, 0x0, 0x5f, 0x0, 0x0, 0x0, 0xf,
    0xff, 0xff, 0xff, 0xff, 0xff, 0xff, 0xfa, 0xf8,
    0x55, 0x55, 0x55, 0x55, 0x55, 0x5c, 0xaf, 0x51,
    0x55, 0x55, 0x55, 0x55, 0x50, 0xaa, 0xf5, 0x5f,
    0xff, 0xff, 0xff, 0xff, 0xa, 0xa0, 0x0, 0x0,
    0x0, 0x0, 0x0, 0x0, 0x0, 0x0, 0x0, 0x0,
    0x0, 0x0, 0x0, 0x0, 0x5, 0x55, 0x55, 0x55,
    0x55, 0x55, 0x55, 0x53, 0xff, 0xff, 0xff, 0xff,
    0xff, 0xff, 0xff, 0xa0, 0x0, 0xf, 0x50, 0x0,
    0xaa, 0x0, 0x0, 0x0, 0x0, 0xf5, 0x0, 0xa,
    0xa0, 0x0, 0x0, 0x1, 0x5a, 0x30, 0x0, 0xaa,
    0x0, 0x33, 0x55, 0x8f, 0x0, 0x0, 0xa, 0xc5,
    0x5c, 0xaf, 0xfa, 0x0, 0x0, 0x0, 0xaf, 0xff,
    0xfa,

    /* U+5B97 "宗" */
    0x0, 0x0, 0x0, 0x5f, 0x0, 0x0, 0x0, 0xf,
    0xff, 0xff, 0xff, 0xff, 0xff, 0xff, 0xfa, 0xf8,
    0x55, 0x55, 0x55, 0x55, 0x55, 0x5c, 0xaf, 0x50,
    0x0, 0x0, 0x0, 0x0, 0x0, 0xaa, 0xf5, 0x0,
    0x0, 0x0, 0x0, 0x0, 0xa, 0xa0, 0x5, 0xff,
    0xff, 0xff, 0xff, 0xf0, 0x0, 0x0, 0x15, 0x55,
    0x55, 0x55, 0x55, 0x0, 0x5, 0x55, 0x55, 0x55,
    0x55, 0x55, 0x55, 0x53, 0xff, 0xff, 0xff, 0xff,
    0xff, 0xff, 0xff, 0xa0, 0x0, 0x0, 0x5, 0xf0,
    0x0, 0x0, 0x0, 0x0, 0x3a, 0x0, 0x5f, 0x0,
    0x3a, 0x0, 0x5, 0x57, 0xa0, 0x5, 0xf0, 0x3,
    0xa5, 0x53, 0xff, 0xa0, 0x3, 0x8f, 0x0, 0x0,
    0xff, 0xa0, 0x0, 0x0, 0xaf, 0xf0, 0x0, 0x0,
    0x0,

    /* U+5B9A "定" */
    0x0, 0x0, 0x0, 0x5f, 0x0, 0x0, 0x0, 0xf,
    0xff, 0xff, 0xff, 0xff, 0xff, 0xff, 0xf7, 0xf8,
    0x55, 0x55, 0x55, 0x55, 0x55, 0x5e, 0x7a, 0x30,
    0x0, 0x0, 0x0, 0x0, 0x0, 0x94, 0x0, 0x0,
    0x0, 0x0, 0x0, 0x0, 0x0, 0x0, 0xaf, 0xff,
    0xff, 0xff, 0xff, 0xff, 0x10, 0x3, 0x55, 0x55,
    0x8f, 0x55, 0x55, 0x50, 0x0, 0x1, 0x50, 0x5,
    0xf0, 0x0, 0x0, 0x0, 0x0, 0x5f, 0x0, 0x5f,
    0x0, 0x0, 0x0, 0x0, 0x5, 0xf0, 0x5, 0xff,
    0xff, 0xff, 0x10, 0x0, 0x5f, 0x0, 0x5f, 0x55,
    0x55, 0x50, 0x0, 0x37, 0xa5, 0x58, 0xf0, 0x0,
    0x0, 0x0, 0x5c, 0xa0, 0xff, 0xff, 0x55, 0x55,
    0x55, 0x2f, 0x50, 0x0, 0x0, 0xf, 0xff, 0xff,
    0xf7,

    /* U+5B9E "实" */
    0x0, 0x0, 0x0, 0x5f, 0x0, 0x0, 0x0, 0xf,
    0xff, 0xff, 0xff, 0xff, 0xff, 0xff, 0xfa, 0xf8,
    0x55, 0x55, 0x55, 0x55, 0x55, 0x5c, 0xaf, 0x51,
    0x50, 0x0, 0x5, 0x10, 0x0, 0xaa, 0xf5, 0x5f,
    0x0, 0x0, 0xf5, 0x0, 0xa, 0xa0, 0x0, 0xf,
    0x50, 0xf, 0x50, 0x0, 0x0, 0x4, 0x40, 0x82,
    0x0, 0xf5, 0x0, 0x0, 0x0, 0x9b, 0x50, 0x0,
    0xf, 0x50, 0x0, 0x0, 0x0, 0x5f, 0x0, 0x0,
    0xf5, 0x0, 0x0, 0xf, 0xff, 0xff, 0xff, 0xff,
    0xff, 0xff, 0xfa, 0x55, 0x55, 0x55, 0x8f, 0x5c,
    0xc5, 0x55, 0x30, 0x0, 0x5, 0x57, 0xa0, 0x78,
    0x50, 0x0, 0x55, 0x55, 0xff, 0xa0, 0x0, 0x5f,
    0x55, 0x3f, 0xff, 0xf0, 0x0, 0x0, 0x0, 0xf,
    0xfa,

    /* U+5BB6 "家" */
    0x0, 0x0, 0x0, 0x5f, 0x0, 0x0, 0x0, 0xf,
    0xff, 0xff, 0xff, 0xff, 0xff, 0xff, 0xfa, 0xf8,
    0x55, 0x55, 0x55, 0x55, 0x55, 0x5c, 0xaf, 0x51,
    0x55, 0x55, 0x55, 0x55, 0x50, 0xaa, 0xf5, 0x5f,
    0xff, 0xff, 0xff, 0xff, 0xa, 0xa0, 0x0, 0x0,
    0xaf, 0xf0, 0x0, 0x0, 0x0, 0x0, 0x3a, 0xa7,
    0x55, 0xa3, 0x0, 0xa3, 0x5, 0x57, 0xaa, 0x75,
    0x5f, 0x51, 0x5a, 0x30, 0xff, 0xa0, 0xa, 0xff,
    0xf5, 0x5f, 0x0, 0x0, 0x5, 0xff, 0x50, 0xf,
    0xfa, 0x0, 0x0, 0xaa, 0x85, 0x58, 0xaa, 0xf8,
    0x7a, 0x0, 0xa, 0xa8, 0x55, 0x8a, 0xaf, 0x53,
    0xa5, 0x53, 0x55, 0x8f, 0xf8, 0x55, 0xf5, 0x0,
    0xff, 0xaf, 0xfa, 0x0, 0xaf, 0xf0, 0x0, 0x0,
    0x0,

    /* U+5BB9 "容" */
    0x0, 0x0, 0x0, 0x8f, 0x0, 0x0, 0x0, 0xf,
    0xff, 0xff, 0xff, 0xff, 0xff, 0xff, 0xfe, 0xf8,
    0x56, 0xf6, 0x55, 0x5c, 0xe5, 0x5a, 0xea, 0x75,
    0x5a, 0x12, 0x50, 0x7a, 0x55, 0x79, 0xa, 0xfe,
    0x0, 0x8f, 0x0, 0x1f, 0xf8, 0x0, 0x0, 0x0,
    0xe7, 0xf, 0x50, 0x0, 0x0, 0x0, 0x27, 0x78,
    0x30, 0x87, 0x77, 0x10, 0x1, 0x15, 0xee, 0x10,
    0x0, 0x9e, 0xe4, 0x11, 0xff, 0xa0, 0x0, 0x0,
    0x0, 0x0, 0xcf, 0xe0, 0x5, 0xff, 0xff, 0xff,
    0xff, 0xf3, 0x0, 0x0, 0x5e, 0x55, 0x55, 0x55,
    0x6f, 0x30, 0x0, 0x5, 0xe0, 0x0, 0x0, 0x1,
    0xf3, 0x0, 0x0, 0x5e, 0x55, 0x55, 0x55, 0x6f,
    0x30, 0x0, 0x5, 0xff, 0xff, 0xff, 0xff, 0xf3,
    0x0,

    /* U+5BBD "宽" */
    0x0, 0x0, 0x0, 0x8f, 0x0, 0x0, 0x0, 0xf,
    0xff, 0xff, 0xff, 0xff, 0xff, 0xff, 0xf7, 0xf8,
    0x55, 0xf6, 0x55, 0x5c, 0xc5, 0x5e, 0x7a, 0x75,
    0x5f, 0x65, 0x55, 0xcc, 0x55, 0xa4, 0xa, 0xff,
    0xff, 0xff, 0xff, 0xff, 0xf1, 0x0, 0x0, 0xf,
    0x10, 0x0, 0xaa, 0x0, 0x0, 0x0, 0x27, 0xf8,
    0x77, 0x7d, 0xd7, 0x0, 0x0, 0x5, 0xfe, 0xee,
    0xee, 0xee, 0xf0, 0x0, 0x0, 0x5f, 0x0, 0x0,
    0x0, 0x5f, 0x0, 0x0, 0x5, 0xf0, 0x7, 0xd0,
    0x5, 0xf0, 0x0, 0x0, 0x5f, 0x0, 0x8f, 0x0,
    0x5f, 0x0, 0x0, 0x3, 0xa0, 0x48, 0xa5, 0x13,
    0xa0, 0x42, 0x55, 0x55, 0x5e, 0x70, 0xf8, 0x55,
    0x5e, 0x7f, 0xff, 0xff, 0x10, 0xf, 0xff, 0xff,
    0xf7,

    /* U+5BC6 "密" */
    0x0, 0x0, 0x0, 0x8f, 0x0, 0x0, 0x0, 0xf,
    0xff, 0xff, 0xff, 0xff, 0xff, 0xff, 0xf7, 0xf8,
    0x55, 0x5e, 0xa5, 0x5c, 0xc5, 0x5e, 0x7a, 0x73,
    0x5, 0xa4, 0x5, 0x87, 0x5, 0xa4, 0xa, 0xa0,
    0xf1, 0x0, 0xf5, 0x0, 0xf1, 0xf, 0x50, 0xf,
    0xff, 0xf0, 0x0, 0x0, 0xe7, 0x51, 0x3a, 0xf6,
    0x55, 0x0, 0x3a, 0x4, 0x25, 0x57, 0xaf, 0x65,
    0x55, 0x58, 0xf0, 0x0, 0xff, 0xa0, 0xff, 0xff,
    0xff, 0xff, 0x0, 0x0, 0x0, 0x0, 0x0, 0x0,
    0x0, 0x0, 0x0, 0xa, 0xa0, 0x0, 0x8f, 0x0,
    0x0, 0xf1, 0x0, 0xaa, 0x0, 0x8, 0xf0, 0x0,
    0xf, 0x10, 0xa, 0xc5, 0x55, 0xbf, 0x55, 0x55,
    0xf1, 0x0, 0xaf, 0xff, 0xff, 0xff, 0xff, 0xff,
    0x10,

    /* U+5BDF "察" */
    0x0, 0x0, 0x0, 0x8f, 0x0, 0x0, 0x0, 0xf,
    0xff, 0xff, 0xff, 0xff, 0xff, 0xff, 0xfa, 0xf8,
    0x8f, 0x55, 0x55, 0x55, 0x55, 0x5c, 0xaa, 0x35,
    0xf5, 0x52, 0x5, 0x55, 0x55, 0x87, 0x0, 0x5f,
    0xff, 0x70, 0xff, 0xff, 0xf5, 0xf, 0xff, 0xf0,
    0xe7, 0xf, 0x50, 0xf, 0x50, 0x5c, 0xc5, 0xa5,
    0x20, 0x58, 0xaa, 0x51, 0x5, 0xcc, 0x5a, 0x55,
    0x55, 0xce, 0xa5, 0x53, 0xff, 0xff, 0xe, 0xff,
    0xff, 0xa0, 0xff, 0xa0, 0x0, 0x0, 0x0, 0x0,
    0x0, 0x0, 0x0, 0x4, 0x77, 0x77, 0x77, 0x77,
    0x77, 0x72, 0x0, 0x9e, 0xfe, 0xef, 0xfe, 0xee,
    0xfe, 0x40, 0x55, 0x8f, 0x4, 0xbf, 0x0, 0x5f,
    0x55, 0x3f, 0xfb, 0x30, 0xef, 0xf0, 0x1, 0x3f,
    0xfa,

    /* U+5BF9 "对" */
    0x0, 0x0, 0x0, 0x0, 0x0, 0x0, 0xe8, 0xb,
    0xbb, 0xbb, 0x50, 0x0, 0x0, 0xe, 0x80, 0x88,
    0x88, 0xf7, 0x7, 0x77, 0x77, 0xfb, 0x61, 0x0,
    0xf, 0x71, 0xee, 0xee, 0xef, 0xfc, 0xf5, 0x0,
    0xf7, 0x0, 0x0, 0x0, 0xe8, 0x0, 0xaa, 0xf,
    0x70, 0x0, 0x0, 0xe, 0x80, 0xa, 0xa0, 0xf7,
    0x1a, 0x10, 0x0, 0xe8, 0x0, 0x78, 0x5a, 0x41,
    0xa5, 0x10, 0xe, 0x80, 0x0, 0x5f, 0x0, 0x0,
    0xe5, 0x0, 0xe8, 0x0, 0x5, 0xf0, 0x0, 0xe,
    0x50, 0xe, 0x80, 0x7, 0x85, 0xa4, 0x0, 0x41,
    0x0, 0xe8, 0x0, 0xaa, 0xf, 0x70, 0x0, 0x0,
    0xe, 0x80, 0x5c, 0xa0, 0xf7, 0x0, 0x3, 0x55,
    0xe8, 0xf, 0x50, 0x0, 0x0, 0x0, 0xaf, 0xff,
    0x80,

    /* U+5BFC "导" */
    0xa, 0xff, 0xff, 0xff, 0xff, 0xff, 0xf5, 0x0,
    0xac, 0x55, 0x55, 0x55, 0x55, 0x5f, 0x50, 0xa,
    0xd7, 0x77, 0x77, 0x77, 0x77, 0xf5, 0x0, 0xaf,
    0xee, 0xee, 0xee, 0xee, 0xee, 0x40, 0xa, 0xa0,
    0x0, 0x0, 0x0, 0x0, 0x0, 0x0, 0xaa, 0x0,
    0x0, 0x0, 0x0, 0x0, 0x88, 0x7, 0x97, 0x77,
    0x77, 0x77, 0x77, 0x7c, 0xa0, 0x4, 0xee, 0xee,
    0xee, 0xee, 0xfe, 0xe9, 0x0, 0x0, 0x0, 0x0,
    0x0, 0x5f, 0x0, 0xf, 0xff, 0xff, 0xff, 0xff,
    0xff, 0xff, 0xfa, 0x55, 0x8f, 0x55, 0x55, 0x55,
    0x8f, 0x55, 0x30, 0x3, 0xa5, 0x10, 0x0, 0x5,
    0xf0, 0x0, 0x0, 0x0, 0xf5, 0x0, 0x55, 0x8f,
    0x0, 0x0, 0x0, 0x0, 0x0, 0xf, 0xff, 0xf0,
    0x0,

    /* U+5C06 "将" */
    0x0, 0x5f, 0x0, 0x0, 0xa, 0xff, 0xff, 0xa0,
    0x5, 0xf0, 0x9a, 0xaa, 0x45, 0x55, 0xca, 0x72,
    0x5f, 0x7, 0x8a, 0xf1, 0x0, 0x78, 0x5e, 0x56,
    0xf0, 0x0, 0x3e, 0x21, 0x1e, 0x40, 0xa, 0xff,
    0x0, 0x0, 0xa, 0xff, 0x0, 0x0, 0x5, 0xf0,
    0xef, 0xff, 0x10, 0x0, 0x0, 0x0, 0x5f, 0x4,
    0x55, 0x50, 0x0, 0xf5, 0x0, 0x5a, 0xf0, 0x78,
    0x88, 0x88, 0x8f, 0xa5, 0xa, 0xff, 0xe, 0xff,
    0xff, 0xff, 0xff, 0xaf, 0x55, 0xf0, 0x0, 0x0,
    0x0, 0xf, 0x50, 0x51, 0x5f, 0x0, 0x68, 0x0,
    0x0, 0xf5, 0x0, 0x5, 0xf0, 0x6, 0x95, 0x0,
    0xf, 0x50, 0x0, 0x5f, 0x0, 0x3, 0xf1, 0x15,
    0xf5, 0x0, 0x5, 0xf0, 0x0, 0x0, 0x5, 0xff,
    0x50,

    /* U+5C0F "小" */
    0x0, 0x0, 0x0, 0x5f, 0x0, 0x0, 0x0, 0x0,
    0x0, 0x0, 0x5, 0xf0, 0x0, 0x0, 0x0, 0x0,
    0x0, 0x0, 0x5f, 0x0, 0x0, 0x0, 0x0, 0x2,
    0x80, 0x5, 0xf0, 0x2, 0x80, 0x0, 0x0, 0x5f,
    0x0, 0x5f, 0x0, 0x4c, 0x30, 0x0, 0x5, 0xf0,
    0x5, 0xf0, 0x0, 0xf, 0x10, 0x9, 0xa1, 0x0,
    0x5f, 0x0, 0x0, 0xf1, 0x0, 0xaa, 0x0, 0x5,
    0xf0, 0x0, 0x7, 0x83, 0x39, 0x80, 0x0, 0x5f,
    0x0, 0x0, 0xe, 0x7f, 0x50, 0x0, 0x5, 0xf0,
    0x0, 0x0, 0xe7, 0x10, 0x0, 0x0, 0x5f, 0x0,
    0x0, 0x1, 0x0, 0x0, 0x0, 0x5, 0xf0, 0x0,
    0x0, 0x0, 0x0, 0x0, 0x55, 0x8f, 0x0, 0x0,
    0x0, 0x0, 0x0, 0xf, 0xff, 0xf0, 0x0, 0x0,
    0x0,

    /* U+5C31 "就" */
    0x0, 0x5f, 0x0, 0x0, 0xa, 0xa0, 0xf1, 0xf,
    0xff, 0xff, 0xfa, 0x0, 0xaa, 0x5, 0xe7, 0x55,
    0x55, 0x55, 0x30, 0xa, 0xa0, 0x4, 0x25, 0x55,
    0x55, 0x55, 0x55, 0xcc, 0x55, 0x52, 0xff, 0xff,
    0xff, 0xff, 0xff, 0xff, 0xff, 0x7f, 0x50, 0x0,
    0xaa, 0x0, 0xaa, 0x0, 0x0, 0xf5, 0x0, 0xa,
    0xa0, 0xaa, 0xaa, 0x0, 0xf, 0xa7, 0x77, 0xca,
    0xf, 0x55, 0xf0, 0x0, 0xcc, 0xdf, 0xcc, 0x80,
    0xf5, 0x5f, 0x0, 0x0, 0x5, 0xf0, 0x0, 0xf,
    0x55, 0xf0, 0x0, 0xf5, 0x5f, 0xa, 0xa0, 0xf5,
    0x5f, 0xe, 0x7f, 0x55, 0xf0, 0xaa, 0xf, 0x55,
    0xf0, 0xe7, 0xf8, 0x8f, 0xa, 0xc5, 0xf5, 0x5f,
    0x5e, 0x70, 0xaf, 0xf0, 0x5, 0xf0, 0x5, 0xff,
    0xf7,

    /* U+5C3E "尾" */
    0xa, 0xff, 0xff, 0xff, 0xff, 0xff, 0xff, 0x70,
    0xac, 0x55, 0x55, 0x55, 0x55, 0x55, 0xe7, 0xa,
    0xd7, 0x77, 0x77, 0x77, 0x77, 0x7f, 0x70, 0xaf,
    0xee, 0xee, 0xee, 0xff, 0xfe, 0xe6, 0xa, 0xa0,
    0x0, 0x0, 0xa, 0xfd, 0x0, 0x0, 0xaa, 0xf,
    0xff, 0xff, 0x73, 0x20, 0x0, 0xa, 0xa0, 0x55,
    0x55, 0xfc, 0xaa, 0xa1, 0x0, 0xaa, 0x5, 0x55,
    0x5f, 0xca, 0xaa, 0x10, 0xa, 0xa0, 0xff, 0xff,
    0xf5, 0x0, 0x0, 0x0, 0xaa, 0x0, 0x0, 0xf,
    0xff, 0xff, 0xf7, 0xa, 0xa0, 0x77, 0x77, 0xfb,
    0x88, 0x88, 0x30, 0xaa, 0xe, 0xee, 0xef, 0x50,
    0x0, 0x94, 0x5c, 0xa0, 0x0, 0x0, 0xf8, 0x55,
    0x5e, 0x7f, 0x83, 0x0, 0x0, 0xf, 0xff, 0xff,
    0xf7,

    /* U+5C4F "屏" */
    0xa, 0xff, 0xff, 0xff, 0xff, 0xff, 0xff, 0xa0,
    0xac, 0x55, 0x55, 0x55, 0x55, 0x55, 0xca, 0xa,
    0xd7, 0x77, 0x77, 0x77, 0x77, 0x7c, 0xa0, 0xaf,
    0xee, 0xff, 0xee, 0xee, 0xef, 0xe9, 0xa, 0xa0,
    0xa, 0xa0, 0x0, 0x15, 0xf5, 0x0, 0xaa, 0x0,
    0x27, 0xf0, 0x5, 0xf3, 0x10, 0xa, 0xa0, 0xff,
    0xff, 0xff, 0xff, 0xff, 0xa0, 0xaa, 0x7, 0x7a,
    0xf7, 0x7a, 0xf7, 0x74, 0xa, 0xa0, 0x0, 0x5f,
    0x0, 0x5f, 0x0, 0x0, 0xaa, 0x0, 0x5, 0xf0,
    0x5, 0xf0, 0x0, 0xa, 0xa0, 0xcc, 0xdf, 0xcc,
    0xdf, 0xcc, 0x80, 0xaa, 0x9, 0x9b, 0xf9, 0x9b,
    0xf9, 0x96, 0x5c, 0xa0, 0x55, 0x8f, 0x0, 0x5f,
    0x0, 0xf, 0x50, 0xf, 0xfa, 0x0, 0x5, 0xf0,
    0x0,

    /* U+5C71 "山" */
    0x0, 0x0, 0x0, 0x5f, 0x0, 0x0, 0x0, 0x0,
    0x0, 0x0, 0x5, 0xf0, 0x0, 0x0, 0x0, 0x0,
    0x0, 0x0, 0x5f, 0x0, 0x0, 0x0, 0xa, 0x30,
    0x0, 0x5, 0xf0, 0x0, 0x0, 0x67, 0xf5, 0x0,
    0x0, 0x5f, 0x0, 0x0, 0xa, 0xbf, 0x50, 0x0,
    0x5, 0xf0, 0x0, 0x0, 0xab, 0xf5, 0x0, 0x0,
    0x5f, 0x0, 0x0, 0xa, 0xbf, 0x50, 0x0, 0x5,
    0xf0, 0x0, 0x0, 0xab, 0xf5, 0x0, 0x0, 0x5f,
    0x0, 0x0, 0xa, 0xbf, 0x50, 0x0, 0x5, 0xf0,
    0x0, 0x0, 0xab, 0xf5, 0x0, 0x0, 0x5f, 0x0,
    0x0, 0xa, 0xbf, 0x50, 0x0, 0x5, 0xf0, 0x0,
    0x0, 0xab, 0xf8, 0x55, 0x55, 0x8f, 0x55, 0x55,
    0x5c, 0xbf, 0xff, 0xff, 0xff, 0xff, 0xff, 0xff,
    0xfb,

    /* U+5D29 "崩" */
    0x0, 0x0, 0x0, 0x8f, 0x0, 0x0, 0x0, 0x0,
    0x87, 0x0, 0x8, 0xf0, 0x0, 0x0, 0xb5, 0xa,
    0xc7, 0x77, 0xcf, 0x77, 0x77, 0x7f, 0x70, 0x9e,
    0xee, 0xee, 0xee, 0xee, 0xee, 0xe6, 0x0, 0x0,
    0x0, 0x0, 0x0, 0x0, 0x0, 0x0, 0xaf, 0xff,
    0xf7, 0x0, 0xaf, 0xff, 0xf7, 0xa, 0xb5, 0x5e,
    0x70, 0xa, 0xb5, 0x5e, 0x70, 0xab, 0x55, 0xe7,
    0x0, 0xab, 0x55, 0xe7, 0xa, 0xff, 0xff, 0x70,
    0xa, 0xff, 0xff, 0x70, 0xa9, 0x0, 0xe7, 0x0,
    0xa9, 0x0, 0xe7, 0xa, 0xc7, 0x7f, 0x70, 0xa,
    0xc7, 0x7f, 0x70, 0xaf, 0xee, 0xf7, 0x0, 0xaf,
    0xee, 0xf7, 0x5c, 0x91, 0x5e, 0x70, 0x5c, 0x91,
    0x5e, 0x7f, 0x50, 0x3f, 0xf7, 0xf, 0x50, 0x3f,
    0xf7,

    /* U+5DDD "川" */
    0x0, 0x5f, 0x0, 0x0, 0x0, 0x0, 0xe, 0x70,
    0x5, 0xf0, 0x0, 0xf, 0x50, 0x0, 0xe7, 0x0,
    0x5f, 0x0, 0x0, 0xf5, 0x0, 0xe, 0x70, 0x5,
    0xf0, 0x0, 0xf, 0x50, 0x0, 0xe7, 0x0, 0x5f,
    0x0, 0x0, 0xf5, 0x0, 0xe, 0x70, 0x5, 0xf0,
    0x0, 0xf, 0x50, 0x0, 0xe7, 0x0, 0x5f, 0x0,
    0x0, 0xf5, 0x0, 0xe, 0x70, 0x5, 0xf0, 0x0,
    0xf, 0x50, 0x0, 0xe7, 0x0, 0x5f, 0x0, 0x0,
    0xf5, 0x0, 0xe, 0x70, 0x5, 0xf0, 0x0, 0xf,
    0x50, 0x0, 0xe7, 0x3, 0x7a, 0x0, 0x0, 0xf5,
    0x0, 0xe, 0x70, 0xaa, 0x0, 0x0, 0xf, 0x50,
    0x0, 0xe7, 0x5c, 0xa0, 0x0, 0x0, 0xf5, 0x0,
    0xe, 0x7f, 0x50, 0x0, 0x0, 0x0, 0x0, 0x0,
    0xe7,

    /* U+5DDE "州" */
    0x0, 0x5f, 0x0, 0x0, 0xf5, 0x0, 0xe, 0x70,
    0x5, 0xf0, 0x0, 0xf, 0x50, 0x0, 0xe7, 0x0,
    0x5f, 0x0, 0x0, 0xf5, 0x0, 0xe, 0x70, 0x27,
    0xf0, 0x31, 0xf, 0x51, 0x40, 0xe7, 0xa, 0xff,
    0xe, 0x70, 0xf5, 0x5f, 0xe, 0x70, 0xaf, 0xf0,
    0x5, 0xff, 0x50, 0x3f, 0xf7, 0xa7, 0x8f, 0x0,
    0x5f, 0xf5, 0x3, 0xff, 0x7a, 0x35, 0xf0, 0x3,
    0xaf, 0x50, 0x2a, 0xf7, 0x0, 0x5f, 0x0, 0x0,
    0xf5, 0x0, 0xe, 0x70, 0x5, 0xf0, 0x0, 0xf,
    0x50, 0x0, 0xe7, 0x7, 0xaa, 0x0, 0x0, 0xf5,
    0x0, 0xe, 0x70, 0xaa, 0x0, 0x0, 0xf, 0x50,
    0x0, 0xe7, 0x5c, 0xa0, 0x0, 0x0, 0xf5, 0x0,
    0xe, 0x7f, 0x50, 0x0, 0x0, 0xf, 0x50, 0x0,
    0xe7,

    /* U+5DE5 "工" */
    0xa, 0xff, 0xff, 0xff, 0xff, 0xff, 0xf5, 0x0,
    0x35, 0x55, 0x58, 0xf5, 0x55, 0x55, 0x10, 0x0,
    0x0, 0x0, 0x5f, 0x0, 0x0, 0x0, 0x0, 0x0,
    0x0, 0x5, 0xf0, 0x0, 0x0, 0x0, 0x0, 0x0,
    0x0, 0x5f, 0x0, 0x0, 0x0, 0x0, 0x0, 0x0,
    0x5, 0xf0, 0x0, 0x0, 0x0, 0x0, 0x0, 0x0,
    0x5f, 0x0, 0x0, 0x0, 0x0, 0x0, 0x0, 0x5,
    0xf0, 0x0, 0x0, 0x0, 0x0, 0x0, 0x0, 0x5f,
    0x0, 0x0, 0x0, 0x0, 0x0, 0x0, 0x5, 0xf0,
    0x0, 0x0, 0x0, 0x0, 0x0, 0x0, 0x5f, 0x0,
    0x0, 0x0, 0x0, 0x0, 0x0, 0x5, 0xf0, 0x0,
    0x0, 0x0, 0x55, 0x55, 0x55, 0x8f, 0x55, 0x55,
    0x55, 0x3f, 0xff, 0xff, 0xff, 0xff, 0xff, 0xff,
    0xfa,

    /* U+5DE6 "左" */
    0x0, 0x0, 0xa, 0xa0, 0x0, 0x0, 0x0, 0x0,
    0x0, 0x0, 0xaa, 0x0, 0x0, 0x0, 0x0, 0x77,
    0x77, 0x7d, 0xd7, 0x77, 0x77, 0x77, 0x4e, 0xee,
    0xee, 0xff, 0xee, 0xee, 0xee, 0xe9, 0x0, 0x0,
    0xa, 0xa0, 0x0, 0x0, 0x0, 0x0, 0x0, 0xa,
    0x73, 0x0, 0x0, 0x0, 0x0, 0x0, 0x0, 0xf5,
    0x0, 0x0, 0x0, 0x0, 0x0, 0x1, 0x5a, 0x75,
    0x55, 0x55, 0x55, 0x53, 0x0, 0x5f, 0xa, 0xff,
    0xff, 0xff, 0xff, 0xa0, 0x5, 0xf0, 0x0, 0x0,
    0xaa, 0x0, 0x0, 0x7, 0x85, 0x0, 0x0, 0xa,
    0xa0, 0x0, 0x5, 0x87, 0x0, 0x0, 0x0, 0xaa,
    0x0, 0x0, 0xf5, 0x0, 0x55, 0x55, 0x5c, 0xc5,
    0x55, 0x30, 0x0, 0xf, 0xff, 0xff, 0xff, 0xff,
    0xfa,

    /* U+5DEE "差" */
    0x0, 0x0, 0xf5, 0x0, 0xa, 0xa0, 0x0, 0xf,
    0xff, 0xff, 0xff, 0xff, 0xff, 0xff, 0xfa, 0x55,
    0x55, 0x55, 0x8f, 0x55, 0x55, 0x55, 0x30, 0x35,
    0x55, 0x58, 0xf5, 0x55, 0x55, 0x10, 0xa, 0xff,
    0xff, 0xff, 0xff, 0xff, 0xf5, 0x0, 0x0, 0x0,
    0xaa, 0x0, 0x0, 0x0, 0x0, 0x77, 0x77, 0x7d,
    0xd7, 0x77, 0x77, 0x77, 0x4e, 0xee, 0xef, 0xee,
    0xee, 0xee, 0xee, 0xe9, 0x0, 0x0, 0xf5, 0x0,
    0x0, 0x0, 0x0, 0x0, 0x5, 0xff, 0xff, 0xff,
    0xff, 0xff, 0x50, 0x7, 0x85, 0x55, 0x55, 0xf8,
    0x55, 0x51, 0x5, 0x87, 0x0, 0x0, 0xf, 0x50,
    0x0, 0x0, 0xf5, 0x15, 0x55, 0x55, 0xf8, 0x55,
    0x55, 0x30, 0x5, 0xff, 0xff, 0xff, 0xff, 0xff,
    0xfa,

    /* U+5DF1 "己" */
    0xef, 0xff, 0xff, 0xff, 0xff, 0xff, 0x10, 0x45,
    0x55, 0x55, 0x55, 0x55, 0x7f, 0x10, 0x0, 0x0,
    0x0, 0x0, 0x0, 0x3f, 0x10, 0x0, 0x0, 0x0,
    0x0, 0x0, 0x3f, 0x10, 0x0, 0x0, 0x0, 0x0,
    0x0, 0x3f, 0x10, 0x0, 0x0, 0x0, 0x0, 0x0,
    0x3f, 0x10, 0x67, 0x77, 0x77, 0x77, 0x77, 0x9f,
    0x10, 0xef, 0xee, 0xee, 0xee, 0xee, 0xee, 0x10,
    0xe7, 0x0, 0x0, 0x0, 0x0, 0x0, 0x0, 0xe7,
    0x0, 0x0, 0x0, 0x0, 0x0, 0x0, 0xe7, 0x0,
    0x0, 0x0, 0x0, 0x0, 0xe7, 0xe7, 0x0, 0x0,
    0x0, 0x0, 0x0, 0xe7, 0xe8, 0x55, 0x55, 0x55,
    0x55, 0x55, 0xe7, 0x36, 0xff, 0xff, 0xff, 0xff,
    0xff, 0xf7,

    /* U+5DF2 "已" */
    0xef, 0xff, 0xff, 0xff, 0xff, 0xff, 0x10, 0x45,
    0x55, 0x55, 0x55, 0x55, 0x7f, 0x10, 0x0, 0x0,
    0x0, 0x0, 0x0, 0x3f, 0x10, 0x42, 0x0, 0x0,
    0x0, 0x0, 0x3f, 0x10, 0xe7, 0x0, 0x0, 0x0,
    0x0, 0x3f, 0x10, 0xe7, 0x0, 0x0, 0x0, 0x0,
    0x3f, 0x10, 0xee, 0xcc, 0xcc, 0xcc, 0xcc, 0xdf,
    0x10, 0xeb, 0x77, 0x77, 0x77, 0x77, 0x77, 0x0,
    0xe7, 0x0, 0x0, 0x0, 0x0, 0x0, 0x0, 0xe7,
    0x0, 0x0, 0x0, 0x0, 0x0, 0x0, 0xe7, 0x0,
    0x0, 0x0, 0x0, 0x0, 0xe7, 0xe7, 0x0, 0x0,
    0x0, 0x0, 0x0, 0xe7, 0xe8, 0x55, 0x55, 0x55,
    0x55, 0x55, 0xe7, 0x5, 0xff, 0xff, 0xff, 0xff,
    0xff, 0xf7,

    /* U+5E02 "市" */
    0x0, 0x0, 0xa, 0xc5, 0x0, 0x0, 0x0, 0x0,
    0x0, 0x0, 0x38, 0xf0, 0x0, 0x0, 0x0, 0x77,
    0x77, 0x77, 0xaf, 0x77, 0x77, 0x77, 0x4e, 0xee,
    0xee, 0xee, 0xfe, 0xee, 0xee, 0xe9, 0x0, 0x0,
    0x0, 0x5f, 0x0, 0x0, 0x0, 0x0, 0xaf, 0xff,
    0xff, 0xff, 0xff, 0xff, 0x50, 0xa, 0xc5, 0x55,
    0x8f, 0x55, 0x55, 0xf5, 0x0, 0xaa, 0x0, 0x5,
    0xf0, 0x0, 0xf, 0x50, 0xa, 0xa0, 0x0, 0x5f,
    0x0, 0x0, 0xf5, 0x0, 0xaa, 0x0, 0x5, 0xf0,
    0x0, 0xf, 0x50, 0xa, 0xa0, 0x0, 0x5f, 0x0,
    0x27, 0xf5, 0x0, 0x99, 0x0, 0x5, 0xf0, 0x4,
    0xee, 0x40, 0x0, 0x0, 0x0, 0x5f, 0x0, 0x0,
    0x0, 0x0, 0x0, 0x0, 0x5, 0xf0, 0x0, 0x0,
    0x0,

    /* U+5E03 "布" */
    0x0, 0x0, 0xa, 0xa0, 0x0, 0x0, 0x0, 0xf,
    0xff, 0xff, 0xff, 0xff, 0xff, 0xff, 0xfa, 0x55,
    0x55, 0xf8, 0x55, 0x55, 0x55, 0x55, 0x30, 0x1,
    0x5a, 0x30, 0xa, 0x30, 0x0, 0x0, 0x0, 0x5f,
    0x0, 0x0, 0xf5, 0x0, 0x0, 0x0, 0xaa, 0x0,
    0x0, 0xf, 0x50, 0x0, 0x0, 0x78, 0x87, 0x77,
    0x77, 0xfa, 0x77, 0x72, 0xe, 0x45, 0xfe, 0xee,
    0xef, 0xee, 0xef, 0x50, 0x0, 0x5f, 0x0, 0x0,
    0xf5, 0x0, 0xf5, 0x0, 0x5, 0xf0, 0x0, 0xf,
    0x50, 0xf, 0x50, 0x0, 0x5f, 0x0, 0x0, 0xf5,
    0x0, 0xf5, 0x0, 0x5, 0xf0, 0x0, 0xf, 0x51,
    0x5f, 0x50, 0x0, 0x5f, 0x0, 0x0, 0xf5, 0x5f,
    0xf5, 0x0, 0x0, 0x0, 0x0, 0xf, 0x50, 0x0,
    0x0,

    /* U+5E27 "帧" */
    0x0, 0x5f, 0x0, 0x0, 0x0, 0x5f, 0x0, 0x0,
    0x5, 0xf0, 0x0, 0x0, 0x5, 0xff, 0xf7, 0xaa,
    0xcf, 0xaa, 0x40, 0x0, 0x5f, 0x55, 0x2f, 0xcc,
    0xfa, 0xf7, 0x5, 0x58, 0xf5, 0x52, 0xf5, 0x5f,
    0xe, 0x70, 0xff, 0xff, 0xff, 0x7f, 0x55, 0xf0,
    0xe7, 0xf, 0x50, 0x0, 0xe7, 0xf5, 0x5f, 0xe,
    0x70, 0xf5, 0x3a, 0xe, 0x7f, 0x55, 0xf0, 0xe7,
    0xf, 0x55, 0xf0, 0xe7, 0xf5, 0x5f, 0xe, 0x70,
    0xf5, 0x5f, 0xe, 0x7f, 0x55, 0xf0, 0xe7, 0xf,
    0x55, 0xf0, 0xe7, 0xf5, 0x5f, 0xaf, 0x70, 0x51,
    0x5f, 0x4, 0x2a, 0x35, 0xfa, 0xa4, 0x0, 0x37,
    0xa5, 0x0, 0x0, 0x5f, 0x0, 0x0, 0x5c, 0xa0,
    0xf6, 0x20, 0x5, 0xf0, 0x0, 0xf, 0x50, 0x0,
    0xe7,

    /* U+5E38 "常" */
    0x0, 0x5f, 0x0, 0x5f, 0x0, 0x5f, 0x0, 0xf,
    0xff, 0xff, 0xff, 0xff, 0xff, 0xff, 0xf7, 0xf8,
    0x55, 0x55, 0x55, 0x55, 0x55, 0x5e, 0x7f, 0x51,
    0x55, 0x55, 0x55, 0x55, 0x50, 0xe7, 0xf5, 0x5f,
    0xff, 0xff, 0xff, 0xff, 0xe, 0x70, 0x5, 0xf0,
    0x0, 0x0, 0x5, 0xf0, 0x0, 0x0, 0x5f, 0x77,
    0x77, 0x77, 0xaf, 0x0, 0x0, 0x4, 0xee, 0xee,
    0xfe, 0xee, 0xe0, 0x0, 0x0, 0x0, 0x0, 0x5f,
    0x0, 0x0, 0x0, 0x0, 0xaf, 0xff, 0xff, 0xff,
    0xff, 0xff, 0x10, 0xa, 0xc5, 0x55, 0x8f, 0x55,
    0x55, 0xf1, 0x0, 0xaa, 0x0, 0x5, 0xf0, 0x1,
    0x5f, 0x10, 0xa, 0xa0, 0x0, 0x5f, 0x0, 0x5f,
    0xf1, 0x0, 0x0, 0x0, 0x5, 0xf0, 0x0, 0x0,
    0x0,

    /* U+5E45 "幅" */
    0x0, 0x5f, 0x0, 0x0, 0xff, 0xff, 0xff, 0xa0,
    0x5, 0xf0, 0x0, 0x5, 0x55, 0x55, 0x53, 0x77,
    0xaf, 0x77, 0x30, 0x77, 0x77, 0x77, 0x4f, 0xee,
    0xfe, 0xf7, 0xf, 0xee, 0xee, 0xfa, 0xf5, 0x5f,
    0xe, 0x70, 0xf5, 0x0, 0xa, 0xaf, 0x55, 0xf0,
    0xe7, 0xf, 0xff, 0xff, 0xfa, 0xf5, 0x5f, 0xe,
    0x70, 0x55, 0x55, 0x55, 0x3f, 0x55, 0xf0, 0xe7,
    0x5, 0x55, 0x55, 0x53, 0xf5, 0x5f, 0xe, 0x70,
    0xff, 0xff, 0xff, 0xaf, 0x55, 0xf0, 0xe7, 0xf,
    0x55, 0xf0, 0xaa, 0xf5, 0x5f, 0x7f, 0x70, 0xfa,
    0xaf, 0x7c, 0xae, 0x45, 0xfe, 0xe6, 0xf, 0xee,
    0xfe, 0xfa, 0x0, 0x5f, 0x0, 0x0, 0xf8, 0x8f,
    0x5c, 0xa0, 0x5, 0xf0, 0x0, 0xf, 0xff, 0xff,
    0xfa,

    /* U+5E55 "幕" */
    0x0, 0x0, 0xf5, 0x0, 0xa, 0xa0, 0x0, 0xf,
    0xff, 0xff, 0xff, 0xff, 0xff, 0xff, 0xfa, 0x55,
    0x55, 0xf8, 0x55, 0x5c, 0xc5, 0x55, 0x30, 0x35,
    0x5f, 0x85, 0x55, 0xcc, 0x55, 0x10, 0xa, 0xff,
    0xff, 0xff, 0xff, 0xff, 0xf5, 0x0, 0xaa, 0x0,
    0x0, 0x0, 0x0, 0xf, 0x50, 0x7d, 0xd7, 0x77,
    0x77, 0x77, 0x77, 0xfa, 0x4e, 0xee, 0xfe, 0xee,
    0xfe, 0xee, 0xfe, 0xe9, 0x0, 0x5f, 0x0, 0x5f,
    0x0, 0x5f, 0x0, 0x0, 0xaf, 0xff, 0xff, 0xff,
    0xff, 0xff, 0x50, 0xa7, 0x8f, 0x55, 0x8f, 0x55,
    0x8f, 0x58, 0x7a, 0x35, 0xf0, 0x5, 0xf0, 0x38,
    0xf0, 0x77, 0x0, 0x5f, 0x0, 0x5f, 0xa, 0xff,
    0x0, 0x0, 0x0, 0x0, 0x5, 0xf0, 0x0, 0x0,
    0x0,

    /* U+5E73 "平" */
    0xa, 0xff, 0xff, 0xff, 0xff, 0xff, 0xf5, 0x0,
    0x35, 0x55, 0x58, 0xf5, 0x55, 0x55, 0x10, 0x5,
    0x50, 0x0, 0x5f, 0x0, 0x0, 0x82, 0x0, 0x78,
    0x50, 0x5, 0xf0, 0x1, 0x5a, 0x30, 0x0, 0x5f,
    0x0, 0x5f, 0x0, 0x5f, 0x0, 0x0, 0x0, 0x0,
    0x5, 0xf0, 0x0, 0x0, 0x0, 0x77, 0x77, 0x77,
    0xaf, 0x77, 0x77, 0x77, 0x4e, 0xee, 0xee, 0xee,
    0xfe, 0xee, 0xee, 0xe9, 0x0, 0x0, 0x0, 0x5f,
    0x0, 0x0, 0x0, 0x0, 0x0, 0x0, 0x5, 0xf0,
    0x0, 0x0, 0x0, 0x0, 0x0, 0x0, 0x5f, 0x0,
    0x0, 0x0, 0x0, 0x0, 0x0, 0x5, 0xf0, 0x0,
    0x0, 0x0, 0x0, 0x0, 0x0, 0x5f, 0x0, 0x0,
    0x0, 0x0, 0x0, 0x0, 0x5, 0xf0, 0x0, 0x0,
    0x0,

    /* U+5E76 "并" */
    0x0, 0x5f, 0x51, 0x0, 0x3, 0x8f, 0x0, 0x0,
    0x1, 0x5f, 0x50, 0x0, 0xac, 0x50, 0x0, 0x77,
    0x77, 0xfa, 0x77, 0x7c, 0xd7, 0x77, 0x4e, 0xee,
    0xef, 0xee, 0xee, 0xff, 0xee, 0xe9, 0x0, 0x0,
    0xf5, 0x0, 0xa, 0xa0, 0x0, 0x0, 0x0, 0xf,
    0x50, 0x0, 0xaa, 0x0, 0x0, 0x0, 0x0, 0xf5,
    0x0, 0xa, 0xa0, 0x0, 0x5, 0x55, 0x5f, 0x85,
    0x55, 0xcc, 0x55, 0x53, 0xff, 0xff, 0xff, 0xff,
    0xff, 0xff, 0xff, 0xa0, 0x0, 0xf, 0x50, 0x0,
    0xaa, 0x0, 0x0, 0x0, 0x0, 0xf5, 0x0, 0xa,
    0xa0, 0x0, 0x0, 0x1, 0x5a, 0x30, 0x0, 0xaa,
    0x0, 0x0, 0x55, 0x8f, 0x0, 0x0, 0xa, 0xa0,
    0x0, 0xf, 0xfa, 0x0, 0x0, 0x0, 0xaa, 0x0,
    0x0,

    /* U+5E7F "广" */
    0x0, 0x0, 0x0, 0x0, 0xf5, 0x0, 0x0, 0x0,
    0x5, 0xff, 0xff, 0xff, 0xff, 0xff, 0xfa, 0x0,
    0x5f, 0x55, 0x55, 0x55, 0x55, 0x55, 0x30, 0x5,
    0xf0, 0x0, 0x0, 0x0, 0x0, 0x0, 0x0, 0x5f,
    0x0, 0x0, 0x0, 0x0, 0x0, 0x0, 0x5, 0xf0,
    0x0, 0x0, 0x0, 0x0, 0x0, 0x0, 0x5f, 0x0,
    0x0, 0x0, 0x0, 0x0, 0x0, 0x5, 0xf0, 0x0,
    0x0, 0x0, 0x0, 0x0, 0x0, 0x5f, 0x0, 0x0,
    0x0, 0x0, 0x0, 0x0, 0x5, 0xf0, 0x0, 0x0,
    0x0, 0x0, 0x0, 0x7, 0x85, 0x0, 0x0, 0x0,
    0x0, 0x0, 0x0, 0xaa, 0x0, 0x0, 0x0, 0x0,
    0x0, 0x0, 0x5c, 0xa0, 0x0, 0x0, 0x0, 0x0,
    0x0, 0xf, 0x50, 0x0, 0x0, 0x0, 0x0, 0x0,
    0x0,

    /* U+5E86 "庆" */
    0x0, 0x0, 0x0, 0x0, 0xf1, 0x0, 0x0, 0x0,
    0xaf, 0xff, 0xff, 0xff, 0xff, 0xff, 0xfa, 0xa,
    0xe5, 0x55, 0x55, 0x55, 0x55, 0x55, 0x30, 0xae,
    0x0, 0x0, 0x5, 0x0, 0x0, 0x0, 0xa, 0xe0,
    0x0, 0x0, 0xf1, 0x0, 0x0, 0x0, 0xae, 0x0,
    0x0, 0xf, 0x10, 0x0, 0x0, 0xa, 0xfa, 0xaa,
    0xaa, 0xfb, 0xaa, 0xaa, 0x70, 0xaf, 0xaa, 0xaa,
    0xaf, 0xba, 0xaa, 0xa7, 0xa, 0xe0, 0x0, 0x0,
    0xf1, 0x0, 0x0, 0x0, 0xae, 0x0, 0x5, 0xf0,
    0xe7, 0x0, 0x0, 0xa, 0xe0, 0x0, 0x5f, 0xe,
    0x70, 0x0, 0x0, 0xae, 0x0, 0x27, 0xa0, 0x97,
    0x50, 0x0, 0x5c, 0xe5, 0x5a, 0xa0, 0x0, 0x8f,
    0x55, 0x3f, 0x51, 0xff, 0x80, 0x0, 0x0, 0xf,
    0xfa,

    /* U+5E8F "序" */
    0x0, 0x0, 0x0, 0x0, 0xf5, 0x0, 0x0, 0x0,
    0xaf, 0xff, 0xff, 0xff, 0xff, 0xff, 0xfa, 0xa,
    0xc5, 0x55, 0x55, 0x55, 0x55, 0x55, 0x30, 0xaa,
    0x5, 0x55, 0x55, 0x55, 0x55, 0x10, 0xa, 0xa0,
    0xff, 0xff, 0xff, 0xff, 0xf5, 0x0, 0xaa, 0x0,
    0x0, 0x0, 0x5, 0xf0, 0x0, 0xa, 0xa0, 0x0,
    0x3a, 0x7, 0x85, 0x0, 0x0, 0xac, 0x55, 0x58,
    0xf5, 0xcc, 0x55, 0x53, 0xa, 0xff, 0xff, 0xff,
    0xff, 0xff, 0xff, 0xa0, 0xaa, 0x0, 0x0, 0xf,
    0x50, 0x0, 0xaa, 0xa, 0xa0, 0x0, 0x0, 0xf5,
    0x0, 0x75, 0x30, 0xaa, 0x0, 0x0, 0xf, 0x50,
    0xe, 0x40, 0x5c, 0xa0, 0x3, 0x55, 0xf5, 0x0,
    0x0, 0xf, 0x50, 0x0, 0xaf, 0xff, 0x50, 0x0,
    0x0,

    /* U+5E93 "库" */
    0x0, 0x0, 0x0, 0x0, 0xf5, 0x0, 0x0, 0x0,
    0xaf, 0xff, 0xff, 0xff, 0xff, 0xff, 0xfa, 0xa,
    0xc5, 0x55, 0x8f, 0x55, 0x55, 0x55, 0x30, 0xac,
    0x55, 0x58, 0xf5, 0x55, 0x55, 0x53, 0xa, 0xff,
    0xff, 0xff, 0xff, 0xff, 0xff, 0xa0, 0xaa, 0x0,
    0xaa, 0x0, 0x0, 0x0, 0x0, 0xa, 0xa0, 0xf8,
    0x30, 0xf5, 0x0, 0x0, 0x0, 0xaa, 0xf, 0x85,
    0x5f, 0x85, 0x55, 0x10, 0xa, 0xa0, 0xff, 0xff,
    0xff, 0xff, 0xf5, 0x0, 0xaa, 0x0, 0x0, 0xf,
    0x50, 0x0, 0x0, 0xa, 0xd7, 0x77, 0x77, 0xfa,
    0x77, 0x77, 0x40, 0xaf, 0xee, 0xee, 0xef, 0xee,
    0xee, 0xe9, 0x5c, 0xa0, 0x0, 0x0, 0xf5, 0x0,
    0x0, 0xf, 0x50, 0x0, 0x0, 0xf, 0x50, 0x0,
    0x0,

    /* U+5E94 "应" */
    0x0, 0x0, 0x0, 0x0, 0xc9, 0x0, 0x0, 0x0,
    0xaf, 0xff, 0xff, 0xff, 0xff, 0xff, 0xfe, 0xa,
    0xe5, 0x55, 0x55, 0x55, 0x55, 0x55, 0x40, 0xae,
    0x0, 0x0, 0x51, 0x0, 0x4, 0x30, 0xa, 0xe0,
    0x0, 0x1f, 0x30, 0x0, 0xc9, 0x0, 0xae, 0xc,
    0x91, 0xf3, 0x0, 0xc, 0x90, 0xa, 0xe0, 0xc9,
    0x5, 0x96, 0x0, 0xc9, 0x0, 0xae, 0x8, 0x84,
    0xc, 0x90, 0xc, 0x90, 0xa, 0xe0, 0x7, 0xe0,
    0xc9, 0x0, 0xc9, 0x0, 0xae, 0x0, 0x7e, 0x0,
    0x1, 0xf3, 0x0, 0xa, 0xe0, 0x2, 0x40, 0x0,
    0x1f, 0x30, 0x0, 0xae, 0x0, 0x0, 0x0, 0x4a,
    0xa2, 0x0, 0x5c, 0xe5, 0x55, 0x55, 0x59, 0xe5,
    0x55, 0x4f, 0x51, 0xff, 0xff, 0xff, 0xff, 0xff,
    0xfe,

    /* U+5E95 "底" */
    0x0, 0x0, 0x0, 0x0, 0xf1, 0x0, 0x0, 0x0,
    0xaf, 0xff, 0xff, 0xff, 0xff, 0xff, 0xfa, 0xa,
    0xc5, 0x55, 0x55, 0x55, 0x55, 0xf8, 0x30, 0xaa,
    0x5, 0x55, 0x55, 0x55, 0x5a, 0x30, 0xa, 0xa0,
    0xff, 0xff, 0xff, 0xff, 0x0, 0x0, 0xaa, 0xf,
    0x50, 0x0, 0xe7, 0x0, 0x0, 0xa, 0xa0, 0xf5,
    0x0, 0xe, 0x70, 0x0, 0x0, 0xaa, 0xf, 0x85,
    0x55, 0xea, 0x55, 0x53, 0xa, 0xa0, 0xff, 0xff,
    0xff, 0xff, 0xff, 0xa0, 0xaa, 0xf, 0x50, 0x0,
    0xe7, 0x0, 0x0, 0xa, 0xa0, 0xf5, 0x0, 0x4,
    0x8a, 0x0, 0x0, 0xaa, 0xf, 0x53, 0xa0, 0x8,
    0xf0, 0x77, 0x5c, 0xa0, 0xf8, 0x8f, 0x50, 0x8f,
    0x5c, 0xaf, 0x50, 0xf, 0xfa, 0xf, 0x10, 0xf,
    0xfa,

    /* U+5EA6 "度" */
    0x0, 0x0, 0x0, 0x0, 0xc9, 0x0, 0x0, 0x0,
    0xaf, 0xff, 0xff, 0xff, 0xff, 0xff, 0xfe, 0xa,
    0xe5, 0x59, 0xe5, 0x55, 0x6f, 0x75, 0x40, 0xae,
    0x55, 0x9e, 0x55, 0x56, 0xf7, 0x54, 0xa, 0xff,
    0xff, 0xff, 0xff, 0xff, 0xff, 0xe0, 0xae, 0x0,
    0x7e, 0x0, 0x1, 0xf3, 0x0, 0xa, 0xe0, 0x7,
    0xf7, 0x77, 0x8f, 0x30, 0x0, 0xae, 0x0, 0x6e,
    0xee, 0xee, 0xe3, 0x0, 0xa, 0xe0, 0x0, 0x0,
    0x0, 0x0, 0x0, 0x0, 0xae, 0xc, 0xff, 0xff,
    0xff, 0xff, 0x90, 0xa, 0xe0, 0x49, 0xe5, 0x55,
    0x6f, 0x72, 0x0, 0xae, 0x0, 0x4a, 0x55, 0x55,
    0xa2, 0x0, 0x5c, 0xe5, 0x55, 0x6f, 0xff, 0xe5,
    0x55, 0x4f, 0x51, 0xff, 0xfe, 0x0, 0x1, 0xff,
    0xfe,

    /* U+5EF6 "延" */
    0xff, 0xff, 0x0, 0x0, 0x0, 0x8f, 0xff, 0x75,
    0x58, 0xf0, 0x9a, 0xaa, 0xa7, 0x55, 0x52, 0x4,
    0x78, 0x7, 0x88, 0x8f, 0x70, 0x0, 0x5, 0xb9,
    0x0, 0x0, 0x0, 0xe7, 0x0, 0x0, 0xf5, 0x0,
    0x0, 0x0, 0xe, 0x70, 0x0, 0xf, 0xff, 0xf0,
    0xe7, 0x0, 0xef, 0xff, 0xf7, 0x55, 0x8f, 0xe,
    0x70, 0xe, 0xa5, 0x55, 0x28, 0x25, 0xf0, 0xe7,
    0x0, 0xe7, 0x0, 0x0, 0xf5, 0x5f, 0xe, 0x70,
    0xe, 0x70, 0x0, 0xf, 0x55, 0xf0, 0xe7, 0x0,
    0xe7, 0x0, 0x0, 0x1a, 0xa1, 0xe, 0xfe, 0xef,
    0xfe, 0xee, 0x60, 0xac, 0x50, 0x9a, 0xaa, 0xaa,
    0xaa, 0xa4, 0x5c, 0xff, 0x55, 0x55, 0x55, 0x55,
    0x55, 0x2f, 0x50, 0xf, 0xff, 0xff, 0xff, 0xff,
    0xf7,

    /* U+5EFA "建" */
    0xff, 0xff, 0x0, 0x3, 0xf1, 0x0, 0x0, 0x5,
    0x58, 0xf0, 0xef, 0xff, 0xff, 0xff, 0x10, 0x7,
    0x85, 0x4, 0x57, 0xf6, 0x57, 0xf1, 0x5, 0x87,
    0x5, 0x55, 0x7f, 0x65, 0x7f, 0x62, 0xf5, 0x0,
    0xff, 0xff, 0xff, 0xff, 0xff, 0x7f, 0xff, 0xf0,
    0x0, 0x3f, 0x10, 0x3f, 0x10, 0x88, 0xbf, 0x6,
    0x79, 0xf8, 0x79, 0xf1, 0x5, 0x15, 0xf0, 0xce,
    0xef, 0xee, 0xee, 0x10, 0xf5, 0x5f, 0x0, 0x3,
    0xf1, 0x0, 0x0, 0xf, 0x55, 0xf0, 0xef, 0xff,
    0xff, 0xff, 0x10, 0x58, 0x85, 0x4, 0x57, 0xf6,
    0x55, 0x50, 0x0, 0xac, 0x50, 0x0, 0x3f, 0x10,
    0x0, 0x0, 0x5c, 0xff, 0x55, 0x57, 0xf6, 0x55,
    0x55, 0x2f, 0x50, 0xf, 0xff, 0xff, 0xff, 0xff,
    0xf7,

    /* U+5F00 "开" */
    0xff, 0xff, 0xff, 0xff, 0xff, 0xff, 0xff, 0xa5,
    0x58, 0xf5, 0x55, 0x55, 0x58, 0xf5, 0x53, 0x0,
    0x5f, 0x0, 0x0, 0x0, 0x5f, 0x0, 0x0, 0x5,
    0xf0, 0x0, 0x0, 0x5, 0xf0, 0x0, 0x0, 0x5f,
    0x0, 0x0, 0x0, 0x5f, 0x0, 0x0, 0x5, 0xf0,
    0x0, 0x0, 0x5, 0xf0, 0x0, 0x77, 0xaf, 0x77,
    0x77, 0x77, 0xaf, 0x77, 0x4e, 0xee, 0xfe, 0xee,
    0xee, 0xee, 0xfe, 0xe9, 0x0, 0x5f, 0x0, 0x0,
    0x0, 0x5f, 0x0, 0x0, 0x5, 0xf0, 0x0, 0x0,
    0x5, 0xf0, 0x0, 0x7, 0xaa, 0x0, 0x0, 0x0,
    0x5f, 0x0, 0x0, 0xaa, 0x0, 0x0, 0x0, 0x5,
    0xf0, 0x0, 0x5c, 0xa0, 0x0, 0x0, 0x0, 0x5f,
    0x0, 0xf, 0x50, 0x0, 0x0, 0x0, 0x5, 0xf0,
    0x0,

    /* U+5F02 "异" */
    0xa, 0xff, 0xff, 0xff, 0xff, 0xff, 0xf5, 0x0,
    0xac, 0x55, 0x55, 0x55, 0x55, 0x5f, 0x50, 0xa,
    0xd7, 0x77, 0x77, 0x77, 0x77, 0xf5, 0x0, 0xaf,
    0xee, 0xee, 0xee, 0xee, 0xee, 0x40, 0xa, 0xa0,
    0x0, 0x0, 0x0, 0x0, 0x0, 0x0, 0xaa, 0x0,
    0x0, 0x0, 0x0, 0x0, 0x88, 0x7, 0x97, 0x77,
    0x77, 0x77, 0x77, 0x7c, 0xa0, 0x4, 0xef, 0xee,
    0xee, 0xee, 0xfe, 0xe9, 0x0, 0x0, 0xf5, 0x0,
    0x0, 0x5f, 0x0, 0xf, 0xff, 0xff, 0xff, 0xff,
    0xff, 0xff, 0xfa, 0x55, 0x55, 0xf8, 0x55, 0x55,
    0x8f, 0x55, 0x30, 0x1, 0x5e, 0x40, 0x0, 0x5,
    0xf0, 0x0, 0x55, 0x8f, 0x0, 0x0, 0x0, 0x5f,
    0x0, 0xf, 0xfa, 0x0, 0x0, 0x0, 0x5, 0xf0,
    0x0,

    /* U+5F03 "弃" */
    0x0, 0x0, 0x0, 0x5f, 0x0, 0x0, 0x0, 0xf,
    0xff, 0xff, 0xff, 0xff, 0xff, 0xff, 0xfa, 0x55,
    0x55, 0xf8, 0x55, 0x55, 0x55, 0x55, 0x30, 0x1,
    0x5a, 0x30, 0x0, 0x1, 0x50, 0x0, 0x0, 0x5f,
    0x0, 0x0, 0x0, 0x5f, 0x0, 0x0, 0xaf, 0xff,
    0xff, 0xff, 0xfa, 0xf, 0x50, 0x3, 0x55, 0x55,
    0x55, 0x55, 0x30, 0x51, 0x0, 0x0, 0xa, 0x30,
    0x0, 0x67, 0x0, 0x0, 0x0, 0x0, 0xf5, 0x0,
    0xa, 0xa0, 0x0, 0xf, 0xff, 0xff, 0xff, 0xff,
    0xff, 0xff, 0xfa, 0x55, 0x55, 0xf8, 0x55, 0x5c,
    0xc5, 0x55, 0x30, 0x1, 0x5a, 0x30, 0x0, 0xaa,
    0x0, 0x0, 0x55, 0x8f, 0x0, 0x0, 0xa, 0xa0,
    0x0, 0xf, 0xfa, 0x0, 0x0, 0x0, 0xaa, 0x0,
    0x0,

    /* U+5F0F "式" */
    0x0, 0x0, 0x0, 0x0, 0xe, 0x70, 0xf5, 0x0,
    0x0, 0x0, 0x0, 0x0, 0xe7, 0x5, 0xa8, 0x77,
    0x77, 0x77, 0x77, 0x7f, 0xb7, 0x7d, 0xae, 0xee,
    0xee, 0xee, 0xee, 0xff, 0xee, 0xe9, 0x0, 0x0,
    0x0, 0x0, 0xe, 0x70, 0x0, 0x0, 0x0, 0x0,
    0x0, 0x0, 0xe7, 0x0, 0x0, 0x77, 0x77, 0x77,
    0x77, 0xe, 0x70, 0x0, 0xe, 0xee, 0xef, 0xee,
    0xe0, 0xe7, 0x0, 0x0, 0x0, 0x0, 0xf5, 0x0,
    0xe, 0x70, 0x0, 0x0, 0x0, 0xf, 0x50, 0x0,
    0x4b, 0xf0, 0x0, 0x0, 0x0, 0xf5, 0x0, 0x0,
    0x8f, 0xa, 0xa0, 0x0, 0xf, 0x85, 0x50, 0x5,
    0xa5, 0xca, 0x55, 0x55, 0xaa, 0xaa, 0x0, 0x0,
    0xae, 0xaf, 0xff, 0xf0, 0x0, 0x0, 0x0, 0x0,
    0xaa,

    /* U+5F20 "张" */
    0xff, 0xff, 0x0, 0x5f, 0x0, 0x0, 0xf5, 0x5,
    0x58, 0xf0, 0x5, 0xf0, 0x0, 0xf, 0x50, 0x0,
    0x5f, 0x0, 0x5f, 0x0, 0x15, 0xa3, 0x5, 0x58,
    0xf0, 0x5, 0xf0, 0x37, 0xa0, 0x0, 0xff, 0xff,
    0x0, 0x5f, 0xa, 0xa0, 0x0, 0xf, 0x50, 0x0,
    0x5, 0xf0, 0x0, 0x0, 0x0, 0xf5, 0x0, 0xaa,
    0xcf, 0xaa, 0xaa, 0xaa, 0x7f, 0x85, 0x5a, 0xac,
    0xfa, 0xee, 0xaa, 0xa7, 0xff, 0xff, 0x0, 0x5f,
    0xa, 0xa0, 0x0, 0x0, 0x5, 0xf0, 0x5, 0xf0,
    0x5, 0xf0, 0x0, 0x0, 0x5f, 0x0, 0x5f, 0x0,
    0x5f, 0x0, 0x0, 0x5, 0xf0, 0x5, 0xf0, 0x37,
    0xa5, 0x10, 0x55, 0x8f, 0x0, 0x5f, 0x5c, 0xa0,
    0xf8, 0x3f, 0xfa, 0x0, 0x5, 0xff, 0x50, 0x0,
    0xaa,

    /* U+5F31 "弱" */
    0xff, 0xff, 0xff, 0x70, 0xff, 0xff, 0xff, 0x75,
    0x55, 0x55, 0xe7, 0x5, 0x55, 0x55, 0xe7, 0x0,
    0x0, 0xe, 0x70, 0x0, 0x0, 0xe, 0x75, 0x55,
    0x55, 0xe7, 0x5, 0x55, 0x55, 0xe7, 0xff, 0xff,
    0xff, 0x70, 0xff, 0xff, 0xff, 0x7f, 0x50, 0x0,
    0x0, 0xf, 0x50, 0x0, 0x0, 0xfa, 0x77, 0x77,
    0x30, 0xfa, 0x77, 0x77, 0x3f, 0xee, 0xee, 0xf7,
    0xf, 0xee, 0xee, 0xf7, 0xf5, 0x0, 0xe, 0x70,
    0xf5, 0x0, 0xe, 0x70, 0xaa, 0x0, 0xe7, 0x0,
    0xaa, 0x0, 0xe7, 0x3, 0x7a, 0xe, 0x70, 0x3,
    0x7a, 0xe, 0x70, 0x37, 0xa0, 0xe7, 0x0, 0x37,
    0xa0, 0xe7, 0x5c, 0xa1, 0x5e, 0x70, 0x5c, 0xa1,
    0x5e, 0x7f, 0x50, 0x3f, 0xf7, 0xf, 0x50, 0x3f,
    0xf7,

    /* U+5F39 "弹" */
    0xff, 0xfe, 0x0, 0x9c, 0x0, 0x3, 0xf2, 0x5,
    0x58, 0xe0, 0x2, 0x6c, 0x16, 0xa5, 0x0, 0x0,
    0x5e, 0x6, 0x79, 0xff, 0xfe, 0x77, 0x31, 0x16,
    0xe0, 0xef, 0xee, 0xff, 0xee, 0xf7, 0xff, 0xfe,
    0xe, 0x70, 0xe, 0x70, 0xe, 0x7f, 0x50, 0x0,
    0xef, 0xff, 0xff, 0xff, 0xf7, 0xf5, 0x0, 0xe,
    0x95, 0x5e, 0xa5, 0x5e, 0x7f, 0x85, 0x40, 0xe9,
    0x55, 0xea, 0x55, 0xe7, 0xff, 0xfe, 0xe, 0xff,
    0xff, 0xff, 0xff, 0x70, 0x5, 0xe0, 0x0, 0x0,
    0xe7, 0x0, 0x0, 0x0, 0x5e, 0x6, 0x77, 0x7f,
    0xb7, 0x77, 0x30, 0x5, 0xe0, 0xce, 0xee, 0xff,
    0xee, 0xe6, 0x55, 0x8e, 0x0, 0x0, 0xe, 0x70,
    0x0, 0xf, 0xfa, 0x0, 0x0, 0x0, 0xe7, 0x0,
    0x0,

    /* U+5F3A "强" */
    0xff, 0xff, 0x0, 0x5f, 0xff, 0xff, 0xf1, 0x5,
    0x58, 0xf0, 0x5, 0xf5, 0x55, 0x5f, 0x10, 0x0,
    0x5f, 0x0, 0x5f, 0x77, 0x77, 0xf1, 0x1, 0x16,
    0xf0, 0x4, 0xee, 0xff, 0xee, 0x10, 0xff, 0xff,
    0x0, 0x0, 0xa, 0xa0, 0x0, 0xf, 0x50, 0x0,
    0xaf, 0xff, 0xff, 0xff, 0xf7, 0xf5, 0x0, 0xa,
    0xc5, 0x5c, 0xc5, 0x5e, 0x7f, 0x95, 0x50, 0xaa,
    0x0, 0xaa, 0x0, 0xe7, 0xff, 0xff, 0xa, 0xa0,
    0xa, 0xa0, 0xe, 0x70, 0x5, 0xf0, 0xaf, 0xff,
    0xff, 0xff, 0xf7, 0x0, 0x5f, 0x3, 0x55, 0x5c,
    0xc5, 0x55, 0x20, 0x5, 0xf0, 0x0, 0x0, 0xaa,
    0x5, 0x0, 0x55, 0x8f, 0x3, 0x55, 0x5c, 0xc5,
    0xf6, 0x2f, 0xfa, 0x0, 0xaf, 0xff, 0xff, 0xf0,
    0xe7,

    /* U+5F52 "归" */
    0x0, 0x0, 0xf3, 0x8f, 0xff, 0xff, 0xff, 0x7f,
    0x50, 0xf, 0x32, 0x55, 0x55, 0x55, 0xe7, 0xf5,
    0x0, 0xf3, 0x0, 0x0, 0x0, 0xe, 0x7f, 0x50,
    0xf, 0x30, 0x0, 0x0, 0x0, 0xe7, 0xf5, 0x0,
    0xf3, 0x0, 0x0, 0x0, 0xe, 0x7f, 0x50, 0xf,
    0x30, 0x0, 0x0, 0x0, 0xe7, 0xf5, 0x0, 0xf3,
    0x5a, 0xaa, 0xaa, 0xaf, 0x7f, 0x50, 0xf, 0x35,
    0xaa, 0xaa, 0xaa, 0xf7, 0xf5, 0x0, 0xf3, 0x0,
    0x0, 0x0, 0xe, 0x70, 0x3, 0xa5, 0x10, 0x0,
    0x0, 0x0, 0xe7, 0x0, 0x5f, 0x0, 0x0, 0x0,
    0x0, 0xe, 0x70, 0x37, 0xa0, 0x0, 0x0, 0x0,
    0x0, 0xe7, 0x5c, 0xa0, 0x0, 0x25, 0x55, 0x55,
    0x5e, 0x7f, 0x50, 0x0, 0x8, 0xff, 0xff, 0xff,
    0xf7,

    /* U+5F53 "当" */
    0x0, 0x0, 0x6, 0xe0, 0x0, 0x0, 0xa, 0x50,
    0x0, 0x6e, 0x0, 0x0, 0xb2, 0x77, 0x60, 0x6,
    0xe0, 0x2, 0x78, 0x20, 0x7b, 0x0, 0x6e, 0x0,
    0x5d, 0x0, 0x0, 0x0, 0x6, 0xe0, 0x0, 0x0,
    0xe, 0xff, 0xff, 0xff, 0xff, 0xff, 0xf4, 0x45,
    0x55, 0x55, 0x55, 0x55, 0x6f, 0x40, 0x0, 0x0,
    0x0, 0x0, 0x1, 0xf4, 0x0, 0x0, 0x0, 0x0,
    0x0, 0x1f, 0x4e, 0xff, 0xff, 0xff, 0xff, 0xff,
    0xf4, 0x45, 0x55, 0x55, 0x55, 0x55, 0x6f, 0x40,
    0x0, 0x0, 0x0, 0x0, 0x1, 0xf4, 0x45, 0x55,
    0x55, 0x55, 0x55, 0x6f, 0x4e, 0xff, 0xff, 0xff,
    0xff, 0xff, 0xf4,

    /* U+5F55 "录" */
    0xa, 0xff, 0xff, 0xff, 0xff, 0xff, 0xf5, 0x0,
    0x35, 0x55, 0x55, 0x55, 0x55, 0x5f, 0x50, 0x4,
    0x77, 0x77, 0x77, 0x77, 0x77, 0xf5, 0x0, 0x9e,
    0xee, 0xee, 0xee, 0xee, 0xef, 0x50, 0x0, 0x0,
    0x0, 0x0, 0x0, 0x0, 0xf5, 0xf, 0xff, 0xff,
    0xff, 0xff, 0xff, 0xff, 0xfa, 0x55, 0x55, 0x55,
    0x8f, 0x55, 0x55, 0x55, 0x30, 0x33, 0x0, 0x5,
    0xf0, 0x0, 0x5, 0x10, 0xa, 0xa0, 0x0, 0x5f,
    0x0, 0x0, 0xf5, 0x0, 0x5, 0xf0, 0x5, 0xff,
    0x55, 0xf0, 0x0, 0x0, 0x15, 0x7, 0xcf, 0x58,
    0x85, 0x0, 0x0, 0x1, 0x55, 0x8c, 0xf0, 0x78,
    0x50, 0x0, 0x55, 0x8f, 0xf8, 0x8f, 0x0, 0x5f,
    0x55, 0x3f, 0xfa, 0x0, 0xaf, 0xf0, 0x0, 0xf,
    0xfa,

    /* U+5F71 "影" */
    0xa, 0xff, 0xff, 0xff, 0x0, 0x0, 0xe, 0x70,
    0xac, 0x55, 0x58, 0xf0, 0x0, 0xa, 0x52, 0xa,
    0xd7, 0x77, 0xaf, 0x0, 0x27, 0x80, 0x0, 0xaf,
    0xee, 0xee, 0xf0, 0x4, 0xe0, 0x0, 0xa, 0xa0,
    0x0, 0x5f, 0x0, 0x0, 0x0, 0x0, 0xaf, 0xff,
    0xff, 0xf0, 0x0, 0x0, 0xe7, 0x3, 0x55, 0xf8,
    0x55, 0x0, 0x0, 0xa5, 0x25, 0x55, 0x5f, 0x85,
    0x55, 0x11, 0x5a, 0x10, 0xff, 0xff, 0xff, 0xff,
    0xf5, 0x5f, 0x0, 0x0, 0xaa, 0x0, 0x5, 0xf0,
    0x0, 0x0, 0x0, 0xa, 0xea, 0xaa, 0xcf, 0x0,
    0x0, 0x9, 0x40, 0xae, 0xaf, 0xcc, 0xf0, 0x0,
    0x5, 0xa4, 0x5c, 0xc5, 0xf5, 0x5f, 0x51, 0x15,
    0xf1, 0xf, 0x55, 0xff, 0x50, 0xf, 0x55, 0xf0,
    0x0,

    /* U+5F7B "彻" */
    0x0, 0x5f, 0xe, 0x70, 0xa, 0xff, 0xff, 0x70,
    0xac, 0x50, 0xe7, 0x0, 0x38, 0xf5, 0xe7, 0xa7,
    0x30, 0xe, 0x70, 0x0, 0x5f, 0xe, 0x7a, 0x31,
    0x50, 0xea, 0x55, 0x15, 0xf0, 0xe7, 0x3, 0x8f,
    0x5e, 0xff, 0xf5, 0x5f, 0xe, 0x70, 0xaa, 0x3f,
    0xf7, 0x0, 0x5, 0xf0, 0xe7, 0x7d, 0xa1, 0x8f,
    0x70, 0x0, 0x5f, 0xe, 0x7e, 0xfa, 0x0, 0xe7,
    0x0, 0x5, 0xf0, 0xe7, 0xa, 0xa0, 0xe, 0x70,
    0x0, 0x5f, 0xe, 0x70, 0xaa, 0x0, 0xe7, 0xf,
    0x55, 0xf0, 0xe7, 0xa, 0xa0, 0xe, 0xd8, 0x58,
    0x85, 0xe, 0x70, 0xaa, 0x0, 0xee, 0xa0, 0xaa,
    0x0, 0xe7, 0xa, 0xa0, 0xe, 0x70, 0x5c, 0xa1,
    0x5e, 0x70, 0xaa, 0x0, 0x42, 0xf, 0x83, 0x3f,
    0xf7,

    /* U+5F85 "待" */
    0x0, 0x5f, 0x0, 0x0, 0xe, 0x70, 0x0, 0x0,
    0x78, 0x50, 0x6, 0xaa, 0xfd, 0xaa, 0x10, 0x78,
    0x50, 0x0, 0x48, 0x8f, 0xc8, 0x81, 0xe, 0x40,
    0x10, 0x0, 0x0, 0xe7, 0x0, 0x0, 0x3, 0x8f,
    0x0, 0x0, 0xe, 0x70, 0x0, 0x0, 0xaa, 0x0,
    0xef, 0xff, 0xff, 0xff, 0xf7, 0xae, 0xa0, 0x4,
    0x55, 0x55, 0x57, 0xf6, 0x2a, 0xea, 0x0, 0x45,
    0x55, 0x55, 0x7f, 0x62, 0xa, 0xa0, 0xe, 0xff,
    0xff, 0xff, 0xff, 0x70, 0xaa, 0x0, 0x9, 0xc0,
    0x0, 0x3f, 0x20, 0xa, 0xa0, 0x0, 0x25, 0x70,
    0x3, 0xf2, 0x0, 0xaa, 0x0, 0x0, 0x3e, 0x10,
    0x3f, 0x20, 0xa, 0xa0, 0x0, 0x0, 0x4, 0x57,
    0xf2, 0x0, 0xaa, 0x0, 0x0, 0x0, 0xef, 0xff,
    0x20,

    /* U+5F88 "很" */
    0x0, 0x5f, 0xe, 0xff, 0xff, 0xff, 0xf1, 0x0,
    0xac, 0x50, 0xea, 0x55, 0x55, 0x5f, 0x10, 0xa7,
    0x30, 0xe, 0xda, 0xaa, 0xaa, 0xf1, 0xa, 0x31,
    0x50, 0xed, 0xaa, 0xaa, 0xaf, 0x10, 0x3, 0x8f,
    0xe, 0x70, 0x0, 0x0, 0xf1, 0x0, 0xaa, 0x0,
    0xe7, 0x0, 0x0, 0xf, 0x10, 0x7d, 0xa0, 0xe,
    0xb7, 0x77, 0x77, 0xf1, 0xe, 0xfa, 0x0, 0xef,
    0xee, 0xff, 0xee, 0x30, 0xa, 0xa0, 0xe, 0x70,
    0xa, 0xa0, 0xe, 0x70, 0xaa, 0x0, 0xe7, 0x0,
    0xaa, 0xf, 0x10, 0xa, 0xa0, 0xe, 0x70, 0x3,
    0x7a, 0x50, 0x0, 0xaa, 0x0, 0xe7, 0x5, 0x13,
    0xa5, 0x0, 0xa, 0xa0, 0xe, 0xa4, 0xf5, 0x0,
    0xf6, 0x20, 0xaa, 0x0, 0xef, 0xc0, 0x0, 0x0,
    0xe7,

    /* U+5FBD "徽" */
    0x0, 0x0, 0x0, 0x0, 0x0, 0x0, 0x0, 0x0,
    0x0, 0x7a, 0xa3, 0x87, 0x49, 0xa, 0x70, 0x0,
    0x3, 0xf2, 0xa3, 0x87, 0x49, 0xd, 0x40, 0x0,
    0x3e, 0x50, 0xa3, 0x87, 0x49, 0x1f, 0x21, 0x10,
    0x45, 0x2d, 0xcc, 0xed, 0xd9, 0x5f, 0xef, 0xf5,
    0x0, 0xb9, 0x23, 0x33, 0x31, 0xca, 0x9, 0x70,
    0x6, 0xf2, 0xde, 0xfe, 0xe9, 0xfe, 0xb, 0x50,
    0x4f, 0xf1, 0x6, 0xb0, 0x14, 0x8e, 0x1d, 0x20,
    0x87, 0xe1, 0xaf, 0x9c, 0x80, 0xa, 0x7f, 0x0,
    0x0, 0xe1, 0x57, 0xe5, 0x45, 0x6, 0xea, 0x0,
    0x0, 0xe2, 0x7f, 0xa8, 0xaf, 0x11, 0xf5, 0x0,
    0x0, 0xe2, 0xa8, 0xba, 0x48, 0x44, 0xf6, 0x0,
    0x0, 0xe1, 0x77, 0x78, 0xa5, 0xd, 0xae, 0x10,
    0x0, 0xe4, 0xd0, 0x78, 0x1c, 0xca, 0xa, 0xc1,
    0x0, 0xe2, 0x16, 0xd5, 0x8, 0xa0, 0x0, 0xb5,
    0x0, 0x0, 0x0, 0x0, 0x0, 0x0, 0x0, 0x0,

    /* U+5FC5 "必" */
    0x0, 0x0, 0xa, 0xa0, 0x0, 0x0, 0x0, 0x0,
    0x0, 0x0, 0x37, 0xa0, 0x5, 0xa0, 0x0, 0x0,
    0x0, 0x0, 0x5f, 0x0, 0x8f, 0x0, 0x0, 0x0,
    0x5, 0x13, 0xa0, 0x8, 0xf0, 0x0, 0x0, 0x0,
    0xf5, 0x0, 0x0, 0x8f, 0x0, 0x0, 0xaa, 0xf,
    0x50, 0x0, 0xe7, 0x0, 0x0, 0xa, 0xa0, 0xf5,
    0x0, 0xe, 0x70, 0xa3, 0x0, 0xaa, 0xf, 0x50,
    0x5, 0xa4, 0xa, 0x73, 0xa, 0xa0, 0xf5, 0x0,
    0xf1, 0x0, 0xa, 0xaf, 0x50, 0xf, 0x55, 0xf0,
    0x0, 0x0, 0xaa, 0x0, 0x0, 0xff, 0xa0, 0x0,
    0x8f, 0xa, 0xa0, 0x1, 0x5f, 0xc7, 0x0, 0x8,
    0xf0, 0x77, 0x55, 0x8f, 0xf8, 0x55, 0x55, 0xbf,
    0x0, 0xf, 0xfa, 0x0, 0xaf, 0xff, 0xff, 0xf0,
    0x0,

    /* U+5FEB "快" */
    0x0, 0x5f, 0x0, 0x0, 0xf5, 0x0, 0x0, 0x0,
    0x5, 0xf0, 0x0, 0xf, 0x50, 0x0, 0x0, 0x82,
    0x5f, 0x7, 0x88, 0xfb, 0x88, 0x83, 0xf, 0x55,
    0xf5, 0xba, 0xaf, 0xca, 0xaf, 0x50, 0xf5, 0x5f,
    0xf5, 0x0, 0xf5, 0x0, 0xf5, 0xf, 0x55, 0xf0,
    0x0, 0xf, 0x50, 0xf, 0x50, 0xf5, 0x5f, 0x0,
    0x0, 0xf5, 0x0, 0xf5, 0xa, 0x35, 0xf5, 0x55,
    0x5f, 0x85, 0x5f, 0x83, 0x0, 0x5f, 0xff, 0xff,
    0xff, 0xff, 0xff, 0xa0, 0x5, 0xf0, 0x0, 0xf,
    0x50, 0x0, 0x0, 0x0, 0x5f, 0x0, 0x35, 0xa7,
    0x30, 0x0, 0x0, 0x5, 0xf0, 0x48, 0xa0, 0x78,
    0x50, 0x0, 0x0, 0x5f, 0x5f, 0x70, 0x0, 0x5f,
    0x55, 0x30, 0x5, 0xff, 0x50, 0x0, 0x0, 0xf,
    0xfa,

    /* U+5FFD "忽" */
    0x0, 0x5f, 0x0, 0x0, 0x0, 0x0, 0x0, 0x0,
    0x5, 0xff, 0xff, 0xff, 0xff, 0xff, 0xfe, 0x7,
    0x85, 0x5e, 0xa5, 0x5c, 0xe5, 0x5a, 0xe5, 0x87,
    0x0, 0xe7, 0x0, 0xae, 0x0, 0x7e, 0xf5, 0x0,
    0xe, 0x70, 0xa, 0xe0, 0x7, 0xe0, 0x0, 0xf,
    0x10, 0xf, 0x50, 0x0, 0x7e, 0x0, 0x27, 0x80,
    0x37, 0x82, 0x7, 0x77, 0x70, 0x4, 0xe0, 0x7,
    0xe0, 0x1, 0xee, 0x70, 0x0, 0x0, 0x0, 0x0,
    0x0, 0x0, 0x0, 0x0, 0xaa, 0xf, 0x18, 0xf0,
    0x0, 0xc, 0x80, 0xa, 0xa0, 0xf1, 0x12, 0xd4,
    0x0, 0x27, 0xba, 0x73, 0xf, 0x10, 0x5, 0x11,
    0xa2, 0x7e, 0xf5, 0x0, 0xf6, 0x55, 0x55, 0x6f,
    0x37, 0xe0, 0x0, 0x0, 0xef, 0xff, 0xff, 0xf3,
    0x0,

    /* U+6000 "怀" */
    0x0, 0x5f, 0xe, 0xff, 0xff, 0xff, 0xff, 0x70,
    0x5, 0xf0, 0x45, 0x55, 0x59, 0xe5, 0x52, 0xf5,
    0x5f, 0x0, 0x0, 0xb, 0xd9, 0x0, 0xf, 0x55,
    0xf5, 0x10, 0x0, 0xb9, 0x0, 0x0, 0xf5, 0x5f,
    0xf5, 0x0, 0xb, 0x90, 0x0, 0xf, 0x55, 0xf0,
    0x0, 0xf, 0xf9, 0x2f, 0x20, 0xf5, 0x5f, 0x0,
    0x4a, 0x5c, 0x90, 0x59, 0x4a, 0x35, 0xf0, 0x47,
    0xa0, 0xb9, 0x0, 0xd7, 0x0, 0x5f, 0xe, 0x90,
    0xb, 0x90, 0xd, 0x70, 0x5, 0xf0, 0x0, 0x0,
    0xb9, 0x0, 0x0, 0x0, 0x5f, 0x0, 0x0, 0xb,
    0x90, 0x0, 0x0, 0x5, 0xf0, 0x0, 0x0, 0xb9,
    0x0, 0x0, 0x0, 0x5f, 0x0, 0x0, 0xb, 0x90,
    0x0, 0x0, 0x5, 0xf0, 0x0, 0x0, 0xb9, 0x0,
    0x0,

    /* U+6001 "态" */
    0x0, 0x0, 0x0, 0x5f, 0x0, 0x0, 0x0, 0xf,
    0xff, 0xff, 0xff, 0xff, 0xff, 0xff, 0xfa, 0x55,
    0x55, 0x5c, 0xc5, 0xf8, 0x55, 0x55, 0x30, 0x0,
    0x5, 0x87, 0xa, 0x73, 0x0, 0x0, 0x0, 0x0,
    0xf5, 0x0, 0xa, 0xa0, 0x0, 0x0, 0x5, 0xf0,
    0xaa, 0x0, 0x5, 0xf0, 0x0, 0x77, 0x78, 0x5,
    0x87, 0x0, 0x28, 0x77, 0x4e, 0xe9, 0x0, 0x4,
    0xe0, 0x0, 0xe, 0xe9, 0x0, 0x0, 0x0, 0x0,
    0x0, 0x0, 0x0, 0x0, 0xaa, 0xf, 0x55, 0xf0,
    0x0, 0xf, 0x50, 0xa, 0xa0, 0xf5, 0x2, 0xd4,
    0x0, 0x29, 0x8a, 0x73, 0xf, 0x50, 0x5, 0x13,
    0xa0, 0xaa, 0xf5, 0x0, 0xf8, 0x55, 0x55, 0x8f,
    0xa, 0xa0, 0x0, 0x0, 0xaf, 0xff, 0xff, 0xf0,
    0x0,

    /* U+603B "总" */
    0x0, 0x5f, 0x0, 0x0, 0x0, 0x8f, 0x0, 0x0,
    0x1, 0x5c, 0x40, 0x0, 0xb8, 0x50, 0x0, 0x4,
    0x77, 0xfa, 0x77, 0x7f, 0xb7, 0x72, 0x0, 0xaf,
    0xee, 0xee, 0xee, 0xee, 0xef, 0x50, 0xa, 0xa0,
    0x0, 0x0, 0x0, 0x0, 0xf5, 0x0, 0xaa, 0x0,
    0x0, 0x0, 0x0, 0xf, 0x50, 0xa, 0xd7, 0x77,
    0x77, 0x77, 0x77, 0xf5, 0x0, 0x9e, 0xee, 0xee,
    0xee, 0xee, 0xee, 0x40, 0x0, 0x0, 0x0, 0x0,
    0x0, 0x0, 0x0, 0x0, 0xaa, 0xf, 0x55, 0xf0,
    0x0, 0xf, 0x50, 0xa, 0xa0, 0xf5, 0x2, 0xd1,
    0x0, 0x29, 0x8a, 0x73, 0xf, 0x50, 0x5, 0x5,
    0xa0, 0xaa, 0xf5, 0x0, 0xf8, 0x55, 0x55, 0xbf,
    0xa, 0xa0, 0x0, 0x0, 0xaf, 0xff, 0xff, 0xf0,
    0x0,

    /* U+6062 "恢" */
    0x0, 0x5f, 0x0, 0x7e, 0x0, 0x0, 0x0, 0x0,
    0x5, 0xf0, 0xef, 0xff, 0xff, 0xff, 0xf7, 0xa3,
    0x5f, 0x4, 0xaf, 0x55, 0x55, 0x55, 0x2f, 0x55,
    0xf5, 0x17, 0xe0, 0x2, 0x40, 0x0, 0xf5, 0x5f,
    0xf5, 0x7e, 0x0, 0x6e, 0x0, 0xf, 0x55, 0xf0,
    0x7, 0xe0, 0x6, 0xe0, 0xd7, 0xf5, 0x5f, 0x0,
    0x7e, 0x7, 0xce, 0xd, 0x7a, 0x35, 0xf0, 0x7,
    0xf5, 0x8c, 0xe5, 0x94, 0x0, 0x5f, 0x0, 0x7f,
    0xf5, 0x6f, 0xf2, 0x0, 0x5, 0xf0, 0x7, 0xe0,
    0x6, 0xe0, 0x0, 0x0, 0x5f, 0x0, 0x7e, 0x0,
    0x6e, 0x0, 0x0, 0x5, 0xf0, 0x4a, 0xe0, 0x39,
    0xe5, 0x0, 0x0, 0x5f, 0xe, 0xa5, 0x5c, 0x91,
    0xf7, 0x20, 0x5, 0xf0, 0x7, 0xff, 0x50, 0x0,
    0xd7,

    /* U+606F "息" */
    0x0, 0x0, 0xe, 0x70, 0x0, 0x0, 0x0, 0x0,
    0x5, 0xff, 0xff, 0xff, 0xff, 0xf0, 0x0, 0x0,
    0x5f, 0x55, 0x55, 0x55, 0x8f, 0x0, 0x0, 0x5,
    0xf5, 0x55, 0x55, 0x58, 0xf0, 0x0, 0x0, 0x5f,
    0xff, 0xff, 0xff, 0xff, 0x0, 0x0, 0x5, 0xf0,
    0x0, 0x0, 0x5, 0xf0, 0x0, 0x0, 0x5f, 0x77,
    0x77, 0x77, 0xaf, 0x0, 0x0, 0x5, 0xfe, 0xee,
    0xee, 0xee, 0xf0, 0x0, 0x0, 0x5f, 0x0, 0x0,
    0x0, 0x5f, 0x0, 0x0, 0x5, 0xfe, 0xee, 0xee,
    0xee, 0xf0, 0x0, 0x7, 0x85, 0xf6, 0xbf, 0x55,
    0x55, 0xa1, 0x0, 0xaa, 0xf, 0x15, 0xaa, 0x33,
    0xaa, 0xa4, 0xa, 0xa0, 0xf1, 0x0, 0xf5, 0x5f,
    0xe, 0x7f, 0x50, 0x0, 0xef, 0xff, 0xff, 0xf0,
    0xe7,

    /* U+60F3 "想" */
    0x0, 0x5f, 0x0, 0x0, 0xff, 0xff, 0xff, 0x7a,
    0xac, 0xfa, 0xa7, 0xf, 0x85, 0x55, 0xe7, 0x88,
    0xbf, 0x88, 0x50, 0xfa, 0x77, 0x7f, 0x70, 0x16,
    0xf1, 0x0, 0xf, 0xee, 0xee, 0xf7, 0xa, 0xff,
    0xf5, 0x0, 0xf5, 0x0, 0xe, 0x7f, 0x55, 0xf0,
    0xaa, 0xf, 0xff, 0xff, 0xf7, 0x51, 0x5f, 0x3,
    0x30, 0xf8, 0x55, 0x5e, 0x70, 0x5, 0xf0, 0x0,
    0xf, 0x72, 0x22, 0xe7, 0x0, 0x5f, 0x0, 0x0,
    0xff, 0xff, 0xff, 0x70, 0x1, 0x5f, 0x55, 0xf5,
    0x55, 0x55, 0x52, 0x8, 0x80, 0xf5, 0x2, 0xd4,
    0x0, 0xd1, 0x0, 0xaa, 0xf, 0x50, 0x5, 0x13,
    0xa5, 0x94, 0x5c, 0xa0, 0xf8, 0x55, 0x55, 0x8f,
    0xe, 0x7f, 0x50, 0x0, 0xaf, 0xff, 0xff, 0xf0,
    0xe7,

    /* U+611F "感" */
    0x0, 0x0, 0x0, 0x0, 0xe, 0x70, 0xf5, 0x0,
    0xaf, 0xff, 0xff, 0xff, 0xff, 0xff, 0xfa, 0xa,
    0xc5, 0xff, 0xff, 0x5e, 0xa5, 0x55, 0x30, 0xaa,
    0xa, 0xaa, 0xa0, 0xe7, 0x5, 0x10, 0xa, 0xa0,
    0x0, 0x0, 0xe, 0x70, 0xf5, 0x0, 0xaa, 0xa,
    0xaa, 0xa0, 0x48, 0xa0, 0x0, 0xa, 0xa0, 0xf8,
    0x8f, 0x0, 0x8f, 0x7, 0x75, 0x87, 0xf, 0x88,
    0xf0, 0x48, 0xa5, 0xca, 0xf5, 0x0, 0xff, 0xff,
    0xe, 0x70, 0xff, 0xa0, 0x0, 0x0, 0x5, 0xf0,
    0x0, 0x0, 0x0, 0x7, 0x70, 0xa3, 0x15, 0xa1,
    0x0, 0xa3, 0x0, 0xaa, 0xf, 0x50, 0x5, 0x5,
    0xa5, 0x87, 0x5c, 0xa0, 0xf8, 0x55, 0x55, 0xbf,
    0xa, 0xaf, 0x50, 0x0, 0xaf, 0xff, 0xff, 0xf0,
    0xaa,

    /* U+6162 "慢" */
    0x0, 0x5f, 0x0, 0x9f, 0xff, 0xff, 0xf9, 0x0,
    0x5, 0xf0, 0x9, 0xd5, 0x55, 0x5d, 0x90, 0x82,
    0x5f, 0x0, 0x9e, 0x88, 0x88, 0xe9, 0xf, 0x55,
    0xf5, 0x19, 0xea, 0xaa, 0xae, 0x90, 0xf5, 0x5f,
    0xf5, 0x9c, 0x0, 0x0, 0xc9, 0xf, 0x55, 0xf0,
    0xef, 0xff, 0xff, 0xff, 0xfe, 0xf5, 0x5f, 0xe,
    0xcb, 0xfb, 0xbf, 0xbc, 0xe7, 0x25, 0xf0, 0xeb,
    0xaf, 0x99, 0xfa, 0xbe, 0x0, 0x5f, 0xb, 0xef,
    0xcc, 0xcc, 0xfe, 0xb0, 0x5, 0xf0, 0x9, 0xc0,
    0x0, 0xc, 0x90, 0x0, 0x5f, 0x0, 0x4, 0xe1,
    0x1e, 0x40, 0x0, 0x5, 0xf0, 0x0, 0x2a, 0x55,
    0xa2, 0x0, 0x0, 0x5f, 0x4, 0x55, 0x5e, 0xe5,
    0x55, 0x40, 0x5, 0xf0, 0xef, 0xff, 0x11, 0xff,
    0xfe,

    /* U+620F "戏" */
    0x0, 0x0, 0x0, 0x0, 0xf1, 0x8f, 0x0, 0xf,
    0xff, 0xff, 0x50, 0xf, 0x12, 0x5f, 0x50, 0x55,
    0x55, 0xf5, 0x0, 0xf1, 0x0, 0x51, 0x5, 0x10,
    0xf, 0x50, 0xf, 0x65, 0x55, 0x53, 0xf5, 0x0,
    0xf5, 0x0, 0xff, 0xff, 0xff, 0xa0, 0xaa, 0xf,
    0xff, 0xff, 0x10, 0x0, 0x0, 0xa, 0xa0, 0xfb,
    0x88, 0xf1, 0x0, 0x72, 0x0, 0x9a, 0x1e, 0x40,
    0xf, 0x10, 0x1e, 0x40, 0x0, 0x5f, 0x0, 0x0,
    0xf1, 0x8f, 0x0, 0x0, 0x5, 0xf0, 0x0, 0x5,
    0xa7, 0x50, 0x0, 0x7, 0x85, 0xa3, 0x0, 0xe,
    0x70, 0x7, 0x70, 0xaa, 0xf, 0x50, 0x5, 0x97,
    0x50, 0xaa, 0x5c, 0xa0, 0xf5, 0x15, 0xf1, 0x8f,
    0x5c, 0xaf, 0x50, 0x0, 0x5, 0xf0, 0x0, 0xf,
    0xfa,

    /* U+6210 "成" */
    0x0, 0x0, 0x0, 0x0, 0xf5, 0x5f, 0x0, 0x0,
    0x0, 0x0, 0x0, 0xf, 0x51, 0x5c, 0x10, 0x4,
    0x77, 0x77, 0x77, 0xfa, 0x77, 0xf8, 0x30, 0xaf,
    0xee, 0xee, 0xef, 0xee, 0xee, 0xe6, 0xa, 0x90,
    0x0, 0x0, 0xf5, 0x0, 0x0, 0x0, 0xae, 0xdd,
    0xd6, 0xf, 0x50, 0xd, 0x10, 0xa, 0xb6, 0x6e,
    0x70, 0xf5, 0x0, 0xf1, 0x0, 0xa9, 0x0, 0xe7,
    0xf, 0x51, 0x5a, 0x10, 0xa, 0x90, 0xe, 0x70,
    0xf5, 0x5f, 0x0, 0x0, 0xa9, 0x0, 0xe7, 0x5,
    0x87, 0x0, 0x0, 0xa, 0x93, 0xff, 0x70, 0xa,
    0xa0, 0xe, 0x70, 0xa9, 0x2a, 0xa4, 0x5, 0x88,
    0x50, 0xe7, 0x5c, 0x90, 0x4, 0x54, 0xf5, 0x5f,
    0x5e, 0x7f, 0x50, 0x0, 0xef, 0xc0, 0x0, 0xf,
    0xf7,

    /* U+6211 "我" */
    0x0, 0x0, 0xff, 0xa0, 0xa, 0xa0, 0xf5, 0xf,
    0xff, 0xf5, 0x53, 0x0, 0xaa, 0x5, 0xca, 0x55,
    0x8f, 0x0, 0x0, 0xa, 0xa0, 0x3, 0x35, 0x58,
    0xf5, 0x55, 0x55, 0xcc, 0x55, 0x53, 0xff, 0xff,
    0xff, 0xff, 0xff, 0xff, 0xff, 0xa0, 0x5, 0xf0,
    0x0, 0x0, 0xaa, 0x0, 0x0, 0x0, 0x5f, 0x0,
    0x0, 0xa, 0xa0, 0x93, 0x0, 0x5, 0xf1, 0x11,
    0x0, 0xaa, 0xf, 0x50, 0x0, 0x5f, 0xff, 0xa0,
    0xa, 0xa0, 0xf5, 0xf, 0xff, 0xf5, 0x53, 0x0,
    0x38, 0xf5, 0x10, 0x0, 0x5f, 0x0, 0x0, 0x0,
    0x5f, 0xa, 0xa0, 0x5, 0xf0, 0x0, 0x0, 0x37,
    0xa5, 0xca, 0x1, 0x7f, 0x0, 0x0, 0x29, 0x80,
    0xdf, 0xa0, 0xaf, 0xf0, 0x0, 0xf, 0x50, 0x0,
    0xaa,

    /* U+6216 "或" */
    0x0, 0x0, 0x0, 0x0, 0xf5, 0x5f, 0x0, 0x0,
    0x0, 0x0, 0x0, 0xf, 0x51, 0x5c, 0x40, 0x77,
    0x77, 0x77, 0x77, 0xfa, 0x77, 0xfa, 0x4e, 0xee,
    0xee, 0xee, 0xef, 0xee, 0xee, 0xe9, 0x0, 0x0,
    0x0, 0x0, 0xf5, 0x0, 0x0, 0x0, 0x9d, 0xdd,
    0xd9, 0xf, 0x50, 0xd, 0x40, 0xa, 0xc6, 0x6c,
    0xa0, 0xf5, 0x0, 0xf5, 0x0, 0xaa, 0x0, 0xaa,
    0xf, 0x51, 0x5a, 0x30, 0xa, 0xa0, 0xa, 0xa0,
    0xf5, 0x5f, 0x0, 0x0, 0xae, 0xaa, 0xea, 0x5,
    0x87, 0x0, 0x0, 0x0, 0x0, 0x0, 0x0, 0xa,
    0xa0, 0xa, 0xa0, 0x0, 0x5, 0x53, 0x5, 0x88,
    0x50, 0xaa, 0x55, 0x55, 0xff, 0xc5, 0xf5, 0x5f,
    0x5c, 0xaf, 0xff, 0xf0, 0x5, 0xf0, 0x0, 0xf,
    0xfa,

    /* U+6237 "户" */
    0x0, 0x0, 0x0, 0x0, 0xf5, 0x0, 0x0, 0x0,
    0x5, 0xff, 0xff, 0xff, 0xff, 0xff, 0xf7, 0x0,
    0x5f, 0x55, 0x55, 0x55, 0x55, 0x5e, 0x70, 0x5,
    0xf0, 0x0, 0x0, 0x0, 0x0, 0xe7, 0x0, 0x5f,
    0x0, 0x0, 0x0, 0x0, 0xe, 0x70, 0x5, 0xff,
    0xff, 0xff, 0xff, 0xff, 0xf7, 0x0, 0x5f, 0x55,
    0x55, 0x55, 0x55, 0x55, 0x20, 0x5, 0xf0, 0x0,
    0x0, 0x0, 0x0, 0x0, 0x0, 0x5f, 0x0, 0x0,
    0x0, 0x0, 0x0, 0x0, 0x5, 0xf0, 0x0, 0x0,
    0x0, 0x0, 0x0, 0x7, 0x85, 0x0, 0x0, 0x0,
    0x0, 0x0, 0x0, 0xaa, 0x0, 0x0, 0x0, 0x0,
    0x0, 0x0, 0x5c, 0xa0, 0x0, 0x0, 0x0, 0x0,
    0x0, 0xf, 0x50, 0x0, 0x0, 0x0, 0x0, 0x0,
    0x0,

    /* U+6240 "所" */
    0x0, 0x0, 0xff, 0xa0, 0x0, 0x0, 0xff, 0xa0,
    0xaf, 0xf5, 0x53, 0xf, 0xff, 0xf5, 0x53, 0xa,
    0xc5, 0x0, 0x0, 0xf8, 0x55, 0x0, 0x0, 0xac,
    0x55, 0x53, 0xf, 0x50, 0x0, 0x0, 0xa, 0xff,
    0xff, 0xa0, 0xf5, 0x0, 0x0, 0x0, 0xaa, 0x0,
    0xaa, 0xf, 0xff, 0xff, 0xfa, 0xa, 0xa0, 0xa,
    0xa0, 0xf8, 0x55, 0xf8, 0x30, 0xac, 0x55, 0xca,
    0xf, 0x50, 0xf, 0x50, 0xa, 0xff, 0xff, 0xa0,
    0xf5, 0x0, 0xf5, 0x0, 0xaa, 0x0, 0x0, 0xf,
    0x50, 0xf, 0x50, 0xa, 0xa0, 0x0, 0x0, 0xf5,
    0x0, 0xf5, 0x0, 0xaa, 0x0, 0x0, 0xf, 0x50,
    0xf, 0x50, 0x5c, 0xa0, 0x0, 0x15, 0xf5, 0x0,
    0xf5, 0xf, 0x50, 0x0, 0x5, 0xf0, 0x0, 0xf,
    0x50,

    /* U+624B "手" */
    0x0, 0x0, 0x0, 0x0, 0xff, 0xff, 0xf5, 0x0,
    0xaf, 0xff, 0xff, 0xf5, 0x55, 0x55, 0x10, 0x3,
    0x55, 0x55, 0x8f, 0x0, 0x0, 0x0, 0x0, 0x0,
    0x0, 0x5, 0xf0, 0x0, 0x0, 0x0, 0x0, 0x0,
    0x0, 0x5f, 0x0, 0x0, 0x0, 0x0, 0xaf, 0xff,
    0xff, 0xff, 0xff, 0xff, 0x50, 0x3, 0x55, 0x55,
    0x8f, 0x55, 0x55, 0x51, 0x0, 0x0, 0x0, 0x5,
    0xf0, 0x0, 0x0, 0x0, 0x0, 0x0, 0x0, 0x5f,
    0x0, 0x0, 0x0, 0xf, 0xff, 0xff, 0xff, 0xff,
    0xff, 0xff, 0xfa, 0x55, 0x55, 0x55, 0x8f, 0x55,
    0x55, 0x55, 0x30, 0x0, 0x0, 0x5, 0xf0, 0x0,
    0x0, 0x0, 0x0, 0x0, 0x55, 0x8f, 0x0, 0x0,
    0x0, 0x0, 0x0, 0xf, 0xff, 0xf0, 0x0, 0x0,
    0x0,

    /* U+6253 "打" */
    0x0, 0x5f, 0x0, 0x1f, 0xff, 0xff, 0xff, 0xe0,
    0x5, 0xf0, 0x0, 0x55, 0x57, 0xf6, 0x54, 0x77,
    0xaf, 0x72, 0x0, 0x0, 0x4f, 0x20, 0xe, 0xee,
    0xfe, 0x40, 0x0, 0x4, 0xf2, 0x0, 0x0, 0x5f,
    0x0, 0x0, 0x0, 0x4f, 0x20, 0x0, 0x5, 0xf0,
    0x0, 0x0, 0x4, 0xf2, 0x0, 0x0, 0x5f, 0x93,
    0x0, 0x0, 0x4f, 0x20, 0x5, 0x58, 0xfa, 0x30,
    0x0, 0x4, 0xf2, 0x0, 0xff, 0xff, 0x0, 0x0,
    0x0, 0x4f, 0x20, 0x0, 0x5, 0xf0, 0x0, 0x0,
    0x4, 0xf2, 0x0, 0x0, 0x5f, 0x0, 0x0, 0x0,
    0x4f, 0x20, 0x0, 0x5, 0xf0, 0x0, 0x0, 0x4,
    0xf2, 0x0, 0x55, 0x8f, 0x0, 0x0, 0x55, 0x7f,
    0x20, 0xf, 0xff, 0xf0, 0x0, 0xf, 0xff, 0xf2,
    0x0,

    /* U+626B "扫" */
    0x0, 0xe7, 0x0, 0xef, 0xff, 0xff, 0xff, 0xf6,
    0x0, 0xe7, 0x0, 0x45, 0x55, 0x55, 0x55, 0xf6,
    0x17, 0xfb, 0x50, 0x0, 0x0, 0x0, 0x0, 0xe6,
    0x3e, 0xff, 0xb0, 0x0, 0x0, 0x0, 0x0, 0xe6,
    0x0, 0xe7, 0x0, 0x0, 0x0, 0x0, 0x0, 0xe6,
    0x0, 0xe7, 0x0, 0x0, 0x0, 0x0, 0x0, 0xe6,
    0x0, 0xec, 0x70, 0x89, 0x99, 0x99, 0x99, 0xf6,
    0x15, 0xed, 0x80, 0x9a, 0xaa, 0xaa, 0xaa, 0xf6,
    0x3f, 0xf7, 0x0, 0x0, 0x0, 0x0, 0x0, 0xe6,
    0x0, 0xe7, 0x0, 0x0, 0x0, 0x0, 0x0, 0xe6,
    0x0, 0xe7, 0x0, 0x0, 0x0, 0x0, 0x0, 0xe6,
    0x0, 0xe7, 0x0, 0x0, 0x0, 0x0, 0x0, 0xe6,
    0x15, 0xe7, 0x0, 0x45, 0x55, 0x55, 0x55, 0xf6,
    0x3f, 0xf7, 0x0, 0xef, 0xff, 0xff, 0xff, 0xf6,

    /* U+6279 "批" */
    0x0, 0xe7, 0x0, 0xe6, 0x0, 0x6, 0xe0, 0x0,
    0x0, 0xe7, 0x0, 0xe6, 0x0, 0x6, 0xe0, 0x0,
    0x17, 0xfb, 0x50, 0xe6, 0x0, 0x6, 0xe0, 0x0,
    0x3e, 0xff, 0xb0, 0xe6, 0x0, 0x6, 0xe0, 0x10,
    0x0, 0xe7, 0x0, 0xe6, 0x0, 0x6, 0xe0, 0xe6,
    0x0, 0xe7, 0x0, 0xef, 0xff, 0x16, 0xff, 0x40,
    0x0, 0xed, 0x80, 0xe9, 0x55, 0x6, 0xf5, 0x10,
    0x15, 0xed, 0x80, 0xe6, 0x0, 0x6, 0xe0, 0x0,
    0x3f, 0xf7, 0x0, 0xe6, 0x0, 0x6, 0xe0, 0x0,
    0x0, 0xe7, 0x0, 0xe6, 0x0, 0x6, 0xe0, 0x0,
    0x0, 0xe7, 0x0, 0xe6, 0x0, 0x6, 0xe0, 0xe6,
    0x0, 0xe7, 0x0, 0xe6, 0x15, 0x6, 0xe0, 0xe6,
    0x15, 0xe7, 0x0, 0xe9, 0x7f, 0x16, 0xf5, 0xf6,
    0x3f, 0xf7, 0x0, 0xef, 0xc0, 0x6, 0xff, 0xf6,

    /* U+627E "找" */
    0x0, 0xe7, 0x0, 0x0, 0x3f, 0x16, 0xe0, 0x0,
    0x0, 0xe7, 0x0, 0x0, 0x3f, 0x12, 0x5a, 0x0,
    0x17, 0xfb, 0x50, 0x0, 0x3f, 0x10, 0x8, 0x0,
    0x3e, 0xff, 0xb0, 0x0, 0x3f, 0x31, 0x11, 0x10,
    0x0, 0xe7, 0x0, 0x0, 0x3f, 0xff, 0xff, 0xf6,
    0x0, 0xe7, 0x1f, 0xff, 0xff, 0x10, 0x0, 0x0,
    0x0, 0xed, 0x85, 0x55, 0x7f, 0x10, 0xa, 0x0,
    0x15, 0xed, 0x80, 0x0, 0x3f, 0x12, 0x5a, 0x0,
    0x3f, 0xf7, 0x0, 0x0, 0x3f, 0x16, 0xe0, 0x0,
    0x0, 0xe7, 0x0, 0x0, 0x15, 0xe9, 0x0, 0x0,
    0x0, 0xe7, 0x0, 0x0, 0x0, 0xe9, 0x0, 0xe6,
    0x0, 0xe7, 0x0, 0x2, 0x55, 0xa8, 0x40, 0xe6,
    0x15, 0xe7, 0x5, 0x5b, 0xff, 0x16, 0xf5, 0xf6,
    0x3f, 0xf7, 0x1f, 0xf9, 0x0, 0x0, 0x1f, 0xf6,

    /* U+628A "把" */
    0x0, 0xe7, 0x0, 0xef, 0xff, 0xff, 0xff, 0xf6,
    0x0, 0xe7, 0x0, 0xe9, 0x55, 0xf9, 0x55, 0xf6,
    0x17, 0xfb, 0x50, 0xe6, 0x0, 0xe6, 0x0, 0xe6,
    0x3e, 0xff, 0xb0, 0xe6, 0x0, 0xe6, 0x0, 0xe6,
    0x0, 0xe7, 0x0, 0xe6, 0x0, 0xe6, 0x0, 0xe6,
    0x0, 0xe7, 0x0, 0xe6, 0x0, 0xe6, 0x0, 0xe6,
    0x0, 0xec, 0x70, 0xec, 0x99, 0xfc, 0x99, 0xf6,
    0x15, 0xed, 0x80, 0xec, 0xaa, 0xaa, 0xaa, 0xa4,
    0x3f, 0xf7, 0x0, 0xe6, 0x0, 0x0, 0x0, 0x0,
    0x0, 0xe7, 0x0, 0xe6, 0x0, 0x0, 0x0, 0x0,
    0x0, 0xe7, 0x0, 0xe6, 0x0, 0x0, 0x0, 0xe6,
    0x0, 0xe7, 0x0, 0xe6, 0x0, 0x0, 0x0, 0xe6,
    0x15, 0xe7, 0x0, 0xe9, 0x55, 0x55, 0x55, 0xf6,
    0x3f, 0xf7, 0x0, 0x4b, 0xff, 0xff, 0xff, 0xf6,

    /* U+62A2 "抢" */
    0x0, 0xe7, 0x0, 0x0, 0x0, 0xe9, 0x0, 0x0,
    0x0, 0xe7, 0x0, 0x0, 0x3f, 0x69, 0xe0, 0x0,
    0x2a, 0xfd, 0x80, 0x4, 0x95, 0x2, 0x5a, 0x0,
    0x2a, 0xfd, 0x85, 0x57, 0x80, 0x0, 0xa, 0x52,
    0x0, 0xe7, 0x1f, 0xf9, 0x0, 0x0, 0x0, 0xe6,
    0x0, 0xe7, 0x0, 0x6, 0xff, 0xff, 0xff, 0x10,
    0x0, 0xeb, 0x50, 0x6, 0xe8, 0x88, 0x9f, 0x10,
    0x1, 0xef, 0xb0, 0x6, 0xc0, 0x0, 0x1f, 0x10,
    0x3f, 0xf7, 0x0, 0x6, 0xc0, 0x0, 0x1f, 0x10,
    0x0, 0xe7, 0x0, 0x6, 0xc0, 0xef, 0xff, 0x10,
    0x0, 0xe7, 0x0, 0x6, 0xc0, 0x45, 0x55, 0x0,
    0x0, 0xe7, 0x0, 0x6, 0xc0, 0x0, 0x0, 0x94,
    0x15, 0xe7, 0x0, 0x6, 0xd5, 0x55, 0x55, 0xf6,
    0x3f, 0xf7, 0x0, 0x0, 0x3f, 0xff, 0xff, 0xf6,

    /* U+62C9 "拉" */
    0x0, 0xe7, 0x0, 0x0, 0x4f, 0x10, 0x0, 0x0,
    0x0, 0xe7, 0x0, 0x0, 0x15, 0xb5, 0x0, 0x0,
    0x17, 0xfb, 0x50, 0x67, 0x77, 0xfa, 0x77, 0x73,
    0x3e, 0xff, 0xb0, 0xde, 0xee, 0xee, 0xee, 0xe6,
    0x0, 0xe7, 0x0, 0x0, 0x0, 0x0, 0x0, 0x0,
    0x0, 0xe7, 0x0, 0x7, 0x90, 0x0, 0x3c, 0x10,
    0x0, 0xeb, 0x50, 0x9, 0xc0, 0x0, 0x4f, 0x10,
    0x1, 0xef, 0xb0, 0x8, 0xb1, 0x0, 0x4f, 0x10,
    0x3f, 0xf7, 0x0, 0x0, 0x4f, 0x10, 0x4f, 0x10,
    0x0, 0xe7, 0x0, 0x0, 0x4f, 0x10, 0x4f, 0x10,
    0x0, 0xe7, 0x0, 0x0, 0x4f, 0x19, 0xc0, 0x0,
    0x0, 0xe7, 0x0, 0x0, 0x3e, 0x19, 0xc0, 0x0,
    0x15, 0xe7, 0x0, 0x45, 0x55, 0x5b, 0xd5, 0x52,
    0x3f, 0xf7, 0x0, 0xef, 0xff, 0xff, 0xff, 0xf6,

    /* U+62D2 "拒" */
    0x0, 0xe7, 0x0, 0xef, 0xff, 0xff, 0xff, 0xf6,
    0x0, 0xe7, 0x0, 0xe9, 0x55, 0x55, 0x55, 0x52,
    0x18, 0xfb, 0x60, 0xe6, 0x0, 0x0, 0x0, 0x0,
    0x2a, 0xfd, 0x80, 0xe9, 0x55, 0x55, 0x55, 0x0,
    0x0, 0xe7, 0x0, 0xef, 0xff, 0xff, 0xff, 0x10,
    0x0, 0xe7, 0x0, 0xe6, 0x0, 0x0, 0x3f, 0x10,
    0x0, 0xeb, 0x50, 0xe6, 0x0, 0x0, 0x3f, 0x10,
    0x1, 0xef, 0xb0, 0xe6, 0x0, 0x0, 0x3f, 0x10,
    0x3f, 0xf7, 0x0, 0xe6, 0x0, 0x0, 0x3f, 0x10,
    0x0, 0xe7, 0x0, 0xef, 0xff, 0xff, 0xff, 0x10,
    0x0, 0xe7, 0x0, 0xe9, 0x55, 0x55, 0x55, 0x0,
    0x0, 0xe7, 0x0, 0xe6, 0x0, 0x0, 0x0, 0x0,
    0x15, 0xe7, 0x0, 0xe9, 0x55, 0x55, 0x55, 0x52,
    0x3f, 0xf7, 0x0, 0xef, 0xff, 0xff, 0xff, 0xf6,

    /* U+62D6 "拖" */
    0x0, 0x0, 0x0, 0x0, 0x0, 0x0, 0x0, 0x0,
    0x0, 0x1f, 0x0, 0x4, 0xd0, 0x0, 0x0, 0x0,
    0x0, 0x1f, 0x0, 0xb, 0x92, 0x22, 0x22, 0x20,
    0x5, 0x6f, 0x53, 0x2e, 0xcc, 0xcc, 0xcc, 0xc2,
    0x1a, 0xbf, 0xb7, 0xd6, 0x0, 0xa3, 0x0, 0x0,
    0x0, 0x1f, 0x6, 0xb7, 0x20, 0xc4, 0x4, 0x10,
    0x0, 0x1f, 0x0, 0x1c, 0x40, 0xcb, 0xef, 0x40,
    0x0, 0x1f, 0x45, 0xc, 0x8b, 0xfb, 0x4c, 0x40,
    0x5, 0xaf, 0xe8, 0x8f, 0xd6, 0xd4, 0xc, 0x40,
    0x2e, 0xaf, 0x0, 0xae, 0x40, 0xc4, 0xc, 0x40,
    0x0, 0x1f, 0x0, 0xc, 0x40, 0xc4, 0x3e, 0x30,
    0x0, 0x1f, 0x0, 0xc, 0x40, 0xc4, 0xca, 0x0,
    0x0, 0x1f, 0x0, 0xc, 0x40, 0x41, 0x0, 0x92,
    0x2, 0x4f, 0x0, 0xb, 0x82, 0x22, 0x23, 0xe2,
    0xb, 0xfa, 0x0, 0x4, 0xde, 0xee, 0xee, 0x90,

    /* U+62E9 "择" */
    0x0, 0xe7, 0x0, 0xef, 0xff, 0xff, 0xff, 0xf6,
    0x0, 0xe7, 0x0, 0xe9, 0x55, 0x55, 0x55, 0xe6,
    0x17, 0xfb, 0x50, 0x98, 0x50, 0x0, 0x17, 0xa4,
    0x3e, 0xff, 0xb0, 0x8, 0xb1, 0x11, 0x4e, 0x10,
    0x0, 0xe7, 0x0, 0x0, 0x4f, 0xff, 0xc0, 0x0,
    0x0, 0xe7, 0x0, 0xef, 0xc0, 0x0, 0x4f, 0xf6,
    0x0, 0xef, 0xc0, 0x45, 0x30, 0xe6, 0x15, 0x52,
    0x15, 0xed, 0x80, 0x3, 0x55, 0xf9, 0x55, 0x0,
    0x3f, 0xf7, 0x0, 0x9, 0xff, 0xff, 0xff, 0x10,
    0x0, 0xe7, 0x0, 0x0, 0x0, 0xe6, 0x0, 0x0,
    0x0, 0xe7, 0x0, 0x67, 0x77, 0xfa, 0x77, 0x73,
    0x0, 0xe7, 0x0, 0xde, 0xee, 0xfe, 0xee, 0xe6,
    0x15, 0xe7, 0x0, 0x0, 0x0, 0xe6, 0x0, 0x0,
    0x3f, 0xf7, 0x0, 0x0, 0x0, 0xe6, 0x0, 0x0,

    /* U+62FC "拼" */
    0x0, 0xe7, 0x0, 0x9, 0xd5, 0x0, 0x15, 0xe6,
    0x0, 0xe7, 0x0, 0x3, 0x7f, 0x10, 0x4f, 0x62,
    0x17, 0xfb, 0x50, 0x67, 0x9f, 0x77, 0x9f, 0x83,
    0x3e, 0xff, 0xb0, 0xde, 0xef, 0xee, 0xef, 0xe6,
    0x0, 0xe7, 0x0, 0x0, 0x4f, 0x10, 0x4f, 0x10,
    0x0, 0xe7, 0x0, 0x0, 0x4f, 0x10, 0x4f, 0x10,
    0x0, 0xec, 0x70, 0x0, 0x4f, 0x10, 0x4f, 0x10,
    0x15, 0xed, 0x80, 0x45, 0x7f, 0x65, 0x7f, 0x62,
    0x3f, 0xf7, 0x0, 0xef, 0xff, 0xff, 0xff, 0xf6,
    0x0, 0xe7, 0x0, 0x0, 0x4f, 0x10, 0x4f, 0x10,
    0x0, 0xe7, 0x0, 0x0, 0x4f, 0x10, 0x4f, 0x10,
    0x0, 0xe7, 0x0, 0x3, 0x6a, 0x0, 0x4f, 0x10,
    0x15, 0xe7, 0x0, 0x4b, 0xc0, 0x0, 0x4f, 0x10,
    0x3f, 0xf7, 0x0, 0xe6, 0x0, 0x0, 0x4f, 0x10,

    /* U+62FE "拾" */
    0x0, 0xe7, 0x0, 0x0, 0x0, 0xe9, 0x0, 0x0,
    0x0, 0xe7, 0x0, 0x0, 0x2a, 0x57, 0x90, 0x0,
    0x17, 0xfb, 0x50, 0x4, 0x78, 0x3, 0x87, 0x0,
    0x3e, 0xff, 0xb1, 0x18, 0xb0, 0x0, 0x1e, 0x20,
    0x0, 0xe7, 0x4f, 0xf6, 0x0, 0x0, 0x0, 0xe6,
    0x0, 0xe7, 0x0, 0x9, 0xff, 0xff, 0xff, 0x10,
    0x0, 0xed, 0x80, 0x3, 0x55, 0x55, 0x55, 0x0,
    0x15, 0xed, 0x80, 0x45, 0x55, 0x55, 0x55, 0x52,
    0x3f, 0xf7, 0x0, 0xef, 0xff, 0xff, 0xff, 0xf6,
    0x0, 0xe7, 0x0, 0xe6, 0x0, 0x0, 0x0, 0xe6,
    0x0, 0xe7, 0x0, 0xe6, 0x0, 0x0, 0x0, 0xe6,
    0x0, 0xe7, 0x0, 0xe6, 0x0, 0x0, 0x0, 0xe6,
    0x15, 0xe7, 0x0, 0xe9, 0x55, 0x55, 0x55, 0xf6,
    0x3f, 0xf7, 0x0, 0xef, 0xff, 0xff, 0xff, 0xf6,

    /* U+62FF "拿" */
    0x0, 0x0, 0xa, 0xff, 0xf5, 0x0, 0x0, 0x0,
    0x3, 0xaa, 0x75, 0x55, 0x8a, 0xa0, 0x0, 0x77,
    0x78, 0xfa, 0x77, 0x7c, 0xd8, 0x77, 0x4e, 0xe9,
    0xe, 0xee, 0xee, 0xe9, 0xe, 0xe9, 0x0, 0x0,
    0x0, 0x0, 0x0, 0x0, 0x0, 0x0, 0x5, 0xff,
    0xff, 0xff, 0xff, 0xf0, 0x0, 0x0, 0x5f, 0x55,
    0x55, 0x55, 0x8f, 0x0, 0x0, 0x38, 0xf5, 0x55,
    0x55, 0x58, 0xf5, 0x10, 0xa, 0xff, 0xff, 0xff,
    0xff, 0xff, 0xf5, 0x0, 0x0, 0x0, 0x5, 0xf0,
    0x0, 0x0, 0x0, 0x77, 0x77, 0x77, 0xaf, 0x77,
    0x77, 0x77, 0x4e, 0xee, 0xee, 0xee, 0xfe, 0xee,
    0xee, 0xe9, 0x0, 0x0, 0x55, 0x8f, 0x0, 0x0,
    0x0, 0x0, 0x0, 0xf, 0xff, 0xf0, 0x0, 0x0,
    0x0,

    /* U+6301 "持" */
    0x0, 0xe7, 0x0, 0x0, 0x0, 0xe6, 0x0, 0x0,
    0x0, 0xe7, 0x0, 0x6, 0xbb, 0xfd, 0xbb, 0x10,
    0x17, 0xfb, 0x50, 0x5, 0x88, 0xfb, 0x88, 0x0,
    0x3e, 0xff, 0xb0, 0x0, 0x0, 0xe6, 0x0, 0x0,
    0x0, 0xe7, 0x0, 0x0, 0x0, 0xe6, 0x0, 0x0,
    0x0, 0xe7, 0x0, 0xef, 0xff, 0xff, 0xff, 0xf6,
    0x0, 0xed, 0x80, 0x45, 0x55, 0x55, 0x7f, 0x62,
    0x15, 0xed, 0x80, 0x45, 0x55, 0x55, 0x7f, 0x62,
    0x3f, 0xf7, 0x0, 0xef, 0xff, 0xff, 0xff, 0xf6,
    0x0, 0xe7, 0x0, 0x9, 0xc0, 0x0, 0x4f, 0x10,
    0x0, 0xe7, 0x0, 0x3, 0x57, 0x0, 0x4f, 0x10,
    0x0, 0xe7, 0x0, 0x0, 0x3e, 0x10, 0x4f, 0x10,
    0x15, 0xe7, 0x0, 0x0, 0x0, 0x45, 0x7f, 0x10,
    0x3f, 0xf7, 0x0, 0x0, 0x0, 0xef, 0xff, 0x10,

    /* U+6302 "挂" */
    0x0, 0xe7, 0x0, 0x0, 0x0, 0xe6, 0x0, 0x0,
    0x0, 0xe7, 0x0, 0x6, 0xbb, 0xfd, 0xbb, 0x10,
    0x17, 0xfb, 0x50, 0x5, 0x88, 0xfb, 0x88, 0x0,
    0x3e, 0xff, 0xb0, 0x0, 0x0, 0xe6, 0x0, 0x0,
    0x0, 0xe7, 0x0, 0x0, 0x0, 0xe6, 0x0, 0x0,
    0x0, 0xe7, 0x0, 0xbc, 0xcc, 0xfd, 0xcc, 0xc5,
    0x0, 0xeb, 0x50, 0x88, 0x88, 0x88, 0x88, 0x83,
    0x1, 0xef, 0xb0, 0x0, 0x0, 0x10, 0x0, 0x0,
    0x3f, 0xf7, 0x0, 0x0, 0x0, 0xe6, 0x0, 0x0,
    0x0, 0xe7, 0x0, 0x9, 0xff, 0xff, 0xff, 0x10,
    0x0, 0xe7, 0x0, 0x3, 0x55, 0xf9, 0x55, 0x0,
    0x0, 0xe7, 0x0, 0x0, 0x0, 0xe6, 0x0, 0x0,
    0x15, 0xe7, 0x0, 0x45, 0x55, 0xf9, 0x55, 0x52,
    0x3f, 0xf7, 0x0, 0xef, 0xff, 0xff, 0xff, 0xf6,

    /* U+6309 "按" */
    0x0, 0xe7, 0x0, 0x0, 0x0, 0xe6, 0x0, 0x0,
    0x0, 0xe7, 0x0, 0xab, 0xbb, 0xfd, 0xbb, 0xb4,
    0x17, 0xfb, 0x50, 0xeb, 0x88, 0x88, 0x88, 0xf6,
    0x3e, 0xff, 0xb0, 0xd5, 0x0, 0x10, 0x0, 0xc6,
    0x0, 0xe7, 0x0, 0x0, 0x0, 0xe6, 0x0, 0x0,
    0x0, 0xe7, 0x0, 0x0, 0x0, 0xe6, 0x0, 0x0,
    0x0, 0xeb, 0x50, 0x67, 0x77, 0xfa, 0x77, 0x73,
    0x1, 0xef, 0xb0, 0xde, 0xef, 0xee, 0xef, 0xe6,
    0x3f, 0xf7, 0x0, 0x0, 0x4f, 0x10, 0x4f, 0x10,
    0x0, 0xe7, 0x0, 0x9, 0xc0, 0x0, 0x4f, 0x10,
    0x0, 0xe7, 0x0, 0x3, 0x6a, 0x6, 0x95, 0x0,
    0x0, 0xe7, 0x0, 0x0, 0x2a, 0x5b, 0xc0, 0x0,
    0x15, 0xe7, 0x0, 0x45, 0x55, 0xff, 0xd5, 0x52,
    0x3f, 0xf7, 0x0, 0xef, 0xff, 0x10, 0x4f, 0xf6,

    /* U+6321 "挡" */
    0x0, 0xe7, 0x0, 0x0, 0x0, 0xe6, 0x0, 0x0,
    0x0, 0xe7, 0x0, 0xa4, 0x0, 0xe6, 0x0, 0xa5,
    0x17, 0xfb, 0x50, 0x87, 0x50, 0xe6, 0x17, 0x83,
    0x3e, 0xff, 0xb0, 0x8, 0xa0, 0xe6, 0x3e, 0x10,
    0x0, 0xe7, 0x0, 0x0, 0x0, 0xe6, 0x0, 0x0,
    0x0, 0xe7, 0x0, 0xbc, 0xcc, 0xfd, 0xcc, 0xc5,
    0x0, 0xeb, 0x50, 0x88, 0x88, 0x88, 0x88, 0xf7,
    0x1, 0xef, 0xb0, 0x0, 0x0, 0x0, 0x0, 0xe7,
    0x3f, 0xf7, 0x0, 0x0, 0x0, 0x0, 0x0, 0xe7,
    0x0, 0xe7, 0x0, 0xef, 0xff, 0xff, 0xff, 0xf7,
    0x0, 0xe7, 0x0, 0x45, 0x55, 0x55, 0x55, 0xe7,
    0x0, 0xe7, 0x0, 0x0, 0x0, 0x0, 0x0, 0xe7,
    0x15, 0xe7, 0x0, 0x45, 0x55, 0x55, 0x55, 0xe7,
    0x3f, 0xf7, 0x0, 0xef, 0xff, 0xff, 0xff, 0xf7,

    /* U+6362 "换" */
    0x0, 0xe7, 0x0, 0x0, 0x1f, 0x40, 0x0, 0x0,
    0x0, 0xe7, 0x0, 0x0, 0x1f, 0xff, 0xe0, 0x0,
    0x2a, 0xfd, 0x80, 0x4, 0xa5, 0x59, 0xe0, 0x0,
    0x2a, 0xfd, 0x80, 0x39, 0xf5, 0x59, 0xf5, 0x10,
    0x0, 0xe7, 0x0, 0xcf, 0xff, 0xff, 0xff, 0x40,
    0x0, 0xe7, 0x0, 0xc9, 0x0, 0xb9, 0x1f, 0x40,
    0x0, 0xed, 0x80, 0xc9, 0x0, 0xb9, 0x1f, 0x40,
    0x15, 0xed, 0x80, 0xc9, 0x0, 0xb9, 0x1f, 0x40,
    0x3f, 0xf7, 0x0, 0xc9, 0x0, 0xb9, 0x1f, 0x40,
    0x0, 0xe7, 0x1f, 0xff, 0xff, 0xff, 0xff, 0xf9,
    0x0, 0xe7, 0x5, 0x55, 0x6f, 0x89, 0xf5, 0x53,
    0x0, 0xe7, 0x0, 0x2, 0x5a, 0x24, 0xa5, 0x10,
    0x15, 0xe7, 0x5, 0x59, 0xe0, 0x0, 0x1f, 0x83,
    0x3f, 0xf7, 0x1f, 0xf9, 0x0, 0x0, 0x0, 0xb9,

    /* U+636E "据" */
    0x0, 0xe7, 0x0, 0xef, 0xff, 0xff, 0xff, 0xf6,
    0x0, 0xe7, 0x0, 0xea, 0x55, 0x55, 0x55, 0xf6,
    0x18, 0xfb, 0x60, 0xe7, 0x0, 0x0, 0x0, 0xe6,
    0x2a, 0xfd, 0x80, 0xea, 0x55, 0x55, 0x55, 0xf6,
    0x0, 0xe7, 0x0, 0xef, 0xff, 0xff, 0xff, 0xf6,
    0x0, 0xe7, 0x0, 0xe7, 0x0, 0x6, 0xe0, 0x0,
    0x0, 0xeb, 0x50, 0xeb, 0x77, 0x7a, 0xf7, 0x73,
    0x1, 0xef, 0xb0, 0xef, 0xee, 0xee, 0xfe, 0xe6,
    0x3f, 0xf7, 0x0, 0xe7, 0x0, 0x6, 0xe0, 0x0,
    0x0, 0xe7, 0x0, 0xe7, 0x3f, 0xff, 0xff, 0xf6,
    0x0, 0xe7, 0x0, 0xe7, 0x3f, 0x65, 0x55, 0xf6,
    0x0, 0xe7, 0x0, 0xe7, 0x3f, 0x10, 0x0, 0xe6,
    0x15, 0xe7, 0x15, 0xe7, 0x3f, 0x65, 0x55, 0xf6,
    0x3f, 0xf7, 0x3f, 0x62, 0x3f, 0xff, 0xff, 0xf6,

    /* U+6389 "掉" */
    0x0, 0xe7, 0x0, 0x0, 0x0, 0xb9, 0x0, 0x0,
    0x0, 0xe7, 0x0, 0x0, 0x0, 0xbf, 0xff, 0xf9,
    0x2a, 0xfd, 0x80, 0x0, 0x0, 0xbb, 0x55, 0x53,
    0x2a, 0xfd, 0x80, 0x35, 0x55, 0xdb, 0x55, 0x10,
    0x0, 0xe7, 0x0, 0xcf, 0xff, 0xff, 0xff, 0x40,
    0x0, 0xe7, 0x0, 0xc9, 0x0, 0x0, 0x1f, 0x40,
    0x0, 0xeb, 0x50, 0xcc, 0x77, 0x77, 0x7f, 0x40,
    0x1, 0xef, 0xb0, 0xcf, 0xee, 0xee, 0xef, 0x40,
    0x3f, 0xf7, 0x0, 0xc9, 0x0, 0x0, 0x1f, 0x40,
    0x0, 0xe7, 0x0, 0xcf, 0xff, 0xff, 0xff, 0x40,
    0x0, 0xe7, 0x0, 0x35, 0x55, 0xdb, 0x55, 0x10,
    0x0, 0xe7, 0x5, 0x55, 0x55, 0xdb, 0x55, 0x53,
    0x15, 0xe7, 0x1f, 0xff, 0xff, 0xff, 0xff, 0xf9,
    0x3f, 0xf7, 0x0, 0x0, 0x0, 0xb9, 0x0, 0x0,

    /* U+6392 "排" */
    0x0, 0xe7, 0x0, 0x0, 0x3f, 0x16, 0xe0, 0x0,
    0x0, 0xe7, 0x0, 0x0, 0x3f, 0x16, 0xe0, 0x0,
    0x17, 0xfb, 0x50, 0x67, 0x9f, 0x16, 0xf7, 0x74,
    0x3e, 0xff, 0xb0, 0xce, 0xef, 0x16, 0xfe, 0xe8,
    0x0, 0xe7, 0x0, 0x0, 0x3f, 0x16, 0xe0, 0x0,
    0x0, 0xe7, 0x0, 0x0, 0x3f, 0x16, 0xe0, 0x0,
    0x0, 0xec, 0x70, 0x89, 0xaf, 0x16, 0xf9, 0x95,
    0x15, 0xed, 0x80, 0x9a, 0xbf, 0x16, 0xfa, 0xa6,
    0x3f, 0xf7, 0x0, 0x0, 0x3f, 0x16, 0xe0, 0x0,
    0x0, 0xe7, 0x0, 0x0, 0x3f, 0x16, 0xe0, 0x0,
    0x0, 0xe7, 0x0, 0x67, 0x9f, 0x16, 0xf7, 0x74,
    0x0, 0xe7, 0x0, 0xce, 0xef, 0x16, 0xfe, 0xe8,
    0x15, 0xe7, 0x0, 0x0, 0x3f, 0x16, 0xe0, 0x0,
    0x3f, 0xf7, 0x0, 0x0, 0x3f, 0x16, 0xe0, 0x0,

    /* U+63A5 "接" */
    0x0, 0xe7, 0x0, 0x0, 0x0, 0xe6, 0x0, 0x0,
    0x0, 0xe7, 0x0, 0xab, 0xbb, 0xfd, 0xbb, 0xb4,
    0x17, 0xfb, 0x50, 0x8d, 0xe8, 0x88, 0xaf, 0x93,
    0x3e, 0xff, 0xb0, 0x8, 0xc5, 0x3, 0x7e, 0x10,
    0x0, 0xe7, 0x0, 0x0, 0x4f, 0x19, 0xc0, 0x0,
    0x0, 0xe7, 0x0, 0xef, 0xff, 0xff, 0xff, 0xf6,
    0x0, 0xed, 0x80, 0x45, 0x55, 0xf9, 0x55, 0x52,
    0x15, 0xed, 0x80, 0x45, 0x55, 0xf9, 0x55, 0x52,
    0x3f, 0xf7, 0x0, 0xef, 0xff, 0xff, 0xff, 0xf6,
    0x0, 0xe7, 0x0, 0x0, 0x4f, 0x10, 0x4f, 0x10,
    0x0, 0xe7, 0x0, 0x6, 0x95, 0x6, 0x95, 0x0,
    0x0, 0xe7, 0x0, 0x6, 0x95, 0x5b, 0xc0, 0x0,
    0x15, 0xe7, 0x0, 0x45, 0x7f, 0xff, 0xd5, 0x52,
    0x3f, 0xf7, 0x0, 0xef, 0xc0, 0x0, 0x4f, 0xf6,

    /* U+63CF "描" */
    0x0, 0xe7, 0x0, 0x9, 0xc0, 0x0, 0x4f, 0x10,
    0x0, 0xe7, 0x0, 0xef, 0xff, 0xff, 0xff, 0xf6,
    0x2a, 0xfd, 0x80, 0x4b, 0xd5, 0x55, 0x7f, 0x62,
    0x2a, 0xfd, 0x80, 0x6, 0x80, 0x0, 0x2a, 0x10,
    0x0, 0xe7, 0x0, 0x0, 0x0, 0x0, 0x0, 0x0,
    0x0, 0xe7, 0x0, 0xde, 0xee, 0xee, 0xee, 0xe6,
    0x0, 0xeb, 0x50, 0xeb, 0x88, 0xfb, 0x88, 0xf6,
    0x1, 0xef, 0xb0, 0xe6, 0x0, 0xe6, 0x0, 0xe6,
    0x3f, 0xf7, 0x0, 0xe6, 0x0, 0xe6, 0x0, 0xe6,
    0x0, 0xe7, 0x0, 0xef, 0xff, 0xff, 0xff, 0xf6,
    0x0, 0xe7, 0x0, 0xe9, 0x55, 0xf9, 0x55, 0xe6,
    0x0, 0xe7, 0x0, 0xe6, 0x0, 0xe6, 0x0, 0xe6,
    0x15, 0xe7, 0x0, 0xe9, 0x55, 0xf9, 0x55, 0xe6,
    0x3f, 0xf7, 0x0, 0xef, 0xff, 0xff, 0xff, 0xf6,

    /* U+63D0 "提" */
    0x0, 0xe7, 0x0, 0xcf, 0xff, 0xff, 0xff, 0x40,
    0x0, 0xe7, 0x0, 0xcb, 0x55, 0x55, 0x6f, 0x40,
    0x17, 0xfb, 0x50, 0xcc, 0x77, 0x77, 0x7f, 0x40,
    0x3e, 0xff, 0xb0, 0xcf, 0xee, 0xee, 0xef, 0x40,
    0x0, 0xe7, 0x0, 0xc9, 0x0, 0x0, 0x1f, 0x40,
    0x0, 0xe7, 0x0, 0xcf, 0xff, 0xff, 0xff, 0x40,
    0x0, 0xed, 0x80, 0x35, 0x55, 0x55, 0x55, 0x10,
    0x15, 0xed, 0x85, 0x55, 0x55, 0x55, 0x55, 0x53,
    0x3f, 0xf7, 0x1f, 0xff, 0xff, 0xff, 0xff, 0xf9,
    0x0, 0xe7, 0x0, 0x6, 0xe0, 0xb9, 0x0, 0x0,
    0x0, 0xe7, 0x0, 0x6, 0xe0, 0xbd, 0xaa, 0xa6,
    0x0, 0xe7, 0x0, 0x37, 0xa5, 0xdd, 0xaa, 0xa6,
    0x15, 0xe7, 0x5, 0xd9, 0x1f, 0xfb, 0x55, 0x53,
    0x3f, 0xf7, 0x1f, 0x40, 0x0, 0x6, 0xff, 0xf9,

    /* U+63D2 "插" */
    0x0, 0xe7, 0x0, 0x0, 0x0, 0x9, 0xff, 0x10,
    0x0, 0xe7, 0x0, 0x9, 0xff, 0xf9, 0x55, 0x0,
    0x2a, 0xfd, 0x80, 0x3, 0x55, 0xf6, 0x0, 0x0,
    0x2a, 0xfd, 0x80, 0x45, 0x55, 0xf9, 0x55, 0x52,
    0x0, 0xe7, 0x0, 0xef, 0xff, 0xff, 0xff, 0xf6,
    0x0, 0xe7, 0x0, 0x0, 0x0, 0xe6, 0x0, 0x0,
    0x0, 0xed, 0x80, 0x6, 0x80, 0xe6, 0x0, 0x0,
    0x15, 0xed, 0x80, 0x48, 0x80, 0xe6, 0x15, 0x52,
    0x3f, 0xf7, 0x0, 0xe6, 0x0, 0xe6, 0x4f, 0xf6,
    0x0, 0xe7, 0x0, 0xe6, 0x0, 0xe6, 0x0, 0xe6,
    0x0, 0xe7, 0x0, 0xea, 0x50, 0xe6, 0x17, 0xf6,
    0x0, 0xe7, 0x0, 0xee, 0xa0, 0xe6, 0x3e, 0xf6,
    0x15, 0xe7, 0x0, 0xe9, 0x55, 0xf9, 0x55, 0xf6,
    0x3f, 0xf7, 0x0, 0xef, 0xff, 0xff, 0xff, 0xf6,

    /* U+63E1 "握" */
    0x0, 0xe7, 0x0, 0xef, 0xff, 0xff, 0xff, 0xf3,
    0x0, 0xe7, 0x0, 0xe7, 0x55, 0x55, 0x56, 0xf3,
    0x17, 0xfb, 0x50, 0xe9, 0x77, 0x77, 0x78, 0xf3,
    0x3e, 0xff, 0xb0, 0xee, 0xee, 0xee, 0xee, 0xe3,
    0x0, 0xe7, 0x0, 0xe3, 0x0, 0x0, 0x0, 0x0,
    0x0, 0xe7, 0x0, 0xef, 0xff, 0xff, 0xff, 0xf3,
    0x0, 0xed, 0x80, 0xe7, 0x9e, 0x55, 0x9e, 0x51,
    0x15, 0xed, 0x80, 0xe7, 0x9e, 0x55, 0x7a, 0x51,
    0x3f, 0xf7, 0x0, 0xef, 0xff, 0xff, 0x91, 0xf3,
    0x0, 0xe7, 0x0, 0xe3, 0x0, 0xc, 0x90, 0x0,
    0x0, 0xe7, 0x0, 0xe3, 0x37, 0x7d, 0xc7, 0x71,
    0x0, 0xe7, 0x0, 0xe3, 0x6e, 0xef, 0xfe, 0xe3,
    0x15, 0xe7, 0x15, 0xe7, 0x55, 0x5d, 0xb5, 0x51,
    0x3f, 0xf7, 0x3f, 0x6d, 0xff, 0xff, 0xff, 0xf3,

    /* U+641C "搜" */
    0x0, 0xe7, 0x0, 0x6, 0xe0, 0xe6, 0x0, 0x0,
    0x0, 0xe7, 0x0, 0xcb, 0x40, 0xe6, 0x4f, 0xf6,
    0x2a, 0xfd, 0x80, 0xc9, 0x0, 0xe6, 0x15, 0xf6,
    0x2a, 0xfd, 0x80, 0xcb, 0x40, 0xe6, 0x15, 0xf6,
    0x0, 0xe7, 0x0, 0xcf, 0xe0, 0xe6, 0x4f, 0xf6,
    0x0, 0xe7, 0x0, 0xc9, 0x0, 0xe6, 0x0, 0xe6,
    0x0, 0xeb, 0x50, 0xcc, 0x77, 0xfa, 0x77, 0xf6,
    0x1, 0xef, 0xb0, 0xae, 0xee, 0xfe, 0xee, 0xe6,
    0x3f, 0xf7, 0x0, 0x0, 0x0, 0xe6, 0x0, 0x0,
    0x0, 0xe7, 0x0, 0xcf, 0xff, 0xff, 0xff, 0xf6,
    0x0, 0xe7, 0x0, 0x39, 0xf5, 0x55, 0x7f, 0x62,
    0x0, 0xe7, 0x0, 0x4, 0xb5, 0x55, 0x6a, 0x0,
    0x15, 0xe7, 0x5, 0x55, 0x8f, 0xff, 0xd5, 0x52,
    0x3f, 0xf7, 0x1f, 0xff, 0xe0, 0x0, 0x4f, 0xf6,

    /* U+6446 "摆" */
    0x0, 0xe7, 0x0, 0xef, 0xff, 0xff, 0xff, 0xf6,
    0x0, 0xe7, 0x0, 0xe9, 0x7f, 0x6b, 0xd5, 0xe6,
    0x18, 0xfb, 0x60, 0xe6, 0x4f, 0x19, 0xc0, 0xe6,
    0x2a, 0xfd, 0x80, 0xe9, 0x7f, 0x6b, 0xd5, 0xe6,
    0x0, 0xe7, 0x0, 0xef, 0xff, 0xff, 0xff, 0xf6,
    0x0, 0xe7, 0x0, 0x0, 0x0, 0xe6, 0x0, 0x0,
    0x0, 0xeb, 0x50, 0x4, 0x77, 0xfa, 0x77, 0x0,
    0x1, 0xef, 0xb0, 0x8, 0xee, 0xfe, 0xee, 0x10,
    0x3f, 0xf7, 0x0, 0x0, 0x0, 0xe6, 0x0, 0x0,
    0x0, 0xe7, 0x0, 0xef, 0xff, 0xff, 0xff, 0xf6,
    0x0, 0xe7, 0x0, 0x45, 0x7f, 0x65, 0x55, 0x52,
    0x0, 0xe7, 0x0, 0x3, 0x6a, 0x0, 0x15, 0x0,
    0x15, 0xe7, 0x0, 0x4b, 0xd5, 0x55, 0x7f, 0x62,
    0x3f, 0xf7, 0x0, 0xef, 0xff, 0xff, 0xc0, 0xe6,

    /* U+64AD "播" */
    0x0, 0xe7, 0x0, 0x0, 0x0, 0x6, 0xff, 0xf9,
    0x0, 0xe7, 0x0, 0x8a, 0xaa, 0xa8, 0x55, 0x53,
    0x3e, 0xff, 0xb0, 0x17, 0xe1, 0xc9, 0x1e, 0x30,
    0x17, 0xfb, 0x69, 0x9b, 0xf9, 0xed, 0x9f, 0xa5,
    0x0, 0xe7, 0xc, 0xcd, 0xfc, 0xfe, 0xcf, 0xd7,
    0x0, 0xe7, 0x0, 0x6, 0xe0, 0xb9, 0x1f, 0x40,
    0x0, 0xef, 0xb0, 0xa9, 0x10, 0xb9, 0x1, 0xa8,
    0x15, 0xed, 0x85, 0xdb, 0x55, 0xdb, 0x55, 0xd9,
    0x3f, 0xf7, 0x1f, 0xff, 0xff, 0xff, 0xff, 0xf9,
    0x0, 0xe7, 0x0, 0xc9, 0x0, 0xb9, 0x0, 0xb9,
    0x0, 0xe7, 0x0, 0xcc, 0x77, 0xdc, 0x77, 0xd9,
    0x0, 0xe7, 0x0, 0xcf, 0xee, 0xff, 0xee, 0xf9,
    0x15, 0xe7, 0x0, 0xcb, 0x55, 0xdb, 0x55, 0xd9,
    0x3f, 0xf7, 0x0, 0xcf, 0xff, 0xff, 0xff, 0xf9,

    /* U+652F "支" */
    0x0, 0x0, 0x0, 0x5f, 0x0, 0x0, 0x0, 0x0,
    0x0, 0x0, 0x5, 0xf0, 0x0, 0x0, 0x0, 0x77,
    0x77, 0x77, 0xaf, 0x77, 0x77, 0x77, 0x4e, 0xee,
    0xee, 0xee, 0xfe, 0xee, 0xee, 0xe9, 0x0, 0x0,
    0x0, 0x5f, 0x0, 0x0, 0x0, 0x0, 0x0, 0x0,
    0x5, 0xf0, 0x0, 0x0, 0x0, 0x4, 0x77, 0x77,
    0xaf, 0x77, 0x77, 0x72, 0x0, 0x9e, 0xfe, 0xee,
    0xee, 0xee, 0xfe, 0x40, 0x0, 0x5f, 0x0, 0x0,
    0x0, 0x5f, 0x0, 0x0, 0x1, 0x3f, 0x50, 0x0,
    0xab, 0x30, 0x0, 0x0, 0x0, 0x58, 0xaa, 0xa7,
    0x30, 0x0, 0x0, 0x1, 0x55, 0x8a, 0xaa, 0x75,
    0x50, 0x0, 0x55, 0x8f, 0xf5, 0x0, 0xa, 0xff,
    0x55, 0x3f, 0xfa, 0x0, 0x0, 0x0, 0x0, 0xf,
    0xfa,

    /* U+6536 "收" */
    0x0, 0x0, 0xf5, 0x0, 0xf1, 0x0, 0x0, 0xf,
    0x50, 0xf, 0x50, 0xf, 0x10, 0x0, 0x0, 0xf5,
    0x0, 0xf5, 0x0, 0xf8, 0x77, 0x77, 0x4f, 0x50,
    0xf, 0x50, 0x1e, 0xee, 0xef, 0xe9, 0xf5, 0x0,
    0xf5, 0x5f, 0x0, 0x0, 0xf5, 0xf, 0x50, 0xf,
    0xfa, 0xf, 0x10, 0xf, 0x50, 0xf5, 0x0, 0xf9,
    0x40, 0xf1, 0x0, 0xf5, 0xf, 0x50, 0xf, 0x50,
    0xf, 0x10, 0x1e, 0x40, 0xf5, 0x0, 0xf5, 0x0,
    0xf1, 0x8f, 0x0, 0xf, 0x54, 0xef, 0x50, 0xf,
    0x18, 0xf0, 0x0, 0xfc, 0x85, 0xf5, 0x0, 0x5a,
    0x75, 0x0, 0xa, 0xa7, 0xf, 0x50, 0x5, 0xa7,
    0x50, 0x0, 0x0, 0x0, 0xf5, 0x15, 0xf1, 0x8f,
    0x55, 0x30, 0x0, 0xf, 0x55, 0xf0, 0x0, 0xf,
    0xfa,

    /* U+6539 "改" */
    0x0, 0x0, 0x0, 0x0, 0xf1, 0x0, 0x0, 0xb,
    0xbb, 0xbb, 0x30, 0xf, 0x10, 0x0, 0x0, 0x88,
    0x88, 0xf5, 0x0, 0xf8, 0x77, 0x77, 0x40, 0x0,
    0xf, 0x50, 0x1e, 0xee, 0xef, 0xe9, 0x0, 0x0,
    0xf5, 0x5f, 0x0, 0x0, 0xf5, 0x0, 0x0, 0xf,
    0xfa, 0xf, 0x10, 0xf, 0x50, 0xaa, 0xaa, 0xf8,
    0x30, 0xf1, 0x0, 0xf5, 0xf, 0xca, 0xaa, 0x30,
    0xf, 0x13, 0x5a, 0x30, 0xf5, 0x0, 0x0, 0x0,
    0xf1, 0x8f, 0x0, 0xf, 0x50, 0x0, 0x0, 0xf,
    0x18, 0xf0, 0x0, 0xf5, 0x0, 0xa3, 0x0, 0x5a,
    0x75, 0x0, 0xf, 0x51, 0x5a, 0x30, 0x5, 0xa7,
    0x50, 0x0, 0xf8, 0x8f, 0x3, 0x55, 0xf1, 0x8f,
    0x55, 0x3f, 0xfa, 0x0, 0xaf, 0xf0, 0x0, 0xf,
    0xfa,

    /* U+653E "放" */
    0xa, 0xa0, 0x0, 0x0, 0xf5, 0x0, 0x0, 0x0,
    0x37, 0xc0, 0x0, 0xf, 0x50, 0x0, 0x0, 0x77,
    0xaf, 0x77, 0x40, 0xfa, 0x77, 0x77, 0x4e, 0xff,
    0xee, 0xea, 0x1e, 0xee, 0xef, 0xe9, 0xa, 0xa0,
    0x0, 0x5f, 0x0, 0x0, 0xf5, 0x0, 0xaa, 0x0,
    0x0, 0xf, 0x50, 0xf, 0x50, 0xa, 0xea, 0xaa,
    0x70, 0xf5, 0x0, 0xf5, 0x0, 0xae, 0xaa, 0xea,
    0xf, 0x51, 0x5a, 0x30, 0xa, 0xa0, 0xa, 0xa0,
    0xf5, 0x5f, 0x0, 0x0, 0xaa, 0x0, 0xaa, 0xf,
    0x55, 0xf0, 0x0, 0xa, 0xa0, 0xa, 0xa0, 0x58,
    0x85, 0x0, 0x0, 0xaa, 0x0, 0xaa, 0x5, 0x88,
    0x50, 0x0, 0x5c, 0xa0, 0x5c, 0xc5, 0xf5, 0x5f,
    0x55, 0x3f, 0x50, 0xf, 0xff, 0xf0, 0x0, 0xf,
    0xfa,

    /* U+6545 "故" */
    0x0, 0x5f, 0x0, 0x0, 0xf5, 0x0, 0x0, 0x0,
    0x5, 0xf0, 0x0, 0xf, 0x50, 0x0, 0x0, 0x77,
    0xaf, 0x77, 0x30, 0xfa, 0x77, 0x77, 0x4e, 0xee,
    0xfe, 0xe7, 0x1e, 0xee, 0xef, 0xe9, 0x0, 0x5f,
    0x0, 0x8f, 0x0, 0x0, 0xf5, 0x0, 0x5, 0xf0,
    0x0, 0xf, 0x50, 0xf, 0x50, 0x0, 0x5f, 0x0,
    0x0, 0xf5, 0x0, 0xf5, 0x1, 0x16, 0xf1, 0x10,
    0xf, 0x50, 0x1e, 0x40, 0xff, 0xff, 0xff, 0x70,
    0xf5, 0x5f, 0x0, 0xf, 0x61, 0x11, 0xe7, 0xf,
    0x55, 0xf0, 0x0, 0xf5, 0x0, 0xe, 0x70, 0x58,
    0x85, 0x0, 0xf, 0x50, 0x0, 0xe7, 0x5, 0x88,
    0x50, 0x0, 0xf8, 0x55, 0x5e, 0xa5, 0xf5, 0x5f,
    0x55, 0x3f, 0xff, 0xff, 0xff, 0xf0, 0x0, 0xf,
    0xfa,

    /* U+6548 "效" */
    0x0, 0x0, 0xf5, 0x0, 0xe, 0x70, 0x0, 0xb,
    0xbb, 0xbf, 0xdb, 0xb0, 0xe7, 0x0, 0x0, 0x88,
    0x88, 0x88, 0x88, 0xe, 0xb7, 0x77, 0x40, 0x11,
    0x0, 0x11, 0x1, 0xce, 0xef, 0xe9, 0xa, 0xa0,
    0xa, 0xa0, 0xf1, 0x0, 0xf5, 0xf, 0x50, 0x0,
    0x5, 0xf0, 0xe7, 0xf, 0x50, 0x58, 0x70, 0x7,
    0x85, 0xe, 0x70, 0xf5, 0x0, 0xaa, 0x0, 0xaa,
    0x0, 0xe7, 0xf, 0x50, 0xa, 0xa0, 0xa, 0xa0,
    0xe, 0x70, 0xf5, 0x0, 0x5, 0xf0, 0xaa, 0x0,
    0xe7, 0xf, 0x50, 0x0, 0x15, 0xa7, 0x30, 0x4,
    0x8a, 0x51, 0x0, 0x1, 0x5a, 0x73, 0x0, 0x48,
    0xa5, 0x10, 0x55, 0x8f, 0xa, 0xc5, 0x5e, 0x70,
    0xf8, 0x3f, 0xfa, 0x0, 0x5, 0xff, 0x10, 0x0,
    0xaa,

    /* U+6559 "教" */
    0x0, 0x5f, 0x0, 0x0, 0x7, 0xa0, 0x0, 0xf,
    0xff, 0xff, 0x51, 0xf3, 0x7a, 0x0, 0x0, 0x55,
    0x8f, 0x58, 0xa5, 0x17, 0xea, 0xaa, 0x45, 0x58,
    0xf5, 0xce, 0x55, 0x7a, 0xaf, 0xb4, 0xff, 0xff,
    0xff, 0xff, 0xf8, 0x0, 0xf1, 0x0, 0x5, 0xf0,
    0x0, 0xc, 0x80, 0xf, 0x10, 0x9, 0xef, 0xee,
    0xee, 0x47, 0x90, 0xf1, 0x9, 0x76, 0x66, 0xce,
    0x61, 0x7a, 0xf, 0x10, 0xa3, 0x0, 0x5c, 0xe5,
    0x17, 0xa0, 0xf1, 0x0, 0x0, 0xf, 0xff, 0xf3,
    0x7a, 0xf, 0x10, 0xee, 0xee, 0xf6, 0x11, 0x0,
    0x5e, 0x10, 0xa, 0xaa, 0xaf, 0x50, 0x0, 0x27,
    0xa5, 0x0, 0x0, 0x15, 0xf5, 0x5, 0x5a, 0xa0,
    0xf6, 0x20, 0x5, 0xff, 0x51, 0xff, 0x80, 0x0,
    0xe7,

    /* U+6562 "敢" */
    0xa, 0xff, 0xff, 0xa0, 0xe, 0x70, 0x0, 0x0,
    0x35, 0x55, 0xca, 0x0, 0xe7, 0x0, 0x0, 0x77,
    0x77, 0x7d, 0xd7, 0xe, 0xb7, 0x77, 0x4e, 0xff,
    0xee, 0xff, 0xe1, 0xce, 0xef, 0xe9, 0xa, 0xa0,
    0xa, 0xa0, 0xf1, 0x0, 0xf5, 0x0, 0xaf, 0xff,
    0xfa, 0x0, 0xe7, 0xf, 0x50, 0xa, 0xc5, 0x5c,
    0xa0, 0xe, 0x70, 0xf5, 0x0, 0xac, 0x55, 0xca,
    0x0, 0xe7, 0xf, 0x50, 0xa, 0xff, 0xff, 0xa0,
    0xe, 0x70, 0xf5, 0x0, 0xaa, 0x0, 0xaa, 0x0,
    0xe7, 0xf, 0x50, 0xa, 0xea, 0xae, 0xea, 0x4,
    0x8a, 0x51, 0x5, 0xce, 0xaa, 0xee, 0xa0, 0x48,
    0xa5, 0x10, 0xff, 0xa0, 0xa, 0xa0, 0x5e, 0x70,
    0xf8, 0x30, 0x0, 0x0, 0xaa, 0xf, 0x10, 0x0,
    0xaa,

    /* U+6570 "数" */
    0xf5, 0x0, 0xf5, 0x5f, 0xe, 0x70, 0x0, 0x5,
    0xa8, 0xf, 0xda, 0x50, 0xe7, 0x0, 0x0, 0x7d,
    0xd7, 0xff, 0xd7, 0xe, 0xb7, 0x77, 0x4e, 0xee,
    0xff, 0xee, 0xe1, 0xce, 0xef, 0xe9, 0x0, 0x5f,
    0xf5, 0x0, 0xf1, 0x0, 0xf5, 0x0, 0xaa, 0xf,
    0xfa, 0x0, 0xe7, 0xf, 0x50, 0x88, 0x50, 0xfa,
    0x88, 0xe, 0x70, 0xf5, 0xf, 0x51, 0x5f, 0x55,
    0xf0, 0xe7, 0xf, 0x50, 0x0, 0x5f, 0x0, 0x0,
    0xe, 0x70, 0xf5, 0xf, 0xff, 0xff, 0xff, 0xf0,
    0xe7, 0xf, 0x50, 0x55, 0x8f, 0x55, 0x8f, 0x4,
    0x8a, 0x51, 0x0, 0x5, 0xf5, 0x57, 0xa0, 0x48,
    0xa5, 0x10, 0x55, 0x8f, 0xff, 0xc5, 0x5e, 0x70,
    0xf8, 0x3f, 0xfa, 0x0, 0x5, 0xff, 0x10, 0x0,
    0xaa,

    /* U+6574 "整" */
    0x0, 0x0, 0xf5, 0x0, 0xa, 0xa0, 0x0, 0xf,
    0xff, 0xff, 0xff, 0xff, 0xff, 0xff, 0xfa, 0x5c,
    0xc5, 0xf8, 0x8f, 0x5c, 0xc5, 0xf8, 0x30, 0xad,
    0x8f, 0xbb, 0xf0, 0xaa, 0xf, 0x50, 0xa, 0xff,
    0xff, 0xff, 0xa, 0xa0, 0xf5, 0x0, 0x38, 0xff,
    0xfc, 0x50, 0x37, 0xa5, 0x10, 0x7, 0x71, 0xf6,
    0x4a, 0x7, 0x71, 0xa3, 0x5, 0xcc, 0x5f, 0x88,
    0xf5, 0xcc, 0x5f, 0x83, 0xff, 0xff, 0xff, 0xff,
    0xff, 0xff, 0xff, 0xa0, 0x0, 0x0, 0x5, 0xf0,
    0x0, 0x0, 0x0, 0x0, 0x27, 0x0, 0x5f, 0x77,
    0x77, 0x72, 0x0, 0x5, 0xf0, 0x5, 0xfe, 0xee,
    0xee, 0x40, 0x55, 0x8f, 0x55, 0x8f, 0x55, 0x55,
    0x55, 0x3f, 0xff, 0xff, 0xff, 0xff, 0xff, 0xff,
    0xfa,

    /* U+6587 "文" */
    0x0, 0x0, 0xa, 0xa0, 0x0, 0x0, 0x0, 0x0,
    0x0, 0x0, 0x37, 0xc0, 0x0, 0x0, 0x0, 0x77,
    0x77, 0x77, 0xaf, 0x77, 0x77, 0x77, 0x4e, 0xee,
    0xfe, 0xee, 0xee, 0xee, 0xfe, 0xe9, 0x0, 0x5f,
    0x0, 0x0, 0x0, 0x5f, 0x0, 0x0, 0x5, 0xf0,
    0x0, 0x0, 0x5, 0xf0, 0x0, 0x0, 0x28, 0x72,
    0x0, 0x4, 0x78, 0x0, 0x0, 0x0, 0xf, 0x50,
    0x0, 0xaa, 0x0, 0x0, 0x0, 0x0, 0xf5, 0x0,
    0xa, 0xa0, 0x0, 0x0, 0x0, 0x0, 0xaa, 0xf,
    0x50, 0x0, 0x0, 0x0, 0x0, 0x3, 0x7a, 0x51,
    0x0, 0x0, 0x0, 0x0, 0x5, 0x57, 0xa5, 0x53,
    0x0, 0x0, 0x55, 0x55, 0xff, 0xa0, 0xff, 0xc5,
    0x55, 0x3f, 0xff, 0xf0, 0x0, 0x0, 0x5, 0xff,
    0xfa,

    /* U+65A5 "斥" */
    0x0, 0x0, 0x0, 0x0, 0xe, 0xff, 0xf1, 0x0,
    0x5, 0xff, 0xff, 0xff, 0x95, 0x55, 0x0, 0x0,
    0x5f, 0x55, 0x55, 0x51, 0x0, 0x0, 0x0, 0x5,
    0xf0, 0x0, 0x0, 0x0, 0x0, 0x0, 0x0, 0x5f,
    0x0, 0x0, 0x0, 0x0, 0x0, 0x0, 0x5, 0xff,
    0xff, 0xff, 0xff, 0xff, 0xfa, 0x0, 0x5f, 0x55,
    0x55, 0x5e, 0xa5, 0x55, 0x30, 0x5, 0xf0, 0x2,
    0x55, 0xe7, 0x0, 0x0, 0x0, 0x5f, 0x0, 0x8f,
    0xff, 0x70, 0x0, 0x0, 0x5, 0xf0, 0x0, 0x0,
    0xef, 0xc0, 0x0, 0x7, 0x85, 0x0, 0x0, 0xe,
    0xa4, 0xaa, 0x70, 0xaa, 0x0, 0x0, 0x0, 0xe7,
    0xa, 0xa7, 0x5c, 0xa0, 0x0, 0x0, 0xe, 0x70,
    0x0, 0xf, 0x50, 0x0, 0x0, 0x0, 0xe7, 0x0,
    0x0,

    /* U+65AD "断" */
    0xf5, 0x0, 0xc9, 0x0, 0x0, 0x0, 0xff, 0xaf,
    0xc7, 0xc, 0x91, 0xaa, 0xaa, 0xa5, 0x53, 0xfb,
    0x67, 0xec, 0x78, 0xfb, 0x88, 0x0, 0xf, 0x51,
    0xef, 0xfc, 0xf, 0x50, 0x0, 0x0, 0xf5, 0x0,
    0xc9, 0x0, 0xf5, 0x0, 0x0, 0xf, 0xff, 0xff,
    0xff, 0xff, 0xff, 0xff, 0xfa, 0xf8, 0x55, 0xdb,
    0x55, 0xf8, 0x55, 0xf8, 0x3f, 0x50, 0x5d, 0xb4,
    0xf, 0x50, 0xf, 0x50, 0xf5, 0x1f, 0xff, 0xe0,
    0xf5, 0x0, 0xf5, 0xf, 0xfa, 0xc, 0x91, 0xff,
    0x50, 0xf, 0x50, 0xf8, 0x30, 0xc9, 0x5, 0xf5,
    0x0, 0xf5, 0xf, 0x50, 0xc, 0x90, 0xf, 0x50,
    0xf, 0x50, 0xf8, 0x55, 0x55, 0x55, 0xf5, 0x0,
    0xf5, 0xf, 0xff, 0xff, 0xff, 0xf0, 0x0, 0xf,
    0x50,

    /* U+65B0 "新" */
    0x0, 0x0, 0xf5, 0x0, 0x0, 0x0, 0xff, 0xaf,
    0xff, 0xff, 0xff, 0xf0, 0xef, 0xc5, 0x53, 0x5c,
    0xc5, 0x55, 0x8f, 0xe, 0xa4, 0x0, 0x0, 0x78,
    0x50, 0x37, 0xa0, 0xe7, 0x0, 0x0, 0x0, 0x5f,
    0xa, 0xa0, 0xe, 0x70, 0x0, 0xf, 0xff, 0xff,
    0xff, 0xf0, 0xef, 0xff, 0xfa, 0x55, 0x55, 0xf8,
    0x55, 0xe, 0xa5, 0xf8, 0x35, 0x55, 0x5f, 0x85,
    0x50, 0xe7, 0xf, 0x50, 0xff, 0xff, 0xff, 0xff,
    0xe, 0x70, 0xf5, 0x0, 0x0, 0xf, 0x50, 0x0,
    0xe7, 0xf, 0x50, 0x4, 0x40, 0xf5, 0x27, 0xe,
    0x70, 0xf5, 0xa, 0xd9, 0xf, 0x54, 0xea, 0xd6,
    0xf, 0x50, 0xa3, 0x15, 0xf5, 0x0, 0xf1, 0x0,
    0xf5, 0x0, 0x5, 0xff, 0x50, 0xf, 0x10, 0xf,
    0x50,

    /* U+65CF "族" */
    0xa, 0xa0, 0x0, 0x0, 0xc9, 0x0, 0x0, 0x0,
    0x37, 0xa0, 0x0, 0xc, 0xda, 0xaa, 0xa9, 0x77,
    0xaf, 0x72, 0x7, 0x88, 0x88, 0x88, 0x7e, 0xff,
    0xee, 0x41, 0xe7, 0x20, 0x0, 0x0, 0xa, 0xa0,
    0x0, 0x0, 0xc9, 0x0, 0x0, 0x0, 0xaa, 0x0,
    0x0, 0xc, 0xfe, 0xee, 0xec, 0xa, 0xd7, 0x72,
    0x7, 0x88, 0x9f, 0xa8, 0x70, 0xaf, 0xef, 0x51,
    0xe3, 0x1, 0xf3, 0x0, 0xa, 0xa0, 0xf5, 0x0,
    0x0, 0x1f, 0x30, 0x0, 0xaa, 0xf, 0x51, 0xff,
    0xff, 0xff, 0xfe, 0xa, 0xa0, 0xf5, 0x5, 0x55,
    0x6f, 0x75, 0x40, 0xaa, 0xf, 0x50, 0x0, 0x25,
    0xa6, 0x20, 0x5c, 0xc5, 0xf5, 0x5, 0x59, 0xe0,
    0xcb, 0x4f, 0x55, 0xff, 0x51, 0xff, 0x90, 0x0,
    0x7e,

    /* U+65E0 "无" */
    0xa, 0xff, 0xff, 0xff, 0xff, 0xff, 0xf5, 0x0,
    0x35, 0x55, 0x58, 0xf5, 0x55, 0x55, 0x10, 0x0,
    0x0, 0x0, 0x5f, 0x0, 0x0, 0x0, 0x0, 0x0,
    0x0, 0x5, 0xf0, 0x0, 0x0, 0x0, 0x0, 0x0,
    0x0, 0x5f, 0x0, 0x0, 0x0, 0xf, 0xff, 0xff,
    0xff, 0xff, 0xff, 0xff, 0xfa, 0x55, 0x55, 0x5c,
    0xc5, 0xf8, 0x55, 0x55, 0x30, 0x0, 0x0, 0xaa,
    0xf, 0x50, 0x0, 0x0, 0x0, 0x0, 0xa, 0xa0,
    0xf5, 0x0, 0x0, 0x0, 0x0, 0xf, 0x50, 0xf,
    0x50, 0x0, 0x0, 0x0, 0x0, 0xf5, 0x0, 0xf5,
    0x0, 0xa, 0xa0, 0x1, 0x5a, 0x30, 0xf, 0x50,
    0x0, 0xaa, 0x55, 0x8f, 0x0, 0x0, 0xf8, 0x55,
    0x5c, 0xaf, 0xfa, 0x0, 0x0, 0xf, 0xff, 0xff,
    0xfa,

    /* U+65E5 "日" */
    0xef, 0xff, 0xff, 0xff, 0xff, 0xff, 0x1e, 0xa5,
    0x55, 0x55, 0x55, 0x57, 0xf1, 0xe7, 0x0, 0x0,
    0x0, 0x0, 0x3f, 0x1e, 0x70, 0x0, 0x0, 0x0,
    0x3, 0xf1, 0xe7, 0x0, 0x0, 0x0, 0x0, 0x3f,
    0x1e, 0x70, 0x0, 0x0, 0x0, 0x3, 0xf1, 0xeb,
    0x77, 0x77, 0x77, 0x77, 0x9f, 0x1e, 0xfe, 0xee,
    0xee, 0xee, 0xee, 0xf1, 0xe7, 0x0, 0x0, 0x0,
    0x0, 0x3f, 0x1e, 0x70, 0x0, 0x0, 0x0, 0x3,
    0xf1, 0xe7, 0x0, 0x0, 0x0, 0x0, 0x3f, 0x1e,
    0x70, 0x0, 0x0, 0x0, 0x3, 0xf1, 0xea, 0x55,
    0x55, 0x55, 0x55, 0x7f, 0x1e, 0xff, 0xff, 0xff,
    0xff, 0xff, 0xf1,

    /* U+65E7 "旧" */
    0xe7, 0x0, 0xef, 0xff, 0xff, 0xff, 0xf6, 0xe7,
    0x0, 0xe9, 0x55, 0x55, 0x55, 0xf6, 0xe7, 0x0,
    0xe6, 0x0, 0x0, 0x0, 0xe6, 0xe7, 0x0, 0xe6,
    0x0, 0x0, 0x0, 0xe6, 0xe7, 0x0, 0xe6, 0x0,
    0x0, 0x0, 0xe6, 0xe7, 0x0, 0xe6, 0x0, 0x0,
    0x0, 0xe6, 0xe7, 0x0, 0xea, 0x77, 0x77, 0x77,
    0xf6, 0xe7, 0x0, 0xee, 0xee, 0xee, 0xee, 0xf6,
    0xe7, 0x0, 0xe6, 0x0, 0x0, 0x0, 0xe6, 0xe7,
    0x0, 0xe6, 0x0, 0x0, 0x0, 0xe6, 0xe7, 0x0,
    0xe6, 0x0, 0x0, 0x0, 0xe6, 0xe7, 0x0, 0xe6,
    0x0, 0x0, 0x0, 0xe6, 0xe7, 0x0, 0xe9, 0x55,
    0x55, 0x55, 0xf6, 0xe7, 0x0, 0xef, 0xff, 0xff,
    0xff, 0xf6,

    /* U+65E9 "早" */
    0xa, 0xff, 0xff, 0xff, 0xff, 0xff, 0xf5, 0x0,
    0xac, 0x55, 0x55, 0x55, 0x55, 0x5f, 0x50, 0xa,
    0xd7, 0x77, 0x77, 0x77, 0x77, 0xf5, 0x0, 0xaf,
    0xee, 0xee, 0xee, 0xee, 0xef, 0x50, 0xa, 0xa0,
    0x0, 0x0, 0x0, 0x0, 0xf5, 0x0, 0xaf, 0xff,
    0xff, 0xff, 0xff, 0xff, 0x50, 0x3, 0x55, 0x55,
    0x8f, 0x55, 0x55, 0x51, 0x0, 0x0, 0x0, 0x5,
    0xf0, 0x0, 0x0, 0x0, 0x0, 0x0, 0x0, 0x5f,
    0x0, 0x0, 0x0, 0xf, 0xff, 0xff, 0xff, 0xff,
    0xff, 0xff, 0xfa, 0x55, 0x55, 0x55, 0x8f, 0x55,
    0x55, 0x55, 0x30, 0x0, 0x0, 0x5, 0xf0, 0x0,
    0x0, 0x0, 0x0, 0x0, 0x0, 0x5f, 0x0, 0x0,
    0x0, 0x0, 0x0, 0x0, 0x5, 0xf0, 0x0, 0x0,
    0x0,

    /* U+65F6 "时" */
    0x0, 0x0, 0x0, 0x0, 0x0, 0x0, 0xe8, 0xb,
    0xbb, 0xbb, 0x30, 0x0, 0x0, 0xe, 0x80, 0xfb,
    0x88, 0xf5, 0x7, 0x77, 0x77, 0xfb, 0x6f, 0x50,
    0xf, 0x51, 0xee, 0xee, 0xef, 0xfc, 0xf5, 0x0,
    0xf5, 0x0, 0x0, 0x0, 0xe8, 0xf, 0x50, 0xf,
    0x50, 0x0, 0x0, 0xe, 0x80, 0xfd, 0xbb, 0xf5,
    0x1b, 0x10, 0x0, 0xe8, 0xf, 0xa7, 0x7f, 0x50,
    0x78, 0x20, 0xe, 0x80, 0xf5, 0x0, 0xf5, 0x0,
    0xe5, 0x0, 0xe8, 0xf, 0x50, 0xf, 0x50, 0xe,
    0x50, 0xe, 0x80, 0xf5, 0x0, 0xf5, 0x0, 0x10,
    0x0, 0xe8, 0xf, 0x85, 0x5f, 0x50, 0x0, 0x0,
    0xe, 0x80, 0xff, 0xff, 0xf5, 0x0, 0x3, 0x55,
    0xe8, 0x0, 0x0, 0x0, 0x0, 0x0, 0xaf, 0xff,
    0x80,

    /* U+660E "明" */
    0xff, 0xff, 0xf5, 0x5f, 0xff, 0xff, 0xff, 0x7f,
    0x85, 0x5f, 0x55, 0xf5, 0x55, 0x55, 0xe7, 0xf5,
    0x0, 0xf5, 0x5f, 0x0, 0x0, 0xe, 0x7f, 0x50,
    0xf, 0x55, 0xf3, 0x33, 0x33, 0xe7, 0xf5, 0x0,
    0xf5, 0x5f, 0xff, 0xff, 0xff, 0x7f, 0xff, 0xff,
    0x55, 0xf0, 0x0, 0x0, 0xe7, 0xf8, 0x55, 0xf5,
    0x5f, 0x0, 0x0, 0xe, 0x7f, 0x50, 0xf, 0x55,
    0xf5, 0x55, 0x55, 0xe7, 0xf5, 0x0, 0xf5, 0x5f,
    0xff, 0xff, 0xff, 0x7f, 0x50, 0xf, 0x55, 0xf0,
    0x0, 0x0, 0xe7, 0xfc, 0xaa, 0xf5, 0x5f, 0x0,
    0x0, 0xe, 0x7a, 0xaa, 0xaa, 0x77, 0xa0, 0x0,
    0x0, 0xe7, 0x0, 0x0, 0x5c, 0xa0, 0x0, 0x25,
    0x5e, 0x70, 0x0, 0xf, 0x50, 0x0, 0x8, 0xff,
    0xf7,

    /* U+661F "星" */
    0xa, 0xff, 0xff, 0xff, 0xff, 0xff, 0xf5, 0x0,
    0xac, 0x55, 0x55, 0x55, 0x55, 0x5f, 0x50, 0xa,
    0xd7, 0x77, 0x77, 0x77, 0x77, 0xf5, 0x0, 0xaf,
    0xee, 0xee, 0xee, 0xee, 0xef, 0x50, 0xa, 0xa0,
    0x0, 0x0, 0x0, 0x0, 0xf5, 0x0, 0xaf, 0xff,
    0xff, 0xff, 0xff, 0xff, 0x50, 0xa, 0xc5, 0x55,
    0x8f, 0x55, 0x55, 0x51, 0x0, 0xac, 0x55, 0x58,
    0xf5, 0x55, 0x55, 0x10, 0xa, 0xff, 0xff, 0xff,
    0xff, 0xff, 0xf5, 0xf, 0x50, 0x0, 0x5, 0xf0,
    0x0, 0x0, 0x0, 0x87, 0x77, 0x77, 0xaf, 0x77,
    0x77, 0x72, 0x0, 0x9e, 0xee, 0xee, 0xfe, 0xee,
    0xee, 0x40, 0x55, 0x55, 0x55, 0x8f, 0x55, 0x55,
    0x55, 0x3f, 0xff, 0xff, 0xff, 0xff, 0xff, 0xff,
    0xfa,

    /* U+662F "是" */
    0xa, 0xff, 0xff, 0xff, 0xff, 0xff, 0xf5, 0x0,
    0xac, 0x55, 0x55, 0x55, 0x55, 0x5f, 0x50, 0xa,
    0xd7, 0x77, 0x77, 0x77, 0x77, 0xf5, 0x0, 0xaf,
    0xee, 0xee, 0xee, 0xee, 0xef, 0x50, 0xa, 0xa0,
    0x0, 0x0, 0x0, 0x0, 0xf5, 0x0, 0xaf, 0xff,
    0xff, 0xff, 0xff, 0xff, 0x50, 0x3, 0x55, 0x55,
    0x55, 0x55, 0x55, 0x51, 0x5, 0x55, 0x55, 0x55,
    0x55, 0x55, 0x55, 0x53, 0xff, 0xff, 0xff, 0xff,
    0xff, 0xff, 0xff, 0xa0, 0x5, 0xf0, 0x5, 0xf0,
    0x0, 0x0, 0x0, 0x0, 0x5f, 0x0, 0x5f, 0xaa,
    0xaa, 0xa3, 0x0, 0x37, 0xa5, 0x58, 0xfa, 0xaa,
    0xaa, 0x30, 0x5c, 0xa0, 0xff, 0xff, 0x55, 0x55,
    0x55, 0x3f, 0x50, 0x0, 0x0, 0xf, 0xff, 0xff,
    0xfa,

    /* U+663E "显" */
    0xa, 0xff, 0xff, 0xff, 0xff, 0xff, 0xf5, 0x0,
    0xac, 0x55, 0x55, 0x55, 0x55, 0x5f, 0x50, 0xa,
    0xd7, 0x77, 0x77, 0x77, 0x77, 0xf5, 0x0, 0xaf,
    0xee, 0xee, 0xee, 0xee, 0xef, 0x50, 0xa, 0xa0,
    0x0, 0x0, 0x0, 0x0, 0xf5, 0x0, 0xaf, 0xff,
    0xff, 0xff, 0xff, 0xff, 0x50, 0x3, 0x55, 0xf8,
    0x55, 0x5c, 0xc5, 0x51, 0x5, 0x10, 0xf, 0x50,
    0x0, 0xaa, 0x0, 0x33, 0xf5, 0x0, 0xf5, 0x0,
    0xa, 0xa0, 0xa, 0xa0, 0xaa, 0xf, 0x50, 0x0,
    0xaa, 0xf, 0x50, 0x5, 0x87, 0xf5, 0x0, 0xa,
    0xd7, 0x83, 0x0, 0x4, 0xef, 0x50, 0x0, 0xaf,
    0xe0, 0x0, 0x55, 0x55, 0xf8, 0x55, 0x5c, 0xc5,
    0x55, 0x3f, 0xff, 0xff, 0xff, 0xff, 0xff, 0xff,
    0xfa,

    /* U+665A "晚" */
    0x0, 0x0, 0x0, 0x5f, 0x0, 0x0, 0x0, 0xf,
    0xff, 0xf0, 0x5, 0xff, 0xff, 0xc0, 0x0, 0xf8,
    0x8f, 0x7, 0x85, 0x55, 0xbc, 0x0, 0xf, 0x55,
    0xf5, 0xcc, 0x55, 0x5b, 0xd5, 0x52, 0xf5, 0x5f,
    0xff, 0xff, 0xff, 0xff, 0xff, 0x7f, 0x55, 0xf0,
    0xaa, 0x0, 0xe7, 0x0, 0xe7, 0xfc, 0xcf, 0xa,
    0xa0, 0xe, 0x70, 0xe, 0x7f, 0xcc, 0xf0, 0xac,
    0x55, 0xea, 0x55, 0xe7, 0xf5, 0x5f, 0xa, 0xff,
    0xff, 0xff, 0xff, 0x7f, 0x55, 0xf0, 0x0, 0xf,
    0x18, 0xc0, 0x0, 0xf5, 0x5f, 0x0, 0x0, 0xf1,
    0x8c, 0xe, 0x7f, 0x88, 0xf0, 0x1, 0x5a, 0x18,
    0xc0, 0xe7, 0xff, 0xff, 0x55, 0x8f, 0x0, 0x8d,
    0x5e, 0x70, 0x0, 0xf, 0xfa, 0x0, 0x8, 0xff,
    0xf7,

    /* U+666F "景" */
    0xa, 0xff, 0xff, 0xff, 0xff, 0xff, 0xf5, 0x0,
    0xac, 0x55, 0x55, 0x55, 0x55, 0x5f, 0x50, 0xa,
    0xd7, 0x77, 0x77, 0x77, 0x77, 0xf5, 0x0, 0xaf,
    0xee, 0xee, 0xee, 0xee, 0xef, 0x50, 0xa, 0xa0,
    0x0, 0x0, 0x0, 0x0, 0xf5, 0x0, 0xaf, 0xff,
    0xff, 0xff, 0xff, 0xff, 0x50, 0x3, 0x55, 0x55,
    0x8f, 0x55, 0x55, 0x51, 0x5, 0x55, 0x55, 0x58,
    0xf5, 0x55, 0x55, 0x53, 0xff, 0xff, 0xff, 0xff,
    0xff, 0xff, 0xff, 0xa0, 0xaa, 0x0, 0x0, 0x0,
    0x0, 0xf, 0x50, 0xa, 0xd7, 0x77, 0x77, 0x77,
    0x77, 0xf5, 0x0, 0x9e, 0xfe, 0xee, 0xfe, 0xee,
    0xfe, 0x40, 0x55, 0x8f, 0x3, 0x8f, 0x0, 0x5f,
    0x55, 0x3f, 0xfb, 0x30, 0xaf, 0xf0, 0x1, 0x3f,
    0xfa,

    /* U+6682 "暂" */
    0x0, 0x5f, 0x0, 0x0, 0x0, 0x0, 0xff, 0xaf,
    0xff, 0xff, 0xfa, 0xf, 0xff, 0xf5, 0x53, 0x5c,
    0xc5, 0x55, 0x30, 0xf8, 0x55, 0x0, 0x5, 0x88,
    0x50, 0x0, 0xf, 0x85, 0x55, 0x53, 0xf5, 0x5f,
    0x0, 0x0, 0xff, 0xff, 0xff, 0xaf, 0xff, 0xff,
    0xfa, 0xf, 0x50, 0xf, 0x50, 0x55, 0x8f, 0x55,
    0x7a, 0x51, 0x0, 0xf5, 0x0, 0x38, 0xf5, 0x58,
    0xf5, 0x55, 0x5f, 0x50, 0xa, 0xff, 0xff, 0xff,
    0xff, 0xff, 0xf5, 0x0, 0xaa, 0x0, 0x0, 0x0,
    0x0, 0xf, 0x50, 0xa, 0xd7, 0x77, 0x77, 0x77,
    0x77, 0xf5, 0x0, 0xaf, 0xee, 0xee, 0xee, 0xee,
    0xef, 0x50, 0xa, 0xc5, 0x55, 0x55, 0x55, 0x55,
    0xf5, 0x0, 0xaf, 0xff, 0xff, 0xff, 0xff, 0xff,
    0x50,

    /* U+6696 "暖" */
    0x0, 0x0, 0x0, 0x0, 0x0, 0x8f, 0xff, 0x7f,
    0xff, 0xf0, 0xef, 0xff, 0xfa, 0x55, 0xe7, 0xf8,
    0x8f, 0x4, 0xbd, 0x5e, 0x72, 0xa5, 0x2f, 0x55,
    0xf0, 0x4b, 0xd5, 0xea, 0x7f, 0x62, 0xf5, 0x5f,
    0xe, 0xff, 0xff, 0xff, 0xff, 0x7f, 0x55, 0xf0,
    0x0, 0x3f, 0x10, 0x0, 0x0, 0xfa, 0xaf, 0x6,
    0x79, 0xf8, 0x77, 0x77, 0x3f, 0xee, 0xf0, 0xcf,
    0xfe, 0xee, 0xee, 0xe6, 0xf5, 0x5f, 0x0, 0x9c,
    0x0, 0x0, 0x0, 0xf, 0x55, 0xf0, 0x9, 0xff,
    0xff, 0xff, 0x20, 0xf5, 0x5f, 0x9, 0x77, 0xf6,
    0x57, 0xf2, 0xf, 0x88, 0xf5, 0xb4, 0x2a, 0x55,
    0x6a, 0x10, 0xff, 0xff, 0xf9, 0x55, 0x5e, 0xfd,
    0x55, 0x20, 0x0, 0x0, 0xef, 0xff, 0x10, 0x3f,
    0xf7,

    /* U+66F2 "曲" */
    0x0, 0x0, 0xf5, 0x0, 0xe, 0x70, 0x0, 0x0,
    0x0, 0xf, 0x50, 0x0, 0xe7, 0x0, 0x0, 0x77,
    0x77, 0xfa, 0x77, 0x7f, 0xb7, 0x77, 0x3f, 0xee,
    0xef, 0xee, 0xee, 0xff, 0xee, 0xf7, 0xf5, 0x0,
    0xf5, 0x0, 0xe, 0x70, 0xe, 0x7f, 0x50, 0xf,
    0x50, 0x0, 0xe7, 0x0, 0xe7, 0xf5, 0x0, 0xf5,
    0x0, 0xe, 0x70, 0xe, 0x7f, 0x85, 0x5f, 0x85,
    0x55, 0xea, 0x55, 0xe7, 0xff, 0xff, 0xff, 0xff,
    0xff, 0xff, 0xff, 0x7f, 0x50, 0xf, 0x50, 0x0,
    0xe7, 0x0, 0xe7, 0xf5, 0x0, 0xf5, 0x0, 0xe,
    0x70, 0xe, 0x7f, 0x50, 0xf, 0x50, 0x0, 0xe7,
    0x0, 0xe7, 0xf8, 0x55, 0xf8, 0x55, 0x5e, 0xa5,
    0x5e, 0x7f, 0xff, 0xff, 0xff, 0xff, 0xff, 0xff,
    0xf7,

    /* U+66F4 "更" */
    0xff, 0xff, 0xff, 0xff, 0xff, 0xff, 0xff, 0xa5,
    0x55, 0x55, 0x58, 0xf5, 0x55, 0x55, 0x53, 0x4,
    0x77, 0x77, 0xaf, 0x77, 0x77, 0x72, 0x0, 0xaf,
    0xee, 0xee, 0xfe, 0xee, 0xef, 0x50, 0xa, 0xa0,
    0x0, 0x5f, 0x0, 0x0, 0xf5, 0x0, 0xaf, 0xff,
    0xff, 0xff, 0xff, 0xff, 0x50, 0xa, 0xc5, 0x55,
    0x8f, 0x55, 0x55, 0xf5, 0x0, 0xac, 0x55, 0x58,
    0xf5, 0x55, 0x5f, 0x50, 0xa, 0xff, 0xff, 0xff,
    0xff, 0xff, 0xf5, 0x0, 0xaa, 0x0, 0x5, 0xf0,
    0x0, 0x0, 0x0, 0x5, 0x87, 0x0, 0x5f, 0x0,
    0x0, 0x0, 0x0, 0x3, 0xa5, 0x57, 0xa0, 0x0,
    0x0, 0x0, 0x55, 0x55, 0xff, 0xc5, 0x55, 0x55,
    0x55, 0x3f, 0xff, 0xf0, 0x5, 0xff, 0xff, 0xff,
    0xfa,

    /* U+66FF "替" */
    0x0, 0x5f, 0x0, 0x0, 0x0, 0x5f, 0x0, 0xf,
    0xff, 0xff, 0xfa, 0xf, 0xff, 0xff, 0xfa, 0x55,
    0x8f, 0x55, 0x30, 0x55, 0x8f, 0x55, 0x35, 0x58,
    0xf5, 0x53, 0x5, 0x58, 0xf5, 0x53, 0xff, 0xff,
    0xff, 0xa0, 0xff, 0xff, 0xff, 0xa0, 0xac, 0x5f,
    0x50, 0x0, 0xac, 0x5f, 0x50, 0xa7, 0x30, 0x58,
    0x70, 0xa7, 0x30, 0x58, 0x7a, 0x75, 0x55, 0xcc,
    0x5f, 0x85, 0x55, 0x87, 0xa, 0xff, 0xff, 0xff,
    0xff, 0xff, 0xf5, 0x0, 0xaa, 0x0, 0x0, 0x0,
    0x0, 0xf, 0x50, 0xa, 0xd7, 0x77, 0x77, 0x77,
    0x77, 0xf5, 0x0, 0xaf, 0xee, 0xee, 0xee, 0xee,
    0xef, 0x50, 0xa, 0xc5, 0x55, 0x55, 0x55, 0x55,
    0xf5, 0x0, 0xaf, 0xff, 0xff, 0xff, 0xff, 0xff,
    0x50,

    /* U+6700 "最" */
    0xa, 0xff, 0xff, 0xff, 0xff, 0xff, 0xf5, 0x0,
    0xac, 0x55, 0x55, 0x55, 0x55, 0x5f, 0x50, 0xa,
    0xd7, 0x77, 0x77, 0x77, 0x77, 0xf5, 0x0, 0xaf,
    0xee, 0xee, 0xee, 0xee, 0xef, 0x50, 0xa, 0xa0,
    0x0, 0x0, 0x0, 0x0, 0xf5, 0xf, 0xff, 0xff,
    0xff, 0xff, 0xff, 0xff, 0xfa, 0x5c, 0xc5, 0x5c,
    0xc5, 0x55, 0x55, 0x55, 0x30, 0xac, 0x55, 0xca,
    0x5, 0x55, 0x55, 0x53, 0xa, 0xff, 0xff, 0xa0,
    0xff, 0xff, 0xff, 0xa0, 0xaa, 0x0, 0xaa, 0xf,
    0x50, 0x0, 0xaa, 0xa, 0xa0, 0xae, 0xea, 0x58,
    0x70, 0xa7, 0x35, 0xcc, 0x5a, 0xee, 0xa0, 0x78,
    0x5a, 0x30, 0xff, 0xff, 0xa, 0xa0, 0x55, 0x8f,
    0x55, 0x30, 0x0, 0x0, 0xaa, 0xf, 0xfa, 0xf,
    0xfa,

    /* U+6708 "月" */
    0x0, 0x5f, 0xff, 0xff, 0xff, 0xff, 0xf5, 0x0,
    0x5f, 0x55, 0x55, 0x55, 0x55, 0xf5, 0x0, 0x5f,
    0x0, 0x0, 0x0, 0x0, 0xf5, 0x0, 0x5f, 0x55,
    0x55, 0x55, 0x55, 0xf5, 0x0, 0x5f, 0xff, 0xff,
    0xff, 0xff, 0xf5, 0x0, 0x5f, 0x0, 0x0, 0x0,
    0x0, 0xf5, 0x0, 0x5f, 0x0, 0x0, 0x0, 0x0,
    0xf5, 0x0, 0x5f, 0x55, 0x55, 0x55, 0x55, 0xf5,
    0x0, 0x5f, 0xff, 0xff, 0xff, 0xff, 0xf5, 0x0,
    0x5f, 0x0, 0x0, 0x0, 0x0, 0xf5, 0x7, 0xaa,
    0x0, 0x0, 0x0, 0x0, 0xf5, 0xa, 0xa0, 0x0,
    0x0, 0x0, 0x0, 0xf5, 0x5c, 0xa0, 0x0, 0x0,
    0x3, 0x55, 0xf5, 0xf5, 0x0, 0x0, 0x0, 0xa,
    0xff, 0xf5,

    /* U+6709 "有" */
    0x0, 0x0, 0xa, 0xa0, 0x0, 0x0, 0x0, 0xf,
    0xff, 0xff, 0xff, 0xff, 0xff, 0xff, 0xfa, 0x55,
    0x55, 0xf8, 0x55, 0x55, 0x55, 0x55, 0x30, 0x3,
    0xaa, 0x30, 0x0, 0x0, 0x0, 0x0, 0x0, 0x5f,
    0x0, 0x0, 0x0, 0x0, 0x0, 0x0, 0x5, 0xff,
    0xff, 0xff, 0xff, 0xff, 0x50, 0x7, 0xcf, 0x55,
    0x55, 0x55, 0x55, 0xf5, 0x5, 0x8c, 0xf5, 0x55,
    0x55, 0x55, 0x5f, 0x50, 0xf5, 0x5f, 0xff, 0xff,
    0xff, 0xff, 0xf5, 0x0, 0x5, 0xf0, 0x0, 0x0,
    0x0, 0xf, 0x50, 0x0, 0x5f, 0x77, 0x77, 0x77,
    0x77, 0xf5, 0x0, 0x5, 0xfe, 0xee, 0xee, 0xee,
    0xef, 0x50, 0x0, 0x5f, 0x0, 0x0, 0x3, 0x55,
    0xf5, 0x0, 0x5, 0xf0, 0x0, 0x0, 0xaf, 0xff,
    0x50,

    /* U+671F "期" */
    0xa, 0xa0, 0xa, 0xa0, 0xe, 0xff, 0xff, 0x7f,
    0xff, 0xff, 0xff, 0xf0, 0xea, 0x55, 0xe7, 0x5c,
    0xc5, 0x5c, 0xc5, 0xe, 0x70, 0xe, 0x70, 0xac,
    0x55, 0xca, 0x0, 0xea, 0x55, 0xe7, 0xa, 0xff,
    0xff, 0xa0, 0xe, 0xff, 0xff, 0x70, 0xaa, 0x0,
    0xaa, 0x0, 0xe7, 0x0, 0xe7, 0xa, 0xd7, 0x7d,
    0xa0, 0xe, 0x70, 0xe, 0x70, 0xaf, 0xee, 0xfa,
    0x0, 0xe8, 0x11, 0xe7, 0xa, 0xa0, 0xa, 0xa0,
    0xe, 0xff, 0xff, 0x7f, 0xff, 0xff, 0xff, 0xf0,
    0xe7, 0x0, 0xe7, 0x55, 0x55, 0x55, 0x55, 0xe,
    0x70, 0xe, 0x70, 0x33, 0x0, 0x33, 0x5, 0xe7,
    0x0, 0xe7, 0x5c, 0xa0, 0xa, 0xc5, 0xf1, 0x1,
    0x5e, 0x7f, 0x50, 0x0, 0x5, 0xf0, 0x0, 0x3f,
    0xf7,

    /* U+672A "未" */
    0x0, 0x0, 0x0, 0x5f, 0x0, 0x0, 0x0, 0x0,
    0x0, 0x0, 0x5, 0xf0, 0x0, 0x0, 0x0, 0x4,
    0x77, 0x77, 0xaf, 0x77, 0x77, 0x72, 0x0, 0x9e,
    0xee, 0xee, 0xfe, 0xee, 0xee, 0x40, 0x0, 0x0,
    0x0, 0x5f, 0x0, 0x0, 0x0, 0x0, 0x0, 0x0,
    0x5, 0xf0, 0x0, 0x0, 0x0, 0x77, 0x77, 0x77,
    0xaf, 0x77, 0x77, 0x77, 0x4e, 0xee, 0xef, 0xee,
    0xfe, 0xff, 0xee, 0xe9, 0x0, 0x0, 0xf5, 0x5f,
    0xa, 0xa0, 0x0, 0x0, 0x0, 0xf, 0x55, 0xf0,
    0xaa, 0x0, 0x0, 0x0, 0x27, 0x82, 0x5f, 0x5,
    0x87, 0x0, 0x5, 0x57, 0xa0, 0x5, 0xf0, 0x3,
    0xa5, 0x53, 0xff, 0xa0, 0x0, 0x5f, 0x0, 0x0,
    0xff, 0xa0, 0x0, 0x0, 0x5, 0xf0, 0x0, 0x0,
    0x0,

    /* U+672C "本" */
    0x0, 0x0, 0x0, 0x5f, 0x0, 0x0, 0x0, 0x0,
    0x0, 0x0, 0x5, 0xf0, 0x0, 0x0, 0x0, 0x77,
    0x77, 0x77, 0xaf, 0x77, 0x77, 0x77, 0x4e, 0xee,
    0xef, 0xee, 0xfe, 0xff, 0xee, 0xe9, 0x0, 0x0,
    0xf5, 0x5f, 0xa, 0xa0, 0x0, 0x0, 0x0, 0xf,
    0x55, 0xf0, 0xaa, 0x0, 0x0, 0x0, 0x0, 0xf5,
    0x5f, 0xa, 0xa0, 0x0, 0x0, 0x2, 0x8e, 0x45,
    0xf0, 0x9c, 0x80, 0x0, 0x0, 0x5f, 0x0, 0x5f,
    0x0, 0x5f, 0x0, 0x0, 0x5, 0xf0, 0x5, 0xf0,
    0x5, 0xf0, 0x0, 0x9, 0xa1, 0xee, 0xef, 0xee,
    0xa1, 0xe4, 0x5, 0x87, 0xa, 0xac, 0xfa, 0xa7,
    0xa, 0x73, 0xf5, 0x0, 0x0, 0x5f, 0x0, 0x0,
    0xa, 0xa0, 0x0, 0x0, 0x5, 0xf0, 0x0, 0x0,
    0x0,

    /* U+673A "机" */
    0x0, 0x5f, 0x0, 0x5f, 0xff, 0xff, 0x0, 0x0,
    0x5, 0xf0, 0x5, 0xf5, 0x58, 0xf0, 0x0, 0x77,
    0xaf, 0x72, 0x5f, 0x0, 0x5f, 0x0, 0xe, 0xee,
    0xfe, 0x45, 0xf0, 0x5, 0xf0, 0x0, 0x0, 0x5f,
    0x0, 0x5f, 0x0, 0x5f, 0x0, 0x0, 0x5, 0xf0,
    0x5, 0xf0, 0x5, 0xf0, 0x0, 0x6, 0xbf, 0x0,
    0x5f, 0x0, 0x5f, 0x0, 0x0, 0xaf, 0xf4, 0x15,
    0xf0, 0x5, 0xf0, 0x0, 0xa, 0xff, 0xf5, 0x5f,
    0x0, 0x5f, 0x0, 0xf, 0x55, 0xf0, 0x5, 0xf0,
    0x5, 0xf0, 0x0, 0x51, 0x5f, 0x0, 0x5f, 0x0,
    0x5f, 0xe, 0x70, 0x5, 0xf0, 0x5, 0xf0, 0x5,
    0xf0, 0xe7, 0x0, 0x5f, 0x3, 0x8f, 0x0, 0x5f,
    0x5e, 0x70, 0x5, 0xf0, 0xac, 0x50, 0x5, 0xff,
    0xf7,

    /* U+675F "束" */
    0x0, 0x0, 0x0, 0x5f, 0x0, 0x0, 0x0, 0xf,
    0xff, 0xff, 0xff, 0xff, 0xff, 0xff, 0xfa, 0x55,
    0x55, 0x55, 0x8f, 0x55, 0x55, 0x55, 0x30, 0x35,
    0x55, 0x58, 0xf5, 0x55, 0x55, 0x10, 0xa, 0xff,
    0xff, 0xff, 0xff, 0xff, 0xf5, 0x0, 0xaa, 0x0,
    0x5, 0xf0, 0x0, 0xf, 0x50, 0xa, 0xa0, 0x0,
    0x5f, 0x0, 0x0, 0xf5, 0x0, 0xac, 0x55, 0x58,
    0xf5, 0x55, 0x5f, 0x50, 0xa, 0xff, 0xff, 0xff,
    0xff, 0xff, 0xf5, 0x0, 0x0, 0xf, 0x55, 0xf0,
    0xaa, 0x0, 0x0, 0x0, 0x3a, 0x51, 0x5f, 0x3,
    0x7a, 0x0, 0x5, 0x57, 0xa0, 0x5, 0xf0, 0x3,
    0xa5, 0x53, 0xff, 0xa0, 0x0, 0x5f, 0x0, 0x0,
    0xff, 0xa0, 0x0, 0x0, 0x5, 0xf0, 0x0, 0x0,
    0x0,

    /* U+6761 "条" */
    0x0, 0x0, 0xf5, 0x0, 0x0, 0x0, 0x0, 0x0,
    0x0, 0xf, 0xff, 0xff, 0xff, 0xc0, 0x0, 0x0,
    0x3a, 0x55, 0x55, 0x55, 0xbc, 0x0, 0x5, 0x57,
    0xa5, 0x10, 0x0, 0x48, 0x80, 0x0, 0xff, 0xa0,
    0xf5, 0x0, 0xe, 0x70, 0x0, 0x0, 0x0, 0x0,
    0xaf, 0xff, 0x10, 0x0, 0x0, 0x77, 0x77, 0x78,
    0x88, 0x87, 0x77, 0x77, 0x3e, 0xee, 0xee, 0x44,
    0x80, 0xce, 0xee, 0xe6, 0x0, 0x0, 0x0, 0x6d,
    0x0, 0x0, 0x0, 0x0, 0xaf, 0xff, 0xff, 0xff,
    0xff, 0xff, 0x10, 0x3, 0x55, 0x55, 0x9e, 0x55,
    0x55, 0x50, 0x0, 0x1, 0x50, 0x6, 0xd0, 0x2,
    0x40, 0x0, 0x55, 0x8f, 0x3, 0x9d, 0x0, 0x8d,
    0x55, 0x2f, 0xfa, 0x0, 0xaf, 0xd0, 0x0, 0x3f,
    0xf7,

    /* U+6765 "来" */
    0x0, 0x0, 0x0, 0x5f, 0x0, 0x0, 0x0, 0x0,
    0xaf, 0xff, 0xff, 0xff, 0xff, 0xff, 0x50, 0x3,
    0x55, 0x55, 0x8f, 0x55, 0x55, 0x51, 0x0, 0x1,
    0x50, 0x5, 0xf0, 0x1, 0x50, 0x0, 0x0, 0x5f,
    0x0, 0x5f, 0x0, 0x5f, 0x0, 0x0, 0x0, 0xc,
    0x45, 0xf0, 0x88, 0x0, 0x0, 0x77, 0x77, 0xfa,
    0xaf, 0x7d, 0xd7, 0x77, 0x4e, 0xee, 0xee, 0xff,
    0xff, 0xee, 0xee, 0xe9, 0x0, 0x0, 0xa, 0xff,
    0xf5, 0x0, 0x0, 0x0, 0x0, 0xf, 0x77, 0xf3,
    0xba, 0x0, 0x0, 0x0, 0x3a, 0x51, 0x5f, 0x3,
    0x7a, 0x0, 0x5, 0x57, 0xa0, 0x5, 0xf0, 0x3,
    0xa5, 0x53, 0xff, 0xa0, 0x0, 0x5f, 0x0, 0x0,
    0xff, 0xa0, 0x0, 0x0, 0x5, 0xf0, 0x0, 0x0,
    0x0,

    /* U+677E "松" */
    0x0, 0x5f, 0x0, 0x0, 0xf5, 0x5f, 0x0, 0x0,
    0x5, 0xf0, 0x0, 0xf, 0x55, 0xf0, 0x0, 0x55,
    0x9f, 0x51, 0x15, 0xa3, 0x3a, 0x50, 0xd, 0xde,
    0xfd, 0x45, 0xf0, 0x0, 0xf, 0x10, 0x0, 0x5f,
    0x0, 0x5f, 0x0, 0x0, 0xf1, 0x0, 0x5, 0xf0,
    0xaa, 0x0, 0x0, 0x0, 0xe7, 0x7, 0xcf, 0x3,
    0x30, 0xa3, 0x0, 0x4, 0x20, 0xaf, 0xf5, 0x10,
    0xf, 0x50, 0x0, 0x0, 0xa, 0xff, 0xf5, 0x0,
    0xf5, 0x0, 0x0, 0xf, 0x55, 0xf0, 0x5, 0xf0,
    0x0, 0xf, 0x10, 0x51, 0x5f, 0x0, 0x5f, 0x0,
    0x0, 0xf1, 0x0, 0x5, 0xf0, 0x7a, 0xa0, 0x7a,
    0xaa, 0xa4, 0x0, 0x5f, 0xa, 0xc5, 0x58, 0xaa,
    0xe, 0x70, 0x5, 0xf0, 0xaf, 0xff, 0x50, 0x0,
    0xe7,

    /* U+677F "板" */
    0x0, 0x5f, 0x0, 0x0, 0x0, 0x0, 0xff, 0xa0,
    0x5, 0xf0, 0x3, 0xaa, 0xaa, 0xa5, 0x53, 0x77,
    0xaf, 0x72, 0x5f, 0x88, 0x88, 0x0, 0xe, 0xee,
    0xfe, 0x45, 0xf0, 0x0, 0x0, 0x0, 0x0, 0x5f,
    0x0, 0x5f, 0x0, 0x0, 0x0, 0x0, 0x5, 0xf0,
    0x5, 0xff, 0xff, 0xff, 0xfa, 0x7, 0xcf, 0x0,
    0x5f, 0x55, 0x55, 0x5c, 0xa0, 0xaf, 0xf5, 0x15,
    0xf5, 0x0, 0x0, 0xaa, 0xa, 0xff, 0xf5, 0x5f,
    0xf1, 0x0, 0xa, 0xaf, 0x55, 0xf0, 0x5, 0xf0,
    0xe7, 0xf, 0x50, 0x51, 0x5f, 0x0, 0x5f, 0x4,
    0x8a, 0x51, 0x0, 0x5, 0xf0, 0x5, 0xf0, 0x48,
    0xa5, 0x10, 0x0, 0x5f, 0x3, 0x8f, 0x5e, 0x70,
    0xf8, 0x30, 0x5, 0xf0, 0xaa, 0xf, 0x10, 0x0,
    0xaa,

    /* U+6790 "析" */
    0x0, 0x5f, 0x0, 0x0, 0x0, 0x5f, 0xf5, 0x0,
    0x5, 0xf0, 0x3, 0xaa, 0xa8, 0x55, 0x10, 0x77,
    0xaf, 0x72, 0x5f, 0x88, 0x50, 0x0, 0xe, 0xee,
    0xfe, 0x45, 0xf0, 0x0, 0x0, 0x0, 0x0, 0x5f,
    0x0, 0x5f, 0x0, 0x0, 0x0, 0x0, 0x5, 0xf0,
    0x5, 0xff, 0xff, 0xff, 0xfa, 0x7, 0xcf, 0x0,
    0x5f, 0x55, 0x8f, 0x55, 0x30, 0xaf, 0xf5, 0x15,
    0xf0, 0x5, 0xf0, 0x0, 0xa, 0xff, 0xf5, 0x5f,
    0x0, 0x5f, 0x0, 0xf, 0x55, 0xf0, 0x5, 0xf0,
    0x5, 0xf0, 0x0, 0x51, 0x5f, 0x0, 0x5f, 0x0,
    0x5f, 0x0, 0x0, 0x5, 0xf0, 0x5, 0xf0, 0x5,
    0xf0, 0x0, 0x0, 0x5f, 0x3, 0x8f, 0x0, 0x5f,
    0x0, 0x0, 0x5, 0xf0, 0xaa, 0x0, 0x5, 0xf0,
    0x0,

    /* U+6797 "林" */
    0x0, 0x5f, 0x0, 0x0, 0xa, 0xa0, 0x0, 0x0,
    0x5, 0xf0, 0x0, 0x0, 0xaa, 0x0, 0x0, 0x77,
    0xaf, 0x77, 0x77, 0x7d, 0xd7, 0x77, 0x4e, 0xee,
    0xfe, 0xee, 0xee, 0xff, 0xee, 0xe9, 0x0, 0x5f,
    0x0, 0x0, 0xa, 0xa0, 0x0, 0x0, 0x5, 0xf0,
    0x0, 0x0, 0xaa, 0x0, 0x0, 0x6, 0xbf, 0x0,
    0x0, 0x9d, 0xd9, 0x0, 0x0, 0xaf, 0xf4, 0x11,
    0x4b, 0xee, 0xb4, 0x10, 0xa, 0xff, 0xf5, 0x5f,
    0xa, 0xa0, 0xf5, 0xf, 0x55, 0xf0, 0xaa, 0x0,
    0xaa, 0x0, 0xaa, 0x51, 0x5f, 0x3, 0x30, 0xa,
    0xa0, 0x3, 0x30, 0x5, 0xf0, 0x0, 0x0, 0xaa,
    0x0, 0x0, 0x0, 0x5f, 0x0, 0x0, 0xa, 0xa0,
    0x0, 0x0, 0x5, 0xf0, 0x0, 0x0, 0xaa, 0x0,
    0x0,

    /* U+67C4 "柄" */
    0x0, 0x5f, 0xa, 0xff, 0xff, 0xff, 0xff, 0x70,
    0x5, 0xf0, 0x35, 0x55, 0xcc, 0x55, 0x52, 0x88,
    0xaf, 0x82, 0x0, 0xa, 0xa0, 0x0, 0xa, 0xac,
    0xfa, 0x75, 0x55, 0xcc, 0x55, 0x52, 0x0, 0x5f,
    0xa, 0xff, 0xff, 0xff, 0xff, 0x70, 0x5, 0xf0,
    0xaa, 0x0, 0xaa, 0x0, 0xe7, 0x5, 0xaf, 0xa,
    0xa0, 0xa, 0xa0, 0xe, 0x70, 0xaf, 0xf0, 0xaa,
    0x0, 0xaa, 0x0, 0xe7, 0xa, 0xff, 0xff, 0xa0,
    0xf5, 0x5f, 0xe, 0x7f, 0x55, 0xf0, 0xaf, 0xf0,
    0x0, 0x3f, 0xf7, 0x51, 0x5f, 0xa, 0xc5, 0x0,
    0x1, 0x5e, 0x70, 0x5, 0xf0, 0xaa, 0x0, 0x0,
    0x0, 0xe7, 0x0, 0x5f, 0xa, 0xa0, 0x0, 0x1,
    0x5e, 0x70, 0x5, 0xf0, 0xaa, 0x0, 0x0, 0x3f,
    0xf7,

    /* U+67E5 "查" */
    0x0, 0x0, 0x0, 0x5f, 0x0, 0x0, 0x0, 0xf,
    0xff, 0xff, 0xff, 0xff, 0xff, 0xff, 0xfa, 0x55,
    0x55, 0xf8, 0x8f, 0x5c, 0xc5, 0x55, 0x30, 0x0,
    0x1a, 0x35, 0xf0, 0x77, 0x10, 0x0, 0x0, 0x5f,
    0x0, 0x5f, 0x0, 0x5f, 0x0, 0xf, 0xff, 0xff,
    0xff, 0xff, 0xff, 0xff, 0xfa, 0x55, 0x8f, 0x55,
    0x55, 0x55, 0x8f, 0x55, 0x30, 0x5, 0xf5, 0x55,
    0x55, 0x58, 0xf0, 0x0, 0x0, 0x5f, 0xff, 0xff,
    0xff, 0xff, 0x0, 0x0, 0x5, 0xf0, 0x0, 0x0,
    0x5, 0xf0, 0x0, 0x0, 0x5f, 0x77, 0x77, 0x77,
    0xaf, 0x0, 0x0, 0x4, 0xee, 0xee, 0xee, 0xee,
    0xe0, 0x0, 0x55, 0x55, 0x55, 0x55, 0x55, 0x55,
    0x55, 0x3f, 0xff, 0xff, 0xff, 0xff, 0xff, 0xff,
    0xfa,

    /* U+67F1 "柱" */
    0x0, 0x5f, 0x0, 0x0, 0xcb, 0x40, 0x0, 0x0,
    0x5, 0xf0, 0x0, 0x4, 0xae, 0x0, 0x0, 0x77,
    0xaf, 0x72, 0x7, 0x7b, 0xf7, 0x77, 0x6e, 0xee,
    0xfe, 0x41, 0xee, 0xff, 0xee, 0xec, 0x0, 0x5f,
    0x0, 0x0, 0x7, 0xe0, 0x0, 0x0, 0x5, 0xf0,
    0x0, 0x0, 0x7e, 0x0, 0x0, 0x6, 0xbf, 0x0,
    0x0, 0x7, 0xe0, 0x0, 0x0, 0xaf, 0xf4, 0x10,
    0x44, 0x9e, 0x44, 0x20, 0xa, 0xff, 0xf5, 0x1f,
    0xff, 0xff, 0xf8, 0xf, 0x55, 0xf0, 0x0, 0x0,
    0x7e, 0x0, 0x0, 0x51, 0x5f, 0x0, 0x0, 0x7,
    0xe0, 0x0, 0x0, 0x5, 0xf0, 0x0, 0x0, 0x7e,
    0x0, 0x0, 0x0, 0x5f, 0x3, 0x55, 0x5a, 0xe5,
    0x55, 0x40, 0x5, 0xf0, 0xaf, 0xff, 0xff, 0xff,
    0xfe,

    /* U+6807 "标" */
    0x0, 0x5f, 0x0, 0x1f, 0xff, 0xff, 0xf8, 0x0,
    0x5, 0xf0, 0x0, 0x55, 0x55, 0x55, 0x20, 0x88,
    0xaf, 0x82, 0x0, 0x0, 0x0, 0x0, 0xa, 0xac,
    0xfa, 0x75, 0x55, 0x55, 0x55, 0x54, 0x0, 0x5f,
    0xa, 0xff, 0xff, 0xff, 0xff, 0xe0, 0x5, 0xf0,
    0x0, 0x0, 0x9c, 0x0, 0x0, 0x7, 0xcf, 0x0,
    0x0, 0x9, 0xc0, 0x0, 0x0, 0xaf, 0xf5, 0x10,
    0x50, 0x9c, 0x4, 0x20, 0xa, 0xff, 0xf5, 0x1f,
    0x9, 0xc0, 0xd8, 0xf, 0x55, 0xf0, 0x1, 0xf0,
    0x9c, 0x0, 0x7e, 0x51, 0x5f, 0x0, 0x1f, 0x9,
    0xc0, 0x7, 0xe0, 0x5, 0xf0, 0x35, 0xa0, 0x9c,
    0x0, 0x7e, 0x0, 0x5f, 0xa, 0xe0, 0x5b, 0xc0,
    0x7, 0xe0, 0x5, 0xf0, 0x0, 0xf, 0xfc, 0x0,
    0x0,

    /* U+680F "栏" */
    0x0, 0x5f, 0x0, 0x9c, 0x0, 0x3, 0xf2, 0x0,
    0x5, 0xf0, 0x2, 0x6c, 0x16, 0xa5, 0x0, 0x77,
    0xaf, 0x6, 0x79, 0xf8, 0xce, 0x77, 0x3e, 0xee,
    0xf0, 0xce, 0xee, 0xee, 0xee, 0xe6, 0x0, 0x5f,
    0x0, 0x0, 0x0, 0x0, 0x0, 0x0, 0x5, 0xf0,
    0x0, 0x0, 0x0, 0x0, 0x0, 0x7, 0xcf, 0x0,
    0x0, 0x0, 0x0, 0x0, 0x0, 0xaf, 0xf5, 0x13,
    0x55, 0x55, 0x55, 0x0, 0xa, 0xff, 0xf5, 0x9f,
    0xff, 0xff, 0xf2, 0xf, 0x55, 0xf0, 0x0, 0x0,
    0x0, 0x0, 0x0, 0x51, 0x5f, 0x0, 0x0, 0x0,
    0x0, 0x0, 0x0, 0x5, 0xf0, 0x0, 0x0, 0x0,
    0x0, 0x0, 0x0, 0x5f, 0x4, 0x55, 0x55, 0x55,
    0x55, 0x20, 0x5, 0xf0, 0xef, 0xff, 0xff, 0xff,
    0xf7,

    /* U+6821 "校" */
    0x0, 0x5f, 0x0, 0x0, 0xa, 0xa0, 0x0, 0x0,
    0x5, 0xf0, 0x7b, 0xbb, 0xee, 0xbb, 0xb7, 0x77,
    0xaf, 0x78, 0x88, 0x88, 0x88, 0x88, 0x5e, 0xee,
    0xfe, 0x40, 0x10, 0x0, 0x1, 0x0, 0x0, 0x5f,
    0x0, 0x5f, 0x0, 0x0, 0xf5, 0x0, 0x5, 0xf0,
    0xaa, 0x0, 0x0, 0x0, 0xaa, 0x7, 0xcf, 0x3,
    0x7a, 0x0, 0x0, 0xa7, 0x30, 0xaf, 0xf5, 0x15,
    0xf0, 0x0, 0xf, 0x50, 0xa, 0xff, 0xf5, 0x5f,
    0x0, 0x0, 0xf5, 0xf, 0x55, 0xf0, 0x0, 0xf,
    0x55, 0xf0, 0x0, 0x51, 0x5f, 0x0, 0x0, 0x58,
    0x85, 0x0, 0x0, 0x5, 0xf0, 0x0, 0x5, 0x88,
    0x50, 0x0, 0x0, 0x5f, 0x3, 0x55, 0xf5, 0x5f,
    0x55, 0x30, 0x5, 0xf0, 0xaf, 0xf0, 0x0, 0xf,
    0xfa,

    /* U+6837 "样" */
    0x0, 0x5f, 0x0, 0x5f, 0x0, 0x0, 0xf5, 0x0,
    0x5, 0xf0, 0x1, 0x5c, 0x44, 0xc5, 0x10, 0x77,
    0xaf, 0x77, 0x77, 0xff, 0xff, 0x77, 0x4e, 0xee,
    0xfe, 0xee, 0xee, 0xff, 0xee, 0xe9, 0x0, 0x5f,
    0x0, 0x0, 0xa, 0xa0, 0x0, 0x0, 0x5, 0xf0,
    0x0, 0x0, 0xaa, 0x0, 0x0, 0x7, 0xcf, 0x0,
    0x3a, 0xae, 0xea, 0xa3, 0x0, 0xaf, 0xf5, 0x13,
    0xaa, 0xee, 0xaa, 0x30, 0xa, 0xff, 0xf5, 0x0,
    0xa, 0xa0, 0x0, 0xf, 0x55, 0xf0, 0x0, 0x0,
    0xaa, 0x0, 0x0, 0x82, 0x5f, 0x4, 0x77, 0x7d,
    0xd7, 0x77, 0x40, 0x5, 0xf0, 0x9e, 0xee, 0xff,
    0xee, 0xe9, 0x0, 0x5f, 0x0, 0x0, 0xa, 0xa0,
    0x0, 0x0, 0x5, 0xf0, 0x0, 0x0, 0xaa, 0x0,
    0x0,

    /* U+6839 "根" */
    0x0, 0x5f, 0x0, 0x5f, 0xff, 0xff, 0xff, 0xa0,
    0x5, 0xf0, 0x5, 0xf5, 0x55, 0x55, 0xca, 0x77,
    0xaf, 0x72, 0x5f, 0x77, 0x77, 0x7d, 0xae, 0xee,
    0xfe, 0x45, 0xfe, 0xee, 0xee, 0xfa, 0x0, 0x5f,
    0x0, 0x5f, 0x0, 0x0, 0xa, 0xa0, 0x5, 0xf0,
    0x5, 0xf0, 0x0, 0x0, 0xaa, 0x7, 0xcf, 0x0,
    0x5f, 0xaa, 0xaa, 0xae, 0xa0, 0xaf, 0xf5, 0x15,
    0xfa, 0xad, 0xfa, 0xa7, 0xa, 0xff, 0xf5, 0x5f,
    0x0, 0x8f, 0x0, 0xf, 0x55, 0xf0, 0x5, 0xf0,
    0x8, 0xf0, 0xaa, 0x51, 0x5f, 0x0, 0x5f, 0x0,
    0x25, 0xa7, 0x30, 0x5, 0xf0, 0x5, 0xf0, 0x42,
    0xf, 0x50, 0x0, 0x5f, 0x0, 0x5f, 0x5f, 0x70,
    0xf8, 0x30, 0x5, 0xf0, 0x5, 0xff, 0x50, 0x0,
    0xaa,

    /* U+683C "格" */
    0x0, 0x5f, 0x0, 0x0, 0xf5, 0x0, 0x0, 0x0,
    0x5, 0xf0, 0x0, 0xf, 0xdb, 0xbb, 0x30, 0x77,
    0xaf, 0x72, 0x27, 0x88, 0x88, 0xf5, 0xe, 0xee,
    0xfe, 0x55, 0xe1, 0x0, 0x1e, 0x40, 0x0, 0x5f,
    0xa, 0xa0, 0xf5, 0x5f, 0x0, 0x0, 0x5, 0xf0,
    0x0, 0x0, 0xaa, 0x0, 0x0, 0x7, 0xcf, 0x0,
    0x0, 0xa7, 0x7a, 0x0, 0x0, 0xaf, 0xf0, 0x35,
    0x5a, 0x33, 0xa5, 0x53, 0xa, 0xff, 0xa, 0xff,
    0x0, 0x0, 0xff, 0xaf, 0x55, 0xff, 0x55, 0xff,
    0xff, 0xff, 0x50, 0x51, 0x5f, 0x51, 0x5f, 0x55,
    0x55, 0xf5, 0x0, 0x5, 0xf0, 0x5, 0xf0, 0x0,
    0xf, 0x50, 0x0, 0x5f, 0x0, 0x5f, 0x55, 0x55,
    0xf5, 0x0, 0x5, 0xf0, 0x5, 0xff, 0xff, 0xff,
    0x50,

    /* U+684C "桌" */
    0x0, 0x0, 0x0, 0x5f, 0x0, 0x0, 0x0, 0x0,
    0x0, 0x0, 0x5, 0xff, 0xff, 0xff, 0xfa, 0x0,
    0x0, 0x0, 0x5f, 0x55, 0x55, 0x55, 0x30, 0x35,
    0x55, 0x58, 0xf5, 0x55, 0x55, 0x10, 0xa, 0xff,
    0xff, 0xff, 0xff, 0xff, 0xf5, 0x0, 0xaa, 0x0,
    0x0, 0x0, 0x0, 0xf, 0x50, 0xa, 0xd7, 0x77,
    0x77, 0x77, 0x77, 0xf5, 0x0, 0xaf, 0xee, 0xee,
    0xee, 0xee, 0xef, 0x50, 0xa, 0xa0, 0x0, 0x0,
    0x0, 0x0, 0xf5, 0xf, 0xff, 0xff, 0xff, 0xff,
    0xff, 0xff, 0xfa, 0x55, 0x55, 0xf8, 0x8f, 0x5c,
    0xc5, 0x55, 0x30, 0x1, 0x5a, 0x35, 0xf0, 0x78,
    0x50, 0x0, 0x55, 0x8f, 0x0, 0x5f, 0x0, 0x5f,
    0x55, 0x3f, 0xfa, 0x0, 0x5, 0xf0, 0x0, 0xf,
    0xfa,

    /* U+6863 "档" */
    0x0, 0x5f, 0x0, 0x0, 0xe, 0x70, 0x0, 0x0,
    0x5, 0xf0, 0x77, 0x0, 0xe7, 0x0, 0x77, 0x77,
    0xaf, 0x78, 0x87, 0xe, 0x70, 0x78, 0x5e, 0xee,
    0xfe, 0x44, 0xe0, 0xe7, 0xe, 0x40, 0x0, 0x5f,
    0x0, 0x0, 0xe, 0x70, 0x0, 0x0, 0x5, 0xf0,
    0xaf, 0xff, 0xff, 0xff, 0xfa, 0x7, 0xcf, 0x3,
    0x55, 0x55, 0x55, 0x5c, 0xa0, 0xaf, 0xf5, 0x10,
    0x0, 0x0, 0x0, 0xaa, 0xa, 0xff, 0xf5, 0x0,
    0x0, 0x0, 0xa, 0xaf, 0x55, 0xf0, 0xaf, 0xff,
    0xff, 0xff, 0xfa, 0x51, 0x5f, 0x3, 0x55, 0x55,
    0x55, 0x5c, 0xa0, 0x5, 0xf0, 0x0, 0x0, 0x0,
    0x0, 0xaa, 0x0, 0x5f, 0x3, 0x55, 0x55, 0x55,
    0x5c, 0xa0, 0x5, 0xf0, 0xaf, 0xff, 0xff, 0xff,
    0xfa,

    /* U+68C0 "检" */
    0x0, 0x5f, 0x0, 0x0, 0xe, 0x70, 0x0, 0x0,
    0x5, 0xf0, 0x0, 0xa, 0x58, 0xa0, 0x0, 0x77,
    0xaf, 0x72, 0x27, 0x80, 0x48, 0x72, 0xe, 0xee,
    0xfe, 0x55, 0xe0, 0x0, 0xe, 0x51, 0x0, 0x5f,
    0xa, 0xa0, 0x0, 0x0, 0xa, 0xa0, 0x5, 0xf0,
    0x5, 0xff, 0xff, 0xff, 0x50, 0x7, 0xcf, 0x0,
    0x15, 0x55, 0x55, 0x51, 0x0, 0xaf, 0xf0, 0x33,
    0x5, 0x0, 0x0, 0x33, 0xa, 0xff, 0xa, 0xa0,
    0xf1, 0x0, 0xa, 0xaf, 0x55, 0xff, 0x55, 0xf0,
    0xe7, 0xf, 0x50, 0x51, 0x5f, 0x51, 0x5f, 0xe,
    0x70, 0xf5, 0x0, 0x5, 0xf0, 0x3, 0xa0, 0x9a,
    0xaa, 0x30, 0x0, 0x5f, 0x3, 0x55, 0x55, 0xbf,
    0x55, 0x30, 0x5, 0xf0, 0xaf, 0xff, 0xff, 0xff,
    0xfa,

    /* U+6B21 "次" */
    0xf5, 0x0, 0x0, 0x5f, 0x0, 0x0, 0x0, 0x5,
    0xca, 0x0, 0x5, 0xf0, 0x0, 0x0, 0x0, 0xa,
    0xa0, 0x0, 0x5f, 0xaa, 0xaa, 0xaa, 0x40, 0x77,
    0x0, 0x37, 0xaa, 0xaa, 0xaa, 0xf7, 0x0, 0x0,
    0xa, 0xa0, 0x0, 0x0, 0xe, 0x70, 0x0, 0xf,
    0x50, 0x0, 0xaa, 0xf, 0x10, 0x0, 0x0, 0x72,
    0x0, 0xa, 0xa0, 0x70, 0x0, 0x11, 0x0, 0x0,
    0x0, 0xaa, 0x0, 0x0, 0xa, 0xa0, 0x0, 0x0,
    0xa, 0xa0, 0x0, 0x0, 0xaa, 0x0, 0x0, 0xc,
    0x66, 0xc0, 0x0, 0xa, 0xa0, 0x0, 0x0, 0xf5,
    0x5f, 0x0, 0xa, 0xd9, 0x0, 0x3, 0xae, 0x44,
    0xea, 0x10, 0xf5, 0x0, 0x55, 0x7a, 0x0, 0x0,
    0xa5, 0x2f, 0x50, 0xf, 0xfa, 0x0, 0x0, 0x0,
    0xe7,

    /* U+6B27 "欧" */
    0xff, 0xff, 0xff, 0x70, 0xa, 0xa0, 0x0, 0xf,
    0x85, 0x55, 0x52, 0x0, 0xaa, 0x0, 0x0, 0xfe,
    0x90, 0xc, 0x60, 0xa, 0xfe, 0xee, 0x6f, 0x97,
    0x90, 0xe7, 0x9, 0x77, 0x77, 0xf7, 0xf5, 0x5f,
    0xe, 0x70, 0xf5, 0x13, 0xe, 0x7f, 0x55, 0xf0,
    0xe7, 0xf, 0x55, 0xf0, 0xe7, 0xf5, 0x1, 0xe3,
    0x0, 0x10, 0x5f, 0x1, 0xf, 0x50, 0xf, 0x10,
    0x0, 0x5, 0xf0, 0x0, 0xf5, 0x1, 0xe2, 0x0,
    0x0, 0x5f, 0x0, 0xf, 0x55, 0xf0, 0xe7, 0x0,
    0x5, 0xf0, 0x0, 0xfc, 0x85, 0xe, 0x70, 0x7,
    0x85, 0xa1, 0xf, 0xc7, 0x0, 0x94, 0x0, 0xaa,
    0xf, 0x10, 0xf8, 0x55, 0x55, 0x20, 0x5c, 0xa0,
    0xf6, 0x2f, 0xff, 0xff, 0xf7, 0xf, 0x50, 0x0,
    0xe7,

    /* U+6B3E "款" */
    0x0, 0x5f, 0x0, 0x0, 0xa, 0xa0, 0x0, 0xb,
    0xbd, 0xfb, 0xb7, 0x0, 0xaa, 0x0, 0x0, 0x88,
    0xbf, 0x88, 0x50, 0xa, 0xd7, 0x77, 0x31, 0x16,
    0xf1, 0x11, 0x1, 0xae, 0xee, 0xf7, 0xff, 0xff,
    0xff, 0xa0, 0xf5, 0x0, 0xe, 0x73, 0x33, 0x33,
    0x32, 0xf, 0x54, 0xc0, 0xe7, 0x77, 0x77, 0x77,
    0x40, 0x82, 0x5f, 0x7, 0x3e, 0xee, 0xee, 0xe9,
    0x0, 0x5, 0xf0, 0x0, 0x0, 0x0, 0x0, 0x0,
    0x0, 0x5f, 0x0, 0xe, 0xee, 0xee, 0xe9, 0x0,
    0x5, 0xf0, 0x0, 0x55, 0x8f, 0xf8, 0x30, 0x7,
    0x85, 0xa1, 0x5, 0x15, 0xfa, 0x73, 0x0, 0xaa,
    0xf, 0x10, 0xf8, 0x8f, 0xa, 0xa0, 0x5c, 0xa0,
    0xf6, 0x20, 0xaf, 0xf0, 0x0, 0xf, 0x50, 0x0,
    0xe7,

    /* U+6B47 "歇" */
    0xa, 0xff, 0xff, 0xff, 0xe, 0x70, 0x0, 0x0,
    0xac, 0x55, 0x58, 0xf0, 0xe7, 0x0, 0x0, 0xa,
    0xd7, 0x77, 0xaf, 0xe, 0xb7, 0x77, 0x40, 0xaf,
    0xee, 0xee, 0xf1, 0xde, 0xee, 0xfa, 0xa, 0xa0,
    0x0, 0x5f, 0xf5, 0x0, 0xa, 0xa0, 0xaf, 0xff,
    0xff, 0xf0, 0x8, 0xf0, 0xaa, 0x3, 0x8f, 0x55,
    0x55, 0x0, 0x8f, 0x3, 0x30, 0x38, 0xf5, 0x55,
    0x50, 0x8, 0xf0, 0x0, 0xa, 0xff, 0xff, 0xff,
    0x0, 0x8f, 0x0, 0xf, 0x55, 0xf0, 0x5, 0xf0,
    0x8, 0xf0, 0x0, 0x58, 0x85, 0xa3, 0x5f, 0x9,
    0x75, 0xa3, 0x0, 0xac, 0x5f, 0x55, 0xf0, 0xe7,
    0xf, 0x50, 0xa, 0xff, 0xf8, 0x8f, 0x5f, 0x70,
    0xf8, 0x30, 0x0, 0x0, 0xaf, 0xff, 0x50, 0x0,
    0xaa,

    /* U+6B4C "歌" */
    0xff, 0xff, 0xff, 0xff, 0xa, 0xa0, 0x0, 0xf,
    0x88, 0xf5, 0xea, 0x50, 0xaa, 0x0, 0x0, 0xf5,
    0x5f, 0xe, 0x70, 0xa, 0xd7, 0x77, 0x3f, 0x66,
    0xf0, 0xe7, 0x1, 0xae, 0xee, 0xf7, 0xff, 0xff,
    0xe, 0x70, 0xf5, 0x0, 0xe, 0x73, 0x33, 0x30,
    0xe7, 0xf, 0x54, 0xc0, 0xe7, 0x77, 0x77, 0x7f,
    0xb7, 0x82, 0x5f, 0x7, 0x3f, 0xee, 0xfe, 0xff,
    0xe0, 0x5, 0xf0, 0x0, 0xf5, 0x5f, 0xe, 0x70,
    0x0, 0x5f, 0x0, 0xf, 0x55, 0xf0, 0xe7, 0x0,
    0x5, 0xf0, 0x0, 0xfc, 0xcf, 0xe, 0x70, 0x7,
    0x85, 0xa1, 0xa, 0xaa, 0xa0, 0xe7, 0x0, 0xaa,
    0xf, 0x10, 0x0, 0x1, 0x5e, 0x70, 0x5c, 0xa0,
    0xf6, 0x20, 0x0, 0x3f, 0xf7, 0xf, 0x50, 0x0,
    0xe7,

    /* U+6B62 "止" */
    0x0, 0x0, 0x0, 0x5f, 0x0, 0x0, 0x0, 0x0,
    0x0, 0x0, 0x5, 0xf0, 0x0, 0x0, 0x0, 0x0,
    0x0, 0x0, 0x5f, 0x0, 0x0, 0x0, 0x0, 0x3,
    0xa0, 0x5, 0xf0, 0x0, 0x0, 0x0, 0x0, 0x5f,
    0x0, 0x5f, 0x0, 0x0, 0x0, 0x0, 0x5, 0xf0,
    0x5, 0xff, 0xff, 0xff, 0x50, 0x0, 0x5f, 0x0,
    0x5f, 0x55, 0x55, 0x51, 0x0, 0x5, 0xf0, 0x5,
    0xf0, 0x0, 0x0, 0x0, 0x0, 0x5f, 0x0, 0x5f,
    0x0, 0x0, 0x0, 0x0, 0x5, 0xf0, 0x5, 0xf0,
    0x0, 0x0, 0x0, 0x0, 0x5f, 0x0, 0x5f, 0x0,
    0x0, 0x0, 0x0, 0x5, 0xf0, 0x5, 0xf0, 0x0,
    0x0, 0x0, 0x55, 0x8f, 0x55, 0x8f, 0x55, 0x55,
    0x55, 0x3f, 0xff, 0xff, 0xff, 0xff, 0xff, 0xff,
    0xfa,

    /* U+6B63 "正" */
    0xff, 0xff, 0xff, 0xff, 0xff, 0xff, 0xff, 0xa5,
    0x55, 0x55, 0x58, 0xf5, 0x55, 0x55, 0x53, 0x0,
    0x0, 0x0, 0x5f, 0x0, 0x0, 0x0, 0x0, 0x0,
    0x0, 0x5, 0xf0, 0x0, 0x0, 0x0, 0x0, 0x15,
    0x0, 0x5f, 0x0, 0x0, 0x0, 0x0, 0x5, 0xf0,
    0x5, 0xf0, 0x0, 0x0, 0x0, 0x0, 0x5f, 0x0,
    0x5f, 0x77, 0x77, 0x72, 0x0, 0x5, 0xf0, 0x5,
    0xfe, 0xee, 0xee, 0x40, 0x0, 0x5f, 0x0, 0x5f,
    0x0, 0x0, 0x0, 0x0, 0x5, 0xf0, 0x5, 0xf0,
    0x0, 0x0, 0x0, 0x0, 0x5f, 0x0, 0x5f, 0x0,
    0x0, 0x0, 0x0, 0x5, 0xf0, 0x5, 0xf0, 0x0,
    0x0, 0x0, 0x55, 0x8f, 0x55, 0x8f, 0x55, 0x55,
    0x55, 0x3f, 0xff, 0xff, 0xff, 0xff, 0xff, 0xff,
    0xfa,

    /* U+6B65 "步" */
    0x0, 0x0, 0x0, 0x5f, 0x0, 0x0, 0x0, 0x0,
    0x5, 0xf0, 0x5, 0xff, 0xff, 0xff, 0x50, 0x0,
    0x5f, 0x0, 0x5f, 0x55, 0x55, 0x51, 0x0, 0x5,
    0xf0, 0x5, 0xf0, 0x0, 0x0, 0x0, 0x0, 0x5f,
    0x0, 0x5f, 0x0, 0x0, 0x0, 0xf, 0xff, 0xff,
    0xff, 0xff, 0xff, 0xff, 0xfa, 0x55, 0x55, 0x55,
    0x8f, 0x55, 0x55, 0x55, 0x30, 0x1, 0x50, 0x5,
    0xf0, 0x0, 0x5, 0x10, 0x0, 0x5f, 0x0, 0x5f,
    0x0, 0x0, 0xf5, 0xf, 0xfa, 0x0, 0x5, 0xf0,
    0x5, 0xf0, 0x0, 0x55, 0x30, 0x0, 0x3a, 0x3,
    0x55, 0x0, 0x0, 0x0, 0x0, 0x1, 0x55, 0x87,
    0x0, 0x0, 0x3, 0x55, 0x55, 0x8f, 0xf5, 0x0,
    0x0, 0x0, 0xaf, 0xff, 0xfa, 0x0, 0x0, 0x0,
    0x0,

    /* U+6BCF "每" */
    0x0, 0x5f, 0x0, 0x0, 0x0, 0x0, 0x0, 0x0,
    0x5, 0xff, 0xff, 0xff, 0xff, 0xff, 0xfa, 0x7,
    0x85, 0x55, 0x55, 0x55, 0x55, 0x55, 0x35, 0x88,
    0x55, 0x55, 0x55, 0x55, 0x55, 0x10, 0xf5, 0x5f,
    0xff, 0xff, 0xff, 0xff, 0xf5, 0x0, 0x5, 0xf0,
    0x5, 0xf0, 0x0, 0xf, 0x50, 0x0, 0x5f, 0x0,
    0x15, 0xa3, 0x0, 0xf5, 0x5, 0x58, 0xf5, 0x55,
    0x5f, 0x85, 0x5f, 0x83, 0xff, 0xff, 0xff, 0xff,
    0xff, 0xff, 0xff, 0xa0, 0xaa, 0x0, 0x5, 0xf0,
    0x0, 0xf, 0x50, 0xa, 0xa0, 0x0, 0x15, 0xa3,
    0x0, 0xf5, 0x0, 0xac, 0x55, 0x55, 0x5f, 0x85,
    0x5f, 0x83, 0xa, 0xff, 0xff, 0xff, 0xff, 0xff,
    0xff, 0xa0, 0x0, 0x0, 0x0, 0x0, 0x0, 0xf,
    0x50,

    /* U+6BD4 "比" */
    0xf5, 0x0, 0x0, 0x0, 0xf5, 0x0, 0x0, 0xf,
    0x50, 0x0, 0x0, 0xf, 0x50, 0x0, 0x0, 0xf5,
    0x0, 0x0, 0x0, 0xf5, 0x0, 0x4, 0x4f, 0x50,
    0x0, 0x0, 0xf, 0x50, 0x1, 0xa9, 0xf5, 0x0,
    0x0, 0x0, 0xf5, 0x0, 0xf5, 0xf, 0xff, 0xff,
    0xfa, 0xf, 0xff, 0xf0, 0x0, 0xf8, 0x55, 0x55,
    0x30, 0xf8, 0x55, 0x0, 0xf, 0x50, 0x0, 0x0,
    0xf, 0x50, 0x0, 0x0, 0xf5, 0x0, 0x0, 0x0,
    0xf5, 0x0, 0x0, 0xf, 0x50, 0x0, 0x0, 0xf,
    0x50, 0x0, 0x0, 0xf5, 0x0, 0x0, 0x0, 0xf5,
    0x0, 0xa, 0xaf, 0x50, 0x5, 0x53, 0xf, 0x50,
    0x0, 0xaa, 0xf8, 0x55, 0xff, 0xa0, 0xf8, 0x55,
    0x5c, 0xaf, 0xff, 0xf0, 0x0, 0x5, 0xcf, 0xff,
    0xfa,

    /* U+6C11 "民" */
    0xff, 0xff, 0xff, 0xff, 0xff, 0xff, 0xf1, 0xf,
    0x85, 0x55, 0x55, 0x55, 0x55, 0x5f, 0x10, 0xf5,
    0x0, 0x0, 0x0, 0x0, 0x0, 0xf1, 0xf, 0x85,
    0x55, 0x55, 0x55, 0x55, 0x5f, 0x10, 0xff, 0xff,
    0xff, 0xff, 0xff, 0xff, 0xf1, 0xf, 0x50, 0x0,
    0x5, 0xf0, 0x0, 0x0, 0x0, 0xf5, 0x0, 0x0,
    0x5f, 0x0, 0x0, 0x0, 0xf, 0x85, 0x55, 0x58,
    0xf5, 0x55, 0x55, 0x52, 0xff, 0xff, 0xff, 0xff,
    0xff, 0xff, 0xff, 0x7f, 0x50, 0x0, 0x0, 0xf,
    0x50, 0x0, 0x0, 0xf5, 0x0, 0x0, 0x0, 0x58,
    0x70, 0x0, 0xf, 0x50, 0x5, 0x53, 0x0, 0x78,
    0x50, 0x42, 0xf8, 0x55, 0xff, 0xa0, 0x0, 0x5f,
    0x5e, 0x7f, 0xff, 0xf0, 0x0, 0x0, 0x0, 0xf,
    0xf7,

    /* U+6C34 "水" */
    0x0, 0x0, 0x0, 0x5f, 0x0, 0x0, 0x0, 0x0,
    0x0, 0x0, 0x5, 0xf0, 0x0, 0x0, 0x0, 0x0,
    0x0, 0x0, 0x5f, 0x0, 0x0, 0x4, 0x41, 0x11,
    0x11, 0x5, 0xf1, 0x0, 0x1, 0xa9, 0xff, 0xff,
    0xf5, 0x5f, 0xf5, 0x0, 0xf5, 0x0, 0x0, 0xf,
    0x55, 0xff, 0x58, 0xf0, 0x0, 0x0, 0x0, 0xf5,
    0x5f, 0x5b, 0x75, 0x0, 0x0, 0x2, 0x8a, 0x35,
    0xf0, 0xe7, 0x0, 0x0, 0x0, 0x5f, 0x0, 0x5f,
    0xb, 0x73, 0x0, 0x0, 0x5, 0xf0, 0x5, 0xf0,
    0x8, 0xf0, 0x0, 0x9, 0xa1, 0x0, 0x5f, 0x0,
    0x1, 0xe4, 0x5, 0x87, 0x0, 0x5, 0xf0, 0x0,
    0xa, 0x73, 0xf5, 0x0, 0x55, 0x8f, 0x0, 0x0,
    0xa, 0xa0, 0x0, 0xf, 0xff, 0xf0, 0x0, 0x0,
    0x0,

    /* U+6C38 "永" */
    0x0, 0x0, 0xa, 0xff, 0x0, 0x0, 0x0, 0x0,
    0x0, 0x0, 0x35, 0x5a, 0x10, 0x0, 0x0, 0x0,
    0x27, 0x77, 0x77, 0x80, 0x0, 0x4, 0x40, 0x4,
    0xee, 0xee, 0xf0, 0x0, 0x1, 0xa9, 0x0, 0x0,
    0x0, 0x5f, 0x0, 0x0, 0xf5, 0xf, 0xff, 0xff,
    0x55, 0xff, 0x18, 0xf0, 0x0, 0x55, 0x55, 0xf5,
    0x5f, 0x5a, 0x75, 0x0, 0x0, 0x0, 0xf, 0x55,
    0xf0, 0xe7, 0x0, 0x0, 0x0, 0x0, 0xf5, 0x5f,
    0xe, 0x70, 0x0, 0x0, 0x5, 0xf0, 0x5, 0xf0,
    0x8, 0xf0, 0x0, 0x7, 0x85, 0x0, 0x5f, 0x0,
    0x25, 0xa3, 0x5, 0x87, 0x0, 0x5, 0xf0, 0x0,
    0xa, 0x73, 0xf5, 0x0, 0x55, 0x8f, 0x0, 0x0,
    0xa, 0xa0, 0x0, 0xf, 0xff, 0xf0, 0x0, 0x0,
    0x0,

    /* U+6C42 "求" */
    0x0, 0x0, 0x0, 0x5f, 0x0, 0x5f, 0x0, 0x0,
    0x0, 0x0, 0x5, 0xf0, 0x1, 0x5c, 0x40, 0x77,
    0x77, 0x77, 0xaf, 0x77, 0x77, 0xfa, 0x4e, 0xee,
    0xee, 0xee, 0xfe, 0xee, 0xee, 0xe9, 0x0, 0x0,
    0x0, 0x5f, 0x0, 0x0, 0x0, 0x0, 0x88, 0x0,
    0x5, 0xf0, 0x0, 0xc, 0x40, 0x5, 0x87, 0x0,
    0x5f, 0x72, 0x27, 0x83, 0x0, 0x4, 0xe0, 0x5,
    0xfe, 0x55, 0xe0, 0x0, 0x0, 0x0, 0x0, 0x5f,
    0xa, 0xa0, 0x0, 0x0, 0x0, 0x0, 0xaf, 0xf0,
    0x5, 0xf0, 0x0, 0x0, 0x3a, 0xa7, 0x8f, 0x0,
    0x15, 0xa3, 0x5, 0x57, 0xaa, 0x35, 0xf0, 0x0,
    0xa, 0x73, 0xff, 0xa0, 0x55, 0x8f, 0x0, 0x0,
    0xa, 0xa0, 0x0, 0xf, 0xff, 0xf0, 0x0, 0x0,
    0x0,

    /* U+6C5F "江" */
    0xa, 0xa0, 0xe, 0xff, 0xff, 0xff, 0xff, 0x70,
    0x38, 0xf0, 0x45, 0x55, 0xea, 0x55, 0x52, 0x0,
    0x15, 0x0, 0x0, 0xe, 0x70, 0x0, 0x5, 0x10,
    0x0, 0x0, 0x0, 0xe7, 0x0, 0x0, 0xf5, 0x0,
    0x0, 0x0, 0xe, 0x70, 0x0, 0x0, 0xaa, 0x0,
    0x0, 0x0, 0xe7, 0x0, 0x0, 0x3, 0x30, 0x0,
    0x0, 0xe, 0x70, 0x0, 0x0, 0x0, 0x0, 0x0,
    0x0, 0xe7, 0x0, 0x0, 0x0, 0x0, 0x0, 0x0,
    0xe, 0x70, 0x0, 0x0, 0xaa, 0x0, 0x0, 0x0,
    0xe7, 0x0, 0x0, 0xa, 0xa0, 0x0, 0x0, 0xe,
    0x70, 0x0, 0xa, 0xa7, 0x0, 0x0, 0x0, 0xe7,
    0x0, 0x0, 0xf5, 0x0, 0x4, 0x55, 0x5e, 0xa5,
    0x55, 0x2f, 0x50, 0x0, 0xef, 0xff, 0xff, 0xff,
    0xf7,

    /* U+6C60 "池" */
    0xa, 0xa0, 0x0, 0x0, 0xe, 0x70, 0x0, 0x0,
    0x38, 0xf0, 0xe7, 0x0, 0xe7, 0x0, 0x0, 0x0,
    0x16, 0xe, 0x70, 0xe, 0x72, 0xaa, 0x43, 0x10,
    0x0, 0xe7, 0x3, 0xe9, 0x5c, 0xf7, 0xf5, 0x0,
    0xe, 0x73, 0xff, 0xfc, 0xe, 0x72, 0x99, 0x3d,
    0xfe, 0xb2, 0xe8, 0x10, 0xe7, 0x5, 0x51, 0x8f,
    0xb6, 0xe, 0x70, 0xe, 0x70, 0x0, 0x0, 0xe7,
    0x0, 0xe7, 0x1, 0xe7, 0x0, 0x0, 0xe, 0x70,
    0xe, 0x73, 0xff, 0x70, 0x77, 0x0, 0xe7, 0x0,
    0xe7, 0x4, 0x42, 0xa, 0xa0, 0xe, 0x70, 0x9,
    0x40, 0xe, 0x7a, 0x73, 0x0, 0xe7, 0x0, 0x0,
    0x0, 0xe7, 0xf5, 0x0, 0xe, 0xa5, 0x55, 0x55,
    0x5e, 0x7f, 0x50, 0x0, 0x8, 0xff, 0xff, 0xff,
    0xf7,

    /* U+6CA1 "没" */
    0xa, 0xa0, 0x0, 0x5f, 0xff, 0xff, 0x0, 0x0,
    0x38, 0xf0, 0x5, 0xf5, 0x58, 0xf0, 0x0, 0x0,
    0x15, 0x0, 0x5f, 0x0, 0x5f, 0x0, 0x5, 0x10,
    0x0, 0x5, 0xf0, 0x5, 0xf0, 0x0, 0xf5, 0x0,
    0x0, 0x5f, 0x0, 0x5f, 0x0, 0x0, 0xaa, 0xf,
    0xfa, 0x0, 0x5, 0xff, 0xfa, 0x3, 0x30, 0x55,
    0x30, 0x0, 0x15, 0x55, 0x30, 0x0, 0x0, 0x35,
    0x55, 0x55, 0x55, 0x10, 0x0, 0x0, 0xa, 0xff,
    0xff, 0xff, 0xf5, 0x0, 0xaa, 0x0, 0xaa, 0x0,
    0x0, 0xf, 0x50, 0xa, 0xa0, 0x3, 0x7a, 0x0,
    0x3a, 0x51, 0xa, 0xa7, 0x0, 0x3, 0xaa, 0xaa,
    0xa0, 0x0, 0xf5, 0x0, 0x55, 0x55, 0xaa, 0x85,
    0x55, 0x3f, 0x50, 0xf, 0xff, 0xf0, 0x5, 0xff,
    0xfa,

    /* U+6CB3 "河" */
    0xf5, 0x0, 0xff, 0xff, 0xff, 0xff, 0xff, 0xa5,
    0xca, 0x5, 0x55, 0x55, 0x55, 0x5f, 0x83, 0x3,
    0x30, 0x0, 0x0, 0x0, 0x0, 0xf5, 0x5, 0x10,
    0x0, 0x35, 0x55, 0x53, 0xf, 0x50, 0xf5, 0x0,
    0xa, 0xff, 0xff, 0xa0, 0xf5, 0x0, 0xaa, 0x0,
    0xaa, 0x0, 0xaa, 0xf, 0x50, 0x3, 0x30, 0xa,
    0xa0, 0xa, 0xa0, 0xf5, 0x0, 0x0, 0x0, 0xaa,
    0x0, 0xaa, 0xf, 0x50, 0x0, 0x0, 0xa, 0xa0,
    0xa, 0xa0, 0xf5, 0x0, 0xaa, 0x0, 0xaf, 0xff,
    0xfa, 0xf, 0x50, 0xa, 0xa0, 0x3, 0x55, 0x55,
    0x30, 0xf5, 0xa, 0xa7, 0x0, 0x0, 0x0, 0x0,
    0xf, 0x50, 0xf5, 0x0, 0x0, 0x0, 0x3, 0x55,
    0xf5, 0xf, 0x50, 0x0, 0x0, 0x0, 0xaf, 0xff,
    0x50,

    /* U+6CD5 "法" */
    0xa, 0xa0, 0x0, 0x0, 0xe, 0x70, 0x0, 0x0,
    0x38, 0xf0, 0x0, 0x0, 0xe7, 0x0, 0x0, 0x0,
    0x15, 0x9, 0xaa, 0xaf, 0xda, 0xa1, 0x5, 0x10,
    0x0, 0x9a, 0xaa, 0xfd, 0xaa, 0x10, 0xf5, 0x0,
    0x0, 0x0, 0xe, 0x70, 0x0, 0x0, 0xaa, 0x0,
    0x0, 0x0, 0xe7, 0x0, 0x0, 0x5, 0x50, 0x77,
    0x77, 0x7f, 0xb7, 0x77, 0x30, 0x0, 0xe, 0xee,
    0xef, 0xee, 0xee, 0xe6, 0x0, 0x0, 0x0, 0x3,
    0xf1, 0x0, 0x0, 0x0, 0xaa, 0x0, 0x9, 0xd3,
    0x0, 0x3f, 0x10, 0xa, 0xa0, 0x0, 0x9c, 0x0,
    0x3, 0xf1, 0xa, 0xa7, 0x0, 0x9a, 0x80, 0x9a,
    0xaa, 0xa4, 0xf5, 0x0, 0x5e, 0x95, 0x5a, 0xa8,
    0xe, 0x7f, 0x50, 0xf, 0xff, 0xff, 0x10, 0x0,
    0xe7,

    /* U+6CE2 "波" */
    0xa, 0xa0, 0x0, 0x0, 0xe, 0x70, 0x0, 0x0,
    0x38, 0xf0, 0xef, 0xff, 0xff, 0xff, 0xfa, 0x0,
    0x15, 0xe, 0xa5, 0x5e, 0xa5, 0x5c, 0xa5, 0x10,
    0x0, 0xe7, 0x0, 0xe7, 0x0, 0x77, 0xf5, 0x0,
    0xe, 0x70, 0xe, 0x70, 0x0, 0x0, 0xaa, 0x0,
    0xef, 0xff, 0xff, 0xff, 0xfa, 0x3, 0x30, 0xe,
    0xfd, 0x55, 0x55, 0x5c, 0xa0, 0x0, 0x0, 0xed,
    0x95, 0x0, 0x0, 0xaa, 0x0, 0x0, 0xe, 0x73,
    0xf1, 0x0, 0xa, 0xa0, 0xaa, 0x0, 0xe7, 0x0,
    0xe7, 0xf, 0x50, 0xa, 0xa0, 0xe, 0x70, 0x4,
    0x8a, 0x51, 0xa, 0xa7, 0x0, 0xe7, 0x0, 0x9a,
    0xaa, 0x30, 0xf5, 0x0, 0xe, 0x70, 0xe, 0x70,
    0xf5, 0xf, 0x50, 0xf, 0x18, 0xff, 0x10, 0x0,
    0xaa,

    /* U+6CE8 "注" */
    0xf5, 0x0, 0x0, 0x0, 0xf5, 0x0, 0x0, 0x5,
    0x87, 0x0, 0x0, 0x5, 0x87, 0x0, 0x0, 0x5,
    0x50, 0x77, 0x77, 0x7c, 0xd7, 0x77, 0x41, 0x0,
    0xe, 0xee, 0xee, 0xff, 0xee, 0xe9, 0xf5, 0x0,
    0x0, 0x0, 0xa, 0xa0, 0x0, 0x0, 0xaa, 0x0,
    0x0, 0x0, 0xaa, 0x0, 0x0, 0x3, 0x30, 0x0,
    0x0, 0xa, 0xa0, 0x0, 0x0, 0x0, 0x0, 0x35,
    0x55, 0xcc, 0x55, 0x10, 0x0, 0x0, 0xa, 0xff,
    0xff, 0xff, 0xf5, 0x0, 0xaa, 0x0, 0x0, 0x0,
    0xaa, 0x0, 0x0, 0xa, 0xa0, 0x0, 0x0, 0xa,
    0xa0, 0x0, 0xa, 0xa7, 0x0, 0x0, 0x0, 0xaa,
    0x0, 0x0, 0xf5, 0x0, 0x55, 0x55, 0x5c, 0xc5,
    0x55, 0x3f, 0x50, 0xf, 0xff, 0xff, 0xff, 0xff,
    0xfa,

    /* U+6D0B "洋" */
    0xa, 0xa0, 0x0, 0x9c, 0x0, 0x3, 0xf2, 0x0,
    0x38, 0xf0, 0x2, 0x7f, 0x18, 0xd5, 0x0, 0x0,
    0x15, 0xe, 0xff, 0xff, 0xff, 0xff, 0x75, 0x10,
    0x0, 0x9a, 0xaa, 0xfd, 0xaa, 0xa4, 0xf5, 0x0,
    0x0, 0x0, 0xe, 0x70, 0x0, 0x0, 0xaa, 0x0,
    0x0, 0x0, 0xe7, 0x0, 0x0, 0x5, 0x50, 0x0,
    0x47, 0x7f, 0xb7, 0x70, 0x0, 0x0, 0x0, 0x8,
    0xee, 0xff, 0xee, 0x10, 0x0, 0x0, 0x0, 0x0,
    0xe, 0x70, 0x0, 0x0, 0x88, 0x0, 0x0, 0x0,
    0xe7, 0x0, 0x0, 0xa, 0xa0, 0x6, 0x77, 0x7f,
    0xb7, 0x77, 0x3a, 0xd9, 0x0, 0xce, 0xee, 0xff,
    0xee, 0xe6, 0xf5, 0x0, 0x0, 0x0, 0xe, 0x70,
    0x0, 0xf, 0x50, 0x0, 0x0, 0x0, 0xe7, 0x0,
    0x0,

    /* U+6D25 "津" */
    0xf5, 0x0, 0x0, 0x0, 0xf5, 0x0, 0x0, 0x5,
    0xca, 0x0, 0xaf, 0xff, 0xff, 0xff, 0x50, 0x3,
    0x30, 0x3, 0x55, 0xf8, 0x55, 0xf5, 0x5, 0x10,
    0x5, 0x55, 0x5f, 0x85, 0x5f, 0x83, 0xf5, 0x0,
    0xff, 0xff, 0xff, 0xff, 0xff, 0xa0, 0xaa, 0x0,
    0x0, 0xf, 0x50, 0xf, 0x50, 0x5, 0x50, 0x4,
    0x77, 0xfa, 0x77, 0xf5, 0x0, 0x0, 0x0, 0x9e,
    0xef, 0xee, 0xee, 0x40, 0x0, 0x0, 0x0, 0x0,
    0xf5, 0x0, 0x0, 0x0, 0xaa, 0x0, 0xaf, 0xff,
    0xff, 0xff, 0x50, 0xa, 0xa0, 0x3, 0x55, 0xf8,
    0x55, 0x51, 0x5, 0x87, 0x5, 0x55, 0x5f, 0x85,
    0x55, 0x53, 0xf5, 0x0, 0xff, 0xff, 0xff, 0xff,
    0xff, 0xaf, 0x50, 0x0, 0x0, 0xf, 0x50, 0x0,
    0x0,

    /* U+6D32 "洲" */
    0xa, 0xa0, 0xe, 0x70, 0xe, 0x70, 0xe, 0x70,
    0x38, 0xf0, 0xe7, 0x0, 0xe7, 0x0, 0xe7, 0x0,
    0x15, 0xe, 0x70, 0xe, 0x70, 0xe, 0x75, 0x10,
    0x5, 0xea, 0x40, 0xea, 0x40, 0xe7, 0xf5, 0x0,
    0xff, 0xfc, 0xe, 0xfc, 0xe, 0x70, 0xaa, 0xf,
    0xf7, 0x3f, 0xf7, 0x3f, 0xf7, 0x3, 0x7a, 0x5e,
    0x73, 0xff, 0x73, 0xff, 0x70, 0x3, 0xa0, 0xe7,
    0x2a, 0xf7, 0x2a, 0xf7, 0x0, 0x0, 0xe, 0x70,
    0xe, 0x70, 0xe, 0x70, 0xaa, 0x0, 0xe7, 0x0,
    0xe7, 0x0, 0xe7, 0xa, 0xa0, 0xe, 0x70, 0xe,
    0x70, 0xe, 0x7a, 0xa7, 0x0, 0xe7, 0x0, 0xe7,
    0x0, 0xe7, 0xf5, 0x0, 0xe, 0x70, 0xe, 0x70,
    0xe, 0x7f, 0x50, 0xa, 0x52, 0x0, 0xe7, 0x0,
    0xe7,

    /* U+6D3B "活" */
    0xa, 0xa0, 0x0, 0x0, 0x0, 0x8f, 0xf1, 0x0,
    0x38, 0xf0, 0xef, 0xff, 0xfa, 0x55, 0x0, 0x0,
    0x15, 0x4, 0x55, 0x5e, 0x70, 0x0, 0x5, 0x10,
    0x0, 0x0, 0x0, 0xe7, 0x0, 0x0, 0xf5, 0x0,
    0x0, 0x0, 0xe, 0x70, 0x0, 0x0, 0xaa, 0xf,
    0xff, 0xff, 0xff, 0xff, 0xf7, 0x3, 0x30, 0x55,
    0x55, 0x5e, 0xa5, 0x55, 0x20, 0x0, 0x0, 0x0,
    0x0, 0xe7, 0x0, 0x0, 0x0, 0x0, 0x0, 0x0,
    0xe, 0x70, 0x0, 0x0, 0xaa, 0x0, 0xef, 0xff,
    0xff, 0xff, 0x10, 0xa, 0xa0, 0xe, 0xa5, 0x55,
    0x57, 0xf1, 0xa, 0xa7, 0x0, 0xe7, 0x0, 0x0,
    0x3f, 0x10, 0xf5, 0x0, 0xe, 0xa5, 0x55, 0x57,
    0xf1, 0xf, 0x50, 0x0, 0xef, 0xff, 0xff, 0xff,
    0x10,

    /* U+6D41 "流" */
    0xf5, 0x0, 0x0, 0x0, 0xf5, 0x0, 0x0, 0x5,
    0xca, 0xf, 0xff, 0xff, 0xff, 0xff, 0xfa, 0x3,
    0x30, 0x55, 0x8f, 0x55, 0x55, 0x55, 0x35, 0x10,
    0x0, 0x37, 0xa0, 0x0, 0x5, 0x10, 0xf5, 0x0,
    0xa, 0xa0, 0x0, 0x0, 0xf5, 0x0, 0xaa, 0xf,
    0xff, 0xff, 0xff, 0xf0, 0xaa, 0x3, 0x30, 0x55,
    0x55, 0x55, 0x55, 0x3, 0x30, 0x0, 0x0, 0x33,
    0xa, 0x33, 0xa0, 0x0, 0x2, 0x20, 0xa, 0xa0,
    0xf5, 0x5f, 0x0, 0x0, 0xaa, 0x0, 0xaa, 0xf,
    0x55, 0xf0, 0x0, 0xa, 0xa0, 0xa, 0xa0, 0xf5,
    0x5f, 0x0, 0x6, 0x86, 0x0, 0xaa, 0xf, 0x55,
    0xf0, 0x44, 0xf5, 0x0, 0x5c, 0xa0, 0xf5, 0x5f,
    0x5c, 0xaf, 0x50, 0xf, 0x50, 0xf, 0x55, 0xff,
    0xfa,

    /* U+6D45 "浅" */
    0xf5, 0x0, 0x0, 0x0, 0xf5, 0x8f, 0x0, 0x5,
    0xca, 0x0, 0x0, 0xf, 0x52, 0x5f, 0x10, 0x3,
    0x30, 0x0, 0x0, 0xfc, 0xaa, 0xfb, 0x45, 0x10,
    0x5, 0x55, 0x5f, 0xca, 0xaa, 0xa4, 0xf5, 0x0,
    0xff, 0xff, 0xf5, 0x0, 0x0, 0x0, 0xaa, 0x0,
    0x0, 0xf, 0x50, 0x0, 0x0, 0x5, 0x50, 0x0,
    0x0, 0xfa, 0x77, 0x77, 0x30, 0x0, 0x1, 0x11,
    0x1f, 0xee, 0xee, 0xe6, 0x0, 0x0, 0xff, 0xff,
    0xf5, 0x0, 0x0, 0x0, 0xaa, 0x0, 0x0, 0xf,
    0x50, 0xf, 0x10, 0xa, 0xa0, 0x0, 0x0, 0xa7,
    0x55, 0xa1, 0xa, 0xa7, 0x0, 0x0, 0xa, 0xed,
    0xa0, 0x94, 0xf5, 0x0, 0x55, 0x55, 0xaa, 0x75,
    0x5e, 0x7f, 0x50, 0xf, 0xff, 0xf0, 0x8, 0xff,
    0xf7,

    /* U+6D4B "测" */
    0xf5, 0x5f, 0xff, 0xff, 0xf5, 0x0, 0xe, 0x75,
    0x8c, 0xf5, 0x55, 0x5f, 0x53, 0xa0, 0xe7, 0x5,
    0xbf, 0x6, 0x30, 0xf5, 0x5f, 0xe, 0x72, 0x5,
    0xf0, 0xe7, 0xf, 0x55, 0xf0, 0xe7, 0xf5, 0x5f,
    0xe, 0x70, 0xf5, 0x5f, 0xe, 0x73, 0x9d, 0xf0,
    0xe7, 0xf, 0x55, 0xf0, 0xe7, 0x5, 0xbf, 0xe,
    0x70, 0xf5, 0x5f, 0xe, 0x70, 0x5, 0xf0, 0xe7,
    0xf, 0x55, 0xf0, 0xe7, 0x0, 0x5f, 0xe, 0x70,
    0xf5, 0x5f, 0xe, 0x70, 0x8d, 0xf0, 0xe7, 0xf,
    0x55, 0xf0, 0xe7, 0xa, 0xd9, 0xe, 0x70, 0x92,
    0x29, 0xe, 0x7a, 0xd9, 0xa, 0xdc, 0xa0, 0x0,
    0x0, 0xe7, 0xf5, 0x15, 0xa1, 0x5a, 0x51, 0x15,
    0x5e, 0x7f, 0x55, 0xf0, 0x0, 0xf, 0x55, 0xff,
    0xf7,

    /* U+6D4E "济" */
    0xf5, 0x0, 0x0, 0x0, 0xa, 0xa0, 0x0, 0x5,
    0xca, 0xf, 0xff, 0xff, 0xff, 0xff, 0xfa, 0x3,
    0x30, 0x5c, 0xc5, 0x55, 0x55, 0xf8, 0x35, 0x10,
    0x0, 0x78, 0x50, 0x1, 0x5a, 0x30, 0xf5, 0x0,
    0x0, 0x5f, 0x0, 0x5f, 0x0, 0x0, 0xaa, 0x0,
    0x0, 0xf, 0xfa, 0x0, 0x0, 0x5, 0x50, 0x0,
    0x27, 0x88, 0x87, 0x0, 0x0, 0x0, 0x1, 0x15,
    0xe0, 0x4, 0xe1, 0x11, 0x0, 0x0, 0xff, 0xa0,
    0x0, 0x0, 0xff, 0xa0, 0xaa, 0x0, 0xaa, 0x0,
    0x0, 0xf, 0x50, 0xa, 0xa0, 0xa, 0xa0, 0x0,
    0x0, 0xf5, 0xa, 0xa7, 0x0, 0xaa, 0x0, 0x0,
    0xf, 0x50, 0xf5, 0x0, 0xa, 0xa0, 0x0, 0x0,
    0xf5, 0xf, 0x50, 0xf, 0x50, 0x0, 0x0, 0xf,
    0x50,

    /* U+6D4F "浏" */
    0xf5, 0x0, 0xe, 0x70, 0x0, 0x0, 0xe, 0x75,
    0xca, 0x0, 0x4b, 0xf0, 0x5, 0xf0, 0xe7, 0x3,
    0x7a, 0xaa, 0xdf, 0xaa, 0xcf, 0xe, 0x75, 0x13,
    0xaa, 0xaa, 0xaf, 0xcc, 0xf0, 0xe7, 0xf5, 0x0,
    0x0, 0x0, 0xf5, 0x5f, 0xe, 0x70, 0xaa, 0xf,
    0x10, 0xf, 0x55, 0xf0, 0xe7, 0x5, 0x50, 0x87,
    0x30, 0xf5, 0x5f, 0xe, 0x70, 0x0, 0x0, 0xc7,
    0x1e, 0x45, 0xf0, 0xe7, 0x0, 0x0, 0x0, 0x8f,
    0x0, 0x5f, 0xe, 0x70, 0xaa, 0x0, 0x8, 0xf0,
    0x5, 0xf0, 0xe7, 0xa, 0xa0, 0x9, 0x75, 0xa3,
    0x15, 0xe, 0x7a, 0xa7, 0xa, 0xa4, 0xa, 0xa7,
    0x0, 0xe7, 0xf5, 0x15, 0xa1, 0x0, 0x7, 0x71,
    0x5e, 0x7f, 0x55, 0xf0, 0x0, 0x0, 0x0, 0x3f,
    0xf7,

    /* U+6D59 "浙" */
    0xf5, 0x0, 0xe, 0x70, 0x0, 0x0, 0xff, 0xa5,
    0xc9, 0x0, 0xe7, 0x0, 0xaf, 0xf5, 0x53, 0x3,
    0x22, 0xaf, 0xd8, 0xa, 0xc5, 0x0, 0x5, 0x10,
    0x2a, 0xfd, 0x80, 0xaa, 0x0, 0x0, 0xf5, 0x0,
    0xe, 0x70, 0xa, 0xa0, 0x0, 0x0, 0xa9, 0x0,
    0xe7, 0x0, 0xaf, 0xff, 0xfa, 0x5, 0x40, 0xe,
    0xb5, 0xa, 0xd8, 0xfb, 0x50, 0x0, 0x1, 0xef,
    0xb0, 0xaa, 0xf, 0x50, 0x0, 0x3, 0xff, 0x70,
    0xa, 0xa0, 0xf5, 0x0, 0xa9, 0x0, 0xe7, 0x0,
    0xaa, 0xf, 0x50, 0xa, 0x90, 0xe, 0x70, 0xa,
    0xa0, 0xf5, 0xa, 0xa6, 0x0, 0xe7, 0x0, 0xaa,
    0xf, 0x50, 0xf5, 0x0, 0xe, 0x70, 0xa, 0xa0,
    0xf5, 0xf, 0x50, 0x3f, 0xf7, 0xf, 0x50, 0xf,
    0x50,

    /* U+6D6E "浮" */
    0xf5, 0x0, 0x0, 0x0, 0x0, 0x5f, 0xf1, 0x5,
    0x87, 0xa, 0xaa, 0xaa, 0xa8, 0x55, 0x0, 0x5,
    0x50, 0x8d, 0xd8, 0xfb, 0x50, 0x6, 0x31, 0x0,
    0x0, 0x9a, 0x1e, 0x61, 0x1, 0xc6, 0xf5, 0x0,
    0x0, 0x5f, 0xa, 0xa1, 0xf1, 0x0, 0xaa, 0x0,
    0xaf, 0xff, 0xff, 0xff, 0x10, 0x3, 0x30, 0x3,
    0x55, 0x55, 0x8e, 0x50, 0x0, 0x0, 0x0, 0x0,
    0x0, 0x37, 0x90, 0x0, 0x0, 0x0, 0x0, 0x0,
    0xa, 0xa0, 0x0, 0x0, 0xaa, 0xf, 0xff, 0xff,
    0xff, 0xff, 0xf7, 0xa, 0xa0, 0x55, 0x55, 0x5c,
    0xc5, 0x55, 0x2a, 0xa7, 0x0, 0x0, 0x0, 0xaa,
    0x0, 0x0, 0xf5, 0x0, 0x0, 0x15, 0x5c, 0xa0,
    0x0, 0xf, 0x50, 0x0, 0x5, 0xff, 0xfa, 0x0,
    0x0,

    /* U+6D77 "海" */
    0xf5, 0x0, 0xa, 0xa0, 0x0, 0x0, 0x0, 0x5,
    0x87, 0x0, 0xae, 0xaa, 0xaa, 0xaa, 0xa7, 0x5,
    0x50, 0x78, 0x88, 0x88, 0x88, 0x88, 0x51, 0x0,
    0xe, 0x51, 0x11, 0x11, 0x11, 0x0, 0xf5, 0x0,
    0xa, 0xff, 0xff, 0xff, 0xf5, 0x0, 0xaa, 0x0,
    0xaa, 0xf, 0x50, 0xf, 0x50, 0x3, 0x30, 0xa,
    0xa0, 0x58, 0x70, 0xf5, 0x0, 0x0, 0x5, 0xcc,
    0x55, 0xcc, 0x5f, 0x83, 0x0, 0x0, 0xff, 0xff,
    0xff, 0xff, 0xff, 0xa0, 0xaa, 0x0, 0xaa, 0xf,
    0x50, 0xf, 0x50, 0xa, 0xa0, 0xa, 0xa0, 0x58,
    0x70, 0xf5, 0xa, 0xa7, 0x0, 0xae, 0xaa, 0xee,
    0xaf, 0xc7, 0xf5, 0x0, 0x7, 0xaa, 0xaa, 0xaa,
    0xfc, 0x7f, 0x50, 0x0, 0x0, 0x0, 0x0, 0xf,
    0x50,

    /* U+6D88 "消" */
    0xa, 0xa0, 0xe, 0x70, 0xe, 0x70, 0xa, 0xa0,
    0x38, 0xf0, 0x4b, 0xc0, 0xe7, 0xf, 0x83, 0x0,
    0x15, 0x0, 0x24, 0xe, 0x70, 0x51, 0x5, 0x10,
    0x0, 0x45, 0x55, 0xea, 0x55, 0x53, 0xf5, 0x0,
    0xe, 0xff, 0xff, 0xff, 0xff, 0xa0, 0xaa, 0x0,
    0xe7, 0x0, 0x0, 0x0, 0xaa, 0x5, 0x50, 0xe,
    0xb7, 0x77, 0x77, 0x7d, 0xa0, 0x0, 0x0, 0xef,
    0xee, 0xee, 0xee, 0xfa, 0x0, 0x0, 0xe, 0x70,
    0x0, 0x0, 0xa, 0xa0, 0xaa, 0x0, 0xef, 0xff,
    0xff, 0xff, 0xfa, 0xa, 0xa0, 0xe, 0xa5, 0x55,
    0x55, 0x5c, 0xaa, 0xa7, 0x0, 0xe7, 0x0, 0x0,
    0x0, 0xaa, 0xf5, 0x0, 0xe, 0x70, 0x0, 0x0,
    0x5c, 0xaf, 0x50, 0x0, 0xe7, 0x0, 0x0, 0xf,
    0xfa,

    /* U+6DF1 "深" */
    0xf5, 0x0, 0xff, 0xff, 0xff, 0xff, 0xff, 0x75,
    0x87, 0xf, 0x85, 0x55, 0x55, 0x55, 0xe7, 0x5,
    0x50, 0x83, 0x0, 0x72, 0x27, 0x7, 0x31, 0x0,
    0x0, 0x0, 0x1e, 0x44, 0xe1, 0x0, 0xf5, 0x0,
    0x0, 0x5f, 0x0, 0x0, 0xf1, 0x0, 0xaa, 0xf,
    0xfa, 0x0, 0x0, 0x0, 0xe7, 0x3, 0x30, 0x55,
    0x30, 0xa, 0xa0, 0x4, 0x20, 0x0, 0x5, 0x55,
    0x55, 0xcc, 0x55, 0x52, 0x0, 0x0, 0xff, 0xff,
    0xff, 0xff, 0xff, 0x70, 0xaa, 0x0, 0x0, 0x0,
    0xaa, 0x0, 0x0, 0xa, 0xa0, 0x0, 0x0, 0xae,
    0xea, 0x0, 0x5, 0x87, 0x0, 0x1, 0x5a, 0xee,
    0xa5, 0x0, 0xf5, 0x0, 0x55, 0x8f, 0xa, 0xa0,
    0xf6, 0x2f, 0x50, 0xf, 0xfa, 0x0, 0xaa, 0x0,
    0xe7,

    /* U+6E05 "清" */
    0xa, 0xa0, 0x0, 0x0, 0xe, 0x70, 0x0, 0x0,
    0x38, 0xf0, 0xef, 0xff, 0xff, 0xff, 0x50, 0x0,
    0x15, 0x4, 0x55, 0x5e, 0xa5, 0x51, 0x5, 0x10,
    0x0, 0x45, 0x55, 0xea, 0x55, 0x10, 0xf5, 0x0,
    0xe, 0xff, 0xff, 0xff, 0xf5, 0x0, 0xaa, 0x0,
    0x0, 0x0, 0xe7, 0x0, 0x0, 0x5, 0x50, 0x77,
    0x77, 0x7f, 0xb7, 0x77, 0x40, 0x0, 0xe, 0xff,
    0xee, 0xee, 0xef, 0xe9, 0x0, 0x0, 0xe, 0x70,
    0x0, 0x0, 0xf5, 0x0, 0xaa, 0x0, 0xef, 0xff,
    0xff, 0xff, 0x50, 0xa, 0xa0, 0xe, 0xa5, 0x55,
    0x55, 0xf5, 0x5, 0x87, 0x0, 0xea, 0x55, 0x55,
    0x5f, 0x50, 0xf5, 0x0, 0xe, 0xff, 0xff, 0xff,
    0xf5, 0xf, 0x50, 0x0, 0xe7, 0x0, 0x0, 0xf,
    0x50,

    /* U+6E2F "港" */
    0xa, 0xa0, 0x0, 0x7f, 0x0, 0x7d, 0x0, 0x0,
    0x38, 0xf0, 0xef, 0xff, 0xff, 0xff, 0x10, 0x0,
    0x15, 0x4, 0x9f, 0x55, 0x9e, 0x50, 0x5, 0x10,
    0x5, 0x59, 0xf5, 0x59, 0xe5, 0x52, 0xf5, 0x0,
    0xff, 0xff, 0xff, 0xff, 0xff, 0x70, 0xaa, 0x0,
    0x7, 0xf0, 0x7, 0xd0, 0x0, 0x7, 0x70, 0x6,
    0x8a, 0x0, 0x49, 0x70, 0x0, 0x0, 0x1, 0xc8,
    0x11, 0x11, 0x3e, 0x30, 0x0, 0x0, 0xf1, 0x7f,
    0xff, 0xfd, 0xe, 0x70, 0xaa, 0x0, 0x7, 0xf0,
    0x7, 0xd0, 0x0, 0xa, 0xa0, 0x0, 0x7f, 0xaa,
    0xdd, 0x0, 0xa, 0xa7, 0x0, 0x7, 0xfa, 0xaa,
    0x80, 0x94, 0xf5, 0x0, 0x0, 0x7f, 0x55, 0x55,
    0x5e, 0x7f, 0x50, 0x0, 0x0, 0xf, 0xff, 0xff,
    0xf7,

    /* U+6E56 "湖" */
    0xf5, 0x0, 0xa, 0xa0, 0xe, 0xff, 0xff, 0x75,
    0x84, 0x0, 0xaa, 0x0, 0xea, 0x55, 0xe7, 0x5,
    0x77, 0x7d, 0xd7, 0x7f, 0x70, 0xe, 0x71, 0x7,
    0xee, 0xff, 0xee, 0xf8, 0x11, 0xe7, 0xf5, 0x0,
    0xa, 0xa0, 0xe, 0xff, 0xff, 0x70, 0xa7, 0x0,
    0xaa, 0x0, 0xe7, 0x0, 0xe7, 0x3, 0x20, 0xa,
    0xa0, 0xe, 0x70, 0xe, 0x70, 0x0, 0x2, 0xbb,
    0x20, 0xe8, 0x22, 0xe7, 0x0, 0x0, 0xff, 0xff,
    0xe, 0xff, 0xff, 0x70, 0xa7, 0xf, 0x88, 0xf0,
    0xe7, 0x0, 0xe7, 0xa, 0x70, 0xf5, 0x5f, 0xe,
    0x70, 0xe, 0x7a, 0xa4, 0xf, 0x55, 0xf0, 0xe7,
    0x0, 0xe7, 0xf5, 0x0, 0xf5, 0x5f, 0xe, 0x70,
    0xe, 0x7f, 0x50, 0xf, 0xcc, 0xfa, 0x82, 0x2a,
    0xf7,

    /* U+6E7E "湾" */
    0xf5, 0x0, 0x0, 0x0, 0xa, 0xa0, 0x0, 0x5,
    0x87, 0xa, 0xaa, 0xaa, 0xee, 0xaa, 0xa7, 0x7,
    0x70, 0xae, 0xea, 0xfc, 0xcf, 0xfc, 0x72, 0x0,
    0x2, 0x98, 0xf, 0x55, 0xfd, 0x61, 0xf5, 0x0,
    0xf5, 0x0, 0xf5, 0x5f, 0xa, 0xa0, 0xaa, 0x0,
    0xaf, 0xff, 0xff, 0xff, 0x50, 0x3, 0x30, 0x3,
    0x55, 0x55, 0x55, 0xf5, 0x0, 0x0, 0x0, 0x35,
    0x55, 0x55, 0x5f, 0x50, 0x0, 0x0, 0xa, 0xff,
    0xff, 0xff, 0xf5, 0x0, 0x88, 0x0, 0xaa, 0x0,
    0x0, 0x0, 0x0, 0xa, 0xa0, 0xa, 0xd7, 0x77,
    0x77, 0x77, 0x4a, 0xd9, 0x0, 0x9e, 0xee, 0xee,
    0xee, 0xfa, 0xf5, 0x0, 0x0, 0x0, 0x3, 0x55,
    0x5c, 0xaf, 0x50, 0x0, 0x0, 0x0, 0xaf, 0xff,
    0x72,

    /* U+6E90 "源" */
    0xf5, 0x0, 0xff, 0xff, 0xff, 0xff, 0xff, 0xa5,
    0x87, 0xf, 0x65, 0x55, 0xea, 0x55, 0x53, 0x5,
    0x50, 0xf1, 0x37, 0x7f, 0xb7, 0x72, 0x1, 0x0,
    0xf, 0x18, 0xfe, 0xee, 0xef, 0x50, 0xf5, 0x0,
    0xf1, 0x8c, 0x0, 0x0, 0xf5, 0x0, 0xaa, 0xf,
    0x18, 0xff, 0xff, 0xff, 0x50, 0x3, 0x30, 0xf1,
    0x8d, 0x55, 0x55, 0xf5, 0x0, 0x0, 0xf, 0x18,
    0xd5, 0x55, 0x5f, 0x50, 0x0, 0x0, 0xf1, 0x8f,
    0xff, 0xff, 0xf5, 0x0, 0xaa, 0xf, 0x10, 0x0,
    0xe7, 0x0, 0x0, 0xa, 0xa0, 0xf1, 0x58, 0xe,
    0x70, 0xa3, 0xa, 0x73, 0xf, 0x18, 0xc0, 0xe7,
    0x5, 0x87, 0xf5, 0x0, 0xf1, 0x8c, 0xe, 0x70,
    0xa, 0xaf, 0x55, 0xf0, 0xe7, 0x3f, 0xf7, 0x0,
    0xaa,

    /* U+6ED1 "滑" */
    0xa, 0xa0, 0xe, 0xff, 0xff, 0xff, 0xf5, 0x0,
    0x38, 0xf0, 0xea, 0x55, 0x55, 0x5f, 0x50, 0x0,
    0x15, 0xe, 0xda, 0xa3, 0x0, 0xf5, 0x5, 0x10,
    0x0, 0xed, 0xaf, 0x50, 0xf, 0x50, 0xf5, 0x0,
    0xe, 0x70, 0xf5, 0x0, 0xf5, 0x0, 0xaa, 0xf,
    0xff, 0xff, 0xff, 0xff, 0xfa, 0x3, 0x30, 0xf6,
    0x55, 0x55, 0x55, 0x5c, 0xa0, 0x0, 0xa, 0x55,
    0x55, 0x55, 0x55, 0x87, 0x0, 0x0, 0xe, 0xff,
    0xff, 0xff, 0xf5, 0x0, 0x88, 0x0, 0xe7, 0x0,
    0x0, 0xf, 0x50, 0xa, 0xa0, 0xe, 0xb7, 0x77,
    0x77, 0xf5, 0xa, 0xd9, 0x0, 0xef, 0xee, 0xee,
    0xef, 0x50, 0xf5, 0x0, 0xe, 0x70, 0x0, 0x15,
    0xf5, 0xf, 0x50, 0x0, 0xe7, 0x0, 0x5, 0xff,
    0x50,

    /* U+6EE1 "满" */
    0xf5, 0x0, 0x0, 0x5f, 0x0, 0x5f, 0x0, 0x5,
    0xca, 0xf, 0xff, 0xff, 0xff, 0xff, 0xf7, 0x3,
    0x30, 0x55, 0x8f, 0x55, 0x8f, 0x55, 0x25, 0x10,
    0x5, 0x58, 0xf5, 0x58, 0xf5, 0x52, 0xf5, 0x0,
    0xff, 0xff, 0xff, 0xff, 0xff, 0x70, 0xaa, 0x0,
    0x5, 0xf0, 0x5, 0xf0, 0x0, 0x5, 0x50, 0x77,
    0xaf, 0x77, 0xaf, 0x77, 0x30, 0x0, 0xf, 0xee,
    0xfe, 0xee, 0xfe, 0xf7, 0x0, 0x0, 0xf5, 0x5f,
    0x0, 0x5f, 0xe, 0x70, 0xaa, 0xf, 0x55, 0xf0,
    0x5, 0xf0, 0xe7, 0xa, 0xa0, 0xf8, 0x7a, 0x55,
    0x7b, 0x5e, 0x7a, 0xa7, 0xf, 0xc7, 0xa, 0xa7,
    0x2a, 0xf7, 0xf5, 0x0, 0xf5, 0x0, 0x0, 0x1,
    0x5e, 0x7f, 0x50, 0xf, 0x50, 0x0, 0x0, 0x3f,
    0xf7,

    /* U+6FB3 "澳" */
    0xa, 0xa0, 0x0, 0x0, 0xa, 0xa0, 0x0, 0x0,
    0x38, 0xf0, 0xaf, 0xff, 0xff, 0xff, 0xfa, 0x0,
    0x15, 0xa, 0xff, 0x5c, 0xc5, 0xff, 0xa5, 0x10,
    0x0, 0xae, 0xa0, 0xaa, 0xa, 0xea, 0xf5, 0x0,
    0xa, 0xa0, 0xa, 0xa0, 0xa, 0xa0, 0xaa, 0x0,
    0xaf, 0xff, 0xff, 0xff, 0xfa, 0x3, 0x30, 0xa,
    0xc5, 0xff, 0xff, 0x5c, 0xa0, 0x0, 0x0, 0xac,
    0x5a, 0xee, 0xa5, 0xca, 0x0, 0x0, 0xa, 0xff,
    0xa, 0xa0, 0xff, 0xa0, 0xaa, 0xf, 0xff, 0xff,
    0xff, 0xff, 0xfa, 0xa, 0xa0, 0xaa, 0xaa, 0xfc,
    0xcf, 0xaa, 0x7a, 0xa7, 0x0, 0x3, 0xaa, 0x33,
    0xaa, 0x30, 0xf5, 0x0, 0x55, 0x7a, 0x0, 0x0,
    0xa7, 0x3f, 0x50, 0xf, 0xfa, 0x0, 0x0, 0x0,
    0xaa,

    /* U+706F "灯" */
    0x0, 0x5f, 0x0, 0x1f, 0xff, 0xff, 0xff, 0xe0,
    0x5, 0xf0, 0x0, 0x55, 0x57, 0xf6, 0x54, 0xe4,
    0x5f, 0x0, 0x0, 0x0, 0x4f, 0x20, 0xf, 0x55,
    0xf9, 0x40, 0x0, 0x4, 0xf2, 0x0, 0xf5, 0x5f,
    0xc5, 0x0, 0x0, 0x4f, 0x20, 0xf, 0x55, 0xf0,
    0x0, 0x0, 0x4, 0xf2, 0x0, 0x10, 0x5f, 0x0,
    0x0, 0x0, 0x4f, 0x20, 0x0, 0x5, 0xf0, 0x0,
    0x0, 0x4, 0xf2, 0x0, 0x0, 0x5f, 0x0, 0x0,
    0x0, 0x4f, 0x20, 0x0, 0x5, 0xf0, 0x0, 0x0,
    0x4, 0xf2, 0x0, 0x7, 0xaa, 0xa4, 0x0, 0x0,
    0x4f, 0x20, 0x0, 0xaa, 0xf, 0x70, 0x0, 0x4,
    0xf2, 0x0, 0x5c, 0xa0, 0xf7, 0x0, 0x55, 0x7f,
    0x20, 0xf, 0x50, 0x0, 0x0, 0xf, 0xff, 0xf2,
    0x0,

    /* U+70B9 "点" */
    0x0, 0x0, 0x0, 0x5f, 0x0, 0x0, 0x0, 0x0,
    0x0, 0x0, 0x5, 0xff, 0xff, 0xff, 0xfa, 0x0,
    0x0, 0x0, 0x5f, 0x55, 0x55, 0x55, 0x30, 0x0,
    0x0, 0x5, 0xf0, 0x0, 0x0, 0x0, 0x0, 0x0,
    0x0, 0x5f, 0x0, 0x0, 0x0, 0x0, 0xaf, 0xff,
    0xff, 0xff, 0xff, 0xff, 0x50, 0xa, 0xc5, 0x55,
    0x55, 0x55, 0x55, 0xf5, 0x0, 0xaa, 0x0, 0x0,
    0x0, 0x0, 0xf, 0x50, 0xa, 0xa0, 0x0, 0x0,
    0x0, 0x0, 0xf5, 0x0, 0xaf, 0xff, 0xff, 0xff,
    0xff, 0xff, 0x50, 0x3, 0x55, 0x55, 0x55, 0x55,
    0x55, 0x51, 0x0, 0x33, 0x5, 0x10, 0x5, 0x0,
    0x5, 0x10, 0x5c, 0xa0, 0xf8, 0x30, 0xf6, 0x20,
    0xf8, 0x3f, 0x50, 0x0, 0xaa, 0x0, 0xe7, 0x0,
    0xaa,

    /* U+70ED "热" */
    0x0, 0x0, 0x0, 0x0, 0x0, 0x0, 0x0, 0x0,
    0x0, 0x8, 0x90, 0x0, 0xf, 0x20, 0x0, 0x0,
    0x2, 0x29, 0xa2, 0x11, 0x1f, 0x41, 0x10, 0x0,
    0xe, 0xff, 0xff, 0x9e, 0xff, 0xfe, 0xf6, 0x0,
    0x0, 0x8, 0x90, 0x0, 0x1f, 0x0, 0xb6, 0x0,
    0x0, 0x8, 0x92, 0x30, 0x3f, 0x0, 0xb5, 0x0,
    0x2, 0x6c, 0xfe, 0x7d, 0xac, 0x0, 0xb5, 0x0,
    0x2f, 0xcc, 0xa0, 0x2, 0xee, 0x30, 0xb6, 0x0,
    0x0, 0x8, 0x90, 0x2, 0xf8, 0xf6, 0x97, 0x12,
    0x0, 0x8, 0x90, 0x2d, 0x90, 0x24, 0x7a, 0x4a,
    0x3, 0xdf, 0x60, 0xd9, 0x0, 0x0, 0x1f, 0xe6,
    0x0, 0x44, 0x0, 0x10, 0x0, 0x0, 0x24, 0x30,
    0x0, 0xb9, 0x6, 0xa0, 0xf, 0x20, 0x8e, 0x10,
    0x5, 0xf1, 0x4, 0xd0, 0xa, 0x80, 0xc, 0xb0,
    0x1e, 0x50, 0x3, 0xe0, 0x6, 0xb0, 0x2, 0xf3,
    0x1, 0x0, 0x0, 0x0, 0x0, 0x0, 0x0, 0x10,

    /* U+7136 "然" */
    0x0, 0x0, 0x30, 0x0, 0x0, 0x0, 0x0, 0x0,
    0x0, 0x4, 0xf1, 0x0, 0x0, 0x5c, 0x67, 0x0,
    0x0, 0xb, 0xfd, 0xdd, 0x10, 0x5c, 0x1d, 0x60,
    0x0, 0x4e, 0x10, 0x4e, 0x0, 0x6c, 0x3, 0x50,
    0x2, 0xe6, 0xc6, 0x99, 0xff, 0xff, 0xff, 0xf1,
    0x1d, 0xa0, 0x2b, 0xf3, 0x11, 0x9f, 0x21, 0x10,
    0x29, 0x6a, 0x19, 0xb0, 0x0, 0xdf, 0x60, 0x0,
    0x0, 0x8, 0xef, 0x20, 0x4, 0xf8, 0xc0, 0x0,
    0x0, 0x6, 0xf5, 0x0, 0x1e, 0x80, 0xe5, 0x0,
    0x1, 0x9f, 0x50, 0x2, 0xdb, 0x0, 0x5f, 0x40,
    0xc, 0xb2, 0x0, 0x4f, 0x90, 0x0, 0x6, 0xf1,
    0x0, 0x10, 0x0, 0x3, 0x0, 0x0, 0x11, 0x10,
    0x0, 0xb9, 0x5, 0x90, 0xe, 0x20, 0x8d, 0x0,
    0x5, 0xf1, 0x4, 0xd0, 0xb, 0x80, 0xd, 0x80,
    0x1f, 0x50, 0x3, 0xf0, 0x6, 0xc0, 0x3, 0xf1,
    0x2, 0x0, 0x0, 0x0, 0x0, 0x0, 0x0, 0x20,

    /* U+7236 "父" */
    0x0, 0x1, 0xf1, 0x0, 0xa, 0xa0, 0x0, 0x0,
    0x3, 0xa5, 0x0, 0x0, 0x37, 0xa0, 0x0, 0x4,
    0x77, 0x0, 0x0, 0x0, 0x28, 0x72, 0x1, 0x9a,
    0x10, 0x0, 0x0, 0x0, 0x1e, 0x61, 0xf5, 0x5e,
    0x0, 0x0, 0x0, 0x5f, 0xa, 0xa3, 0x15, 0xe0,
    0x0, 0x0, 0x5, 0xf0, 0x22, 0x0, 0x28, 0x70,
    0x0, 0x4, 0x78, 0x0, 0x0, 0x0, 0x1e, 0x30,
    0x1, 0xa9, 0x0, 0x0, 0x0, 0x0, 0xe, 0x70,
    0xf5, 0x0, 0x0, 0x0, 0x0, 0x0, 0x8, 0xf0,
    0x0, 0x0, 0x0, 0x0, 0x0, 0x9, 0x75, 0xa3,
    0x0, 0x0, 0x0, 0x1, 0x55, 0xa4, 0xa, 0x75,
    0x50, 0x0, 0x55, 0x8f, 0xf1, 0x0, 0xa, 0xff,
    0x55, 0x3f, 0xfa, 0x0, 0x0, 0x0, 0x0, 0xf,
    0xfa,

    /* U+7247 "片" */
    0x0, 0x5f, 0x0, 0x0, 0xe, 0x70, 0x0, 0x0,
    0x5, 0xf0, 0x0, 0x0, 0xe7, 0x0, 0x0, 0x0,
    0x5f, 0x0, 0x0, 0xe, 0x70, 0x0, 0x0, 0x5,
    0xf5, 0x55, 0x55, 0xea, 0x55, 0x53, 0x0, 0x5f,
    0xff, 0xff, 0xff, 0xff, 0xff, 0xa0, 0x5, 0xf0,
    0x0, 0x0, 0x0, 0x0, 0x0, 0x0, 0x5f, 0x0,
    0x0, 0x0, 0x0, 0x0, 0x0, 0x5, 0xf5, 0x55,
    0x55, 0x55, 0x40, 0x0, 0x0, 0x5f, 0xff, 0xff,
    0xff, 0xfd, 0x0, 0x0, 0x5, 0xf0, 0x0, 0x0,
    0x8, 0xd0, 0x0, 0x7, 0xaa, 0x0, 0x0, 0x0,
    0x8d, 0x0, 0x0, 0xaa, 0x0, 0x0, 0x0, 0x8,
    0xd0, 0x0, 0x5c, 0xa0, 0x0, 0x0, 0x0, 0x8d,
    0x0, 0xf, 0x50, 0x0, 0x0, 0x0, 0x8, 0xd0,
    0x0,

    /* U+7248 "版" */
    0xa, 0xa0, 0xf5, 0x0, 0x0, 0x0, 0xff, 0xa0,
    0xaa, 0xf, 0x55, 0xff, 0xff, 0xf5, 0x53, 0xa,
    0xa0, 0xf5, 0x5f, 0x55, 0x55, 0x0, 0x0, 0xac,
    0x5f, 0x88, 0xf0, 0x0, 0x0, 0x0, 0xa, 0xff,
    0xff, 0xff, 0x0, 0x0, 0x0, 0x0, 0xaa, 0x0,
    0x5, 0xff, 0xff, 0xff, 0xfa, 0xa, 0xa0, 0x0,
    0x5f, 0x55, 0x55, 0x5c, 0xa0, 0xac, 0x55, 0x15,
    0xf5, 0x0, 0x0, 0xaa, 0xa, 0xff, 0xf5, 0x5f,
    0xf1, 0x0, 0xa, 0xa0, 0xaa, 0xf, 0x55, 0xf0,
    0xe7, 0xf, 0x50, 0xa, 0xa0, 0xf5, 0x5f, 0x4,
    0x8a, 0x51, 0x0, 0xaa, 0xf, 0x55, 0xf0, 0x48,
    0xa5, 0x10, 0x5c, 0xa0, 0xf8, 0x8f, 0x5e, 0x70,
    0xf8, 0x3f, 0x83, 0xf, 0xfc, 0x5f, 0x10, 0x0,
    0xaa,

    /* U+724C "牌" */
    0xa, 0xa0, 0xf5, 0x0, 0xf1, 0x0, 0x0, 0x0,
    0xaa, 0xf, 0x53, 0xaf, 0xba, 0xaa, 0xa4, 0xa,
    0xa0, 0xf5, 0x5f, 0xaf, 0xca, 0xaf, 0x70, 0xac,
    0x5f, 0x88, 0xf5, 0xea, 0x55, 0xe7, 0xa, 0xff,
    0xff, 0xff, 0xff, 0xff, 0xff, 0x70, 0xaa, 0x0,
    0x5, 0xf0, 0xe7, 0x0, 0xe7, 0xa, 0xa0, 0x0,
    0x5f, 0xaf, 0xda, 0xaf, 0x70, 0xac, 0x55, 0x13,
    0xaf, 0xbd, 0xea, 0xa4, 0xa, 0xff, 0xf5, 0x0,
    0xf1, 0x8c, 0x0, 0x0, 0xaa, 0xf, 0x54, 0xc0,
    0x8, 0xc0, 0x0, 0xa, 0xa0, 0xfa, 0xaf, 0x77,
    0xce, 0x77, 0x30, 0xaa, 0xf, 0xee, 0xee, 0xef,
    0xfe, 0xe6, 0x5c, 0xa0, 0xf5, 0x0, 0x0, 0x8c,
    0x0, 0xf, 0x83, 0xf, 0x50, 0x0, 0x8, 0xc0,
    0x0,

    /* U+72B6 "状" */
    0x0, 0x5f, 0x0, 0x0, 0xe, 0x73, 0xf2, 0x0,
    0x5, 0xf0, 0x0, 0x0, 0xe7, 0x15, 0xe7, 0xa3,
    0x5f, 0x0, 0x0, 0xe, 0x70, 0x4, 0x2a, 0x78,
    0xf0, 0x45, 0x55, 0xea, 0x55, 0x52, 0xa, 0xff,
    0xe, 0xff, 0xff, 0xff, 0xff, 0x70, 0x5, 0xf0,
    0x0, 0x0, 0xe7, 0x0, 0x0, 0x0, 0x5f, 0x0,
    0x1, 0x59, 0x74, 0x0, 0x0, 0x5, 0xf0, 0x0,
    0x3f, 0x18, 0xc0, 0x0, 0x0, 0x5f, 0x0, 0x3,
    0xf1, 0x8c, 0x0, 0x0, 0x9e, 0xf0, 0x0, 0x3f,
    0x18, 0xc0, 0x0, 0xa7, 0x8f, 0x0, 0x69, 0x50,
    0x26, 0xa1, 0xa, 0x35, 0xf0, 0x9, 0xc0, 0x0,
    0x3f, 0x20, 0x0, 0x5f, 0x4, 0xbc, 0x0, 0x3,
    0xf6, 0x20, 0x5, 0xf0, 0xe7, 0x0, 0x0, 0x0,
    0xe7,

    /* U+731C "猜" */
    0xf5, 0x5e, 0x0, 0x0, 0xe, 0x70, 0x0, 0x5,
    0xcc, 0x40, 0xef, 0xff, 0xff, 0xff, 0x50, 0xa,
    0xa0, 0x4, 0x55, 0x5e, 0xa5, 0x51, 0x5, 0x88,
    0x40, 0x45, 0x55, 0xea, 0x55, 0x10, 0xf5, 0x5e,
    0xe, 0xff, 0xff, 0xff, 0xf5, 0x0, 0x5, 0xe0,
    0x0, 0x0, 0xe7, 0x0, 0x0, 0x0, 0x5f, 0x77,
    0x77, 0x7f, 0xb7, 0x77, 0x40, 0x16, 0xfe, 0xff,
    0xee, 0xee, 0xef, 0xe9, 0xa, 0xfe, 0xe, 0x70,
    0x0, 0x0, 0xf5, 0xf, 0x55, 0xe0, 0xef, 0xff,
    0xff, 0xff, 0x50, 0x51, 0x5e, 0xe, 0xa5, 0x55,
    0x55, 0xf5, 0x0, 0x5, 0xe0, 0xea, 0x55, 0x55,
    0x5f, 0x50, 0x55, 0x8e, 0xe, 0xff, 0xff, 0xff,
    0xf5, 0xf, 0xfa, 0x0, 0xe7, 0x0, 0x0, 0xf,
    0x50,

    /* U+7387 "率" */
    0x0, 0x0, 0x0, 0x5f, 0x0, 0x0, 0x0, 0xf,
    0xff, 0xff, 0xff, 0xff, 0xff, 0xff, 0xfa, 0x5c,
    0xc5, 0x55, 0x8f, 0x55, 0x55, 0xf8, 0x30, 0x78,
    0x50, 0x37, 0xa5, 0x11, 0x5a, 0x30, 0x0, 0x5f,
    0xa, 0xa0, 0xf5, 0x5f, 0x0, 0x0, 0x0, 0x0,
    0x5, 0xf0, 0x0, 0x0, 0x0, 0x7, 0x70, 0x7,
    0x85, 0xa3, 0x0, 0xa3, 0x5, 0x53, 0x5, 0xce,
    0xaf, 0x83, 0x5, 0x53, 0xf5, 0x0, 0xff, 0xff,
    0xff, 0xa0, 0xa, 0xa0, 0x0, 0x0, 0x5, 0xf0,
    0x0, 0x0, 0x0, 0x77, 0x77, 0x77, 0xaf, 0x77,
    0x77, 0x77, 0x4e, 0xee, 0xee, 0xee, 0xfe, 0xee,
    0xee, 0xe9, 0x0, 0x0, 0x0, 0x5f, 0x0, 0x0,
    0x0, 0x0, 0x0, 0x0, 0x5, 0xf0, 0x0, 0x0,
    0x0,

    /* U+73AF "环" */
    0x0, 0x0, 0xa, 0xff, 0xff, 0xff, 0xff, 0xaf,
    0xff, 0xff, 0x85, 0x55, 0x5b, 0xf5, 0x53, 0x55,
    0x8f, 0x51, 0x0, 0xe, 0xa5, 0x0, 0x0, 0x5,
    0xf0, 0x0, 0x0, 0xe7, 0x0, 0x0, 0x0, 0x5f,
    0x0, 0x0, 0x1e, 0x70, 0x10, 0x0, 0x5, 0xf0,
    0x0, 0x3f, 0xf7, 0xf, 0x50, 0xaa, 0xcf, 0xa3,
    0x3b, 0x5e, 0x70, 0x58, 0x7a, 0xac, 0xfa, 0x77,
    0xa0, 0xe7, 0x0, 0xaa, 0x0, 0x5f, 0xa, 0xa0,
    0xe, 0x70, 0xa, 0xa0, 0x5, 0xf0, 0x0, 0x0,
    0xe7, 0x0, 0x0, 0x0, 0x5f, 0xa3, 0x0, 0xe,
    0x70, 0x0, 0x5, 0x57, 0xaa, 0x30, 0x0, 0xe7,
    0x0, 0x0, 0xff, 0xa0, 0x0, 0x0, 0xe, 0x70,
    0x0, 0x0, 0x0, 0x0, 0x0, 0x0, 0xe7, 0x0,
    0x0,

    /* U+73B0 "现" */
    0x0, 0x0, 0x0, 0xef, 0xff, 0xff, 0xff, 0x10,
    0x2a, 0xaa, 0x80, 0xe9, 0x55, 0x55, 0x6f, 0x10,
    0x1, 0xe8, 0x10, 0xe6, 0x0, 0xc8, 0x1f, 0x10,
    0x0, 0xe7, 0x0, 0xe6, 0x0, 0xe9, 0x1f, 0x10,
    0x0, 0xe7, 0x0, 0xe6, 0x0, 0xe9, 0x1f, 0x10,
    0x0, 0xe7, 0x0, 0xe6, 0x0, 0xe9, 0x1f, 0x10,
    0x19, 0xfc, 0x70, 0xe6, 0x0, 0xe9, 0x1f, 0x10,
    0x3e, 0xff, 0xb0, 0xe6, 0x0, 0xe9, 0x1f, 0x10,
    0x0, 0xe7, 0x0, 0xe6, 0x0, 0xe9, 0x1f, 0x10,
    0x0, 0xe7, 0x0, 0x42, 0x0, 0xe9, 0x5, 0x0,
    0x0, 0xef, 0xb0, 0x0, 0x3e, 0x36, 0xd0, 0xd6,
    0x15, 0xed, 0x80, 0x3, 0x6a, 0x16, 0xe0, 0xe6,
    0x3f, 0xf7, 0x15, 0x5b, 0xc0, 0x6, 0xf5, 0xf6,
    0x0, 0x0, 0x4f, 0xf6, 0x0, 0x6, 0xff, 0xf6,

    /* U+7403 "球" */
    0x0, 0x0, 0x0, 0x0, 0x0, 0xe6, 0x3f, 0x10,
    0x2a, 0xaa, 0x80, 0x0, 0x0, 0xe6, 0x15, 0xa4,
    0x18, 0xfc, 0x60, 0x67, 0x77, 0xfa, 0x77, 0xf7,
    0x0, 0xe7, 0x0, 0xde, 0xee, 0xfe, 0xee, 0xe6,
    0x0, 0xe7, 0x0, 0x0, 0x0, 0xe6, 0x0, 0x0,
    0x0, 0xe7, 0x0, 0xb5, 0x0, 0xe6, 0x0, 0xb5,
    0x17, 0xfb, 0x50, 0x87, 0x50, 0xe6, 0x17, 0x83,
    0x3e, 0xff, 0xb0, 0x8, 0xa0, 0xe7, 0x4e, 0x10,
    0x0, 0xe7, 0x0, 0x0, 0x0, 0xef, 0xc0, 0x0,
    0x0, 0xe7, 0x0, 0x0, 0x4f, 0xf6, 0x3f, 0x10,
    0x0, 0xed, 0x80, 0x6, 0x95, 0xf6, 0x15, 0xa4,
    0x15, 0xed, 0x80, 0x48, 0x80, 0xe6, 0x0, 0x94,
    0x3f, 0xf7, 0x0, 0xe6, 0x15, 0xf6, 0x0, 0x0,
    0x0, 0x0, 0x0, 0x0, 0x4f, 0xf6, 0x0, 0x0,

    /* U+7406 "理" */
    0x0, 0x0, 0x0, 0xcf, 0xff, 0xff, 0xff, 0xf9,
    0x3f, 0xff, 0xc0, 0xcb, 0x55, 0xdb, 0x55, 0xd9,
    0x15, 0xea, 0x40, 0xc9, 0x0, 0xb9, 0x0, 0xb9,
    0x0, 0xe7, 0x0, 0xcb, 0x55, 0xdb, 0x55, 0xd9,
    0x0, 0xe7, 0x0, 0xcf, 0xff, 0xff, 0xff, 0xf9,
    0x0, 0xe7, 0x0, 0xc9, 0x0, 0xb9, 0x0, 0xb9,
    0x2a, 0xfd, 0x80, 0xc9, 0x0, 0xb9, 0x0, 0xb9,
    0x2a, 0xfd, 0x80, 0xcb, 0x55, 0xdb, 0x55, 0xd9,
    0x0, 0xe7, 0x0, 0xcf, 0xff, 0xff, 0xff, 0xf9,
    0x0, 0xe7, 0x0, 0x0, 0x0, 0xb9, 0x0, 0x0,
    0x0, 0xed, 0x80, 0x8a, 0xaa, 0xed, 0xaa, 0xa6,
    0x15, 0xed, 0x80, 0x8a, 0xaa, 0xed, 0xaa, 0xa6,
    0x3f, 0xf7, 0x5, 0x55, 0x55, 0xdb, 0x55, 0x53,
    0x0, 0x0, 0x1f, 0xff, 0xff, 0xff, 0xff, 0xf9,

    /* U+7518 "甘" */
    0x0, 0x5f, 0x0, 0x0, 0x0, 0x5f, 0x0, 0x0,
    0x5, 0xf0, 0x0, 0x0, 0x5, 0xf0, 0x0, 0x77,
    0xaf, 0x77, 0x77, 0x77, 0xaf, 0x77, 0x4e, 0xee,
    0xfe, 0xee, 0xee, 0xee, 0xfe, 0xe9, 0x0, 0x5f,
    0x0, 0x0, 0x0, 0x5f, 0x0, 0x0, 0x5, 0xf0,
    0x0, 0x0, 0x5, 0xf0, 0x0, 0x0, 0x5f, 0x0,
    0x0, 0x0, 0x5f, 0x0, 0x0, 0x5, 0xf5, 0x55,
    0x55, 0x58, 0xf0, 0x0, 0x0, 0x5f, 0xff, 0xff,
    0xff, 0xff, 0x0, 0x0, 0x5, 0xf0, 0x0, 0x0,
    0x5, 0xf0, 0x0, 0x0, 0x5f, 0x0, 0x0, 0x0,
    0x5f, 0x0, 0x0, 0x5, 0xf0, 0x0, 0x0, 0x5,
    0xf0, 0x0, 0x0, 0x5f, 0x55, 0x55, 0x55, 0x8f,
    0x0, 0x0, 0x5, 0xff, 0xff, 0xff, 0xff, 0xf0,
    0x0,

    /* U+751F "生" */
    0xa, 0xa0, 0x0, 0x5f, 0x0, 0x0, 0x0, 0x0,
    0xaa, 0x0, 0x5, 0xf0, 0x0, 0x0, 0x0, 0xa,
    0xd7, 0x77, 0xaf, 0x77, 0x77, 0x72, 0x0, 0xaf,
    0xee, 0xee, 0xfe, 0xee, 0xee, 0x40, 0xa, 0xa0,
    0x0, 0x5f, 0x0, 0x0, 0x0, 0xf, 0x83, 0x0,
    0x5, 0xf0, 0x0, 0x0, 0x0, 0x51, 0x0, 0x0,
    0x5f, 0x0, 0x0, 0x0, 0x0, 0x35, 0x55, 0x58,
    0xf5, 0x55, 0x55, 0x10, 0xa, 0xff, 0xff, 0xff,
    0xff, 0xff, 0xf5, 0x0, 0x0, 0x0, 0x5, 0xf0,
    0x0, 0x0, 0x0, 0x0, 0x0, 0x0, 0x5f, 0x0,
    0x0, 0x0, 0x0, 0x0, 0x0, 0x5, 0xf0, 0x0,
    0x0, 0x0, 0x55, 0x55, 0x55, 0x8f, 0x55, 0x55,
    0x55, 0x3f, 0xff, 0xff, 0xff, 0xff, 0xff, 0xff,
    0xfa,

    /* U+7528 "用" */
    0xa, 0xff, 0xff, 0xff, 0xff, 0xff, 0xf5, 0xa,
    0xc5, 0x55, 0x8f, 0x55, 0x55, 0xf5, 0xa, 0xa0,
    0x0, 0x5f, 0x0, 0x0, 0xf5, 0xa, 0xc5, 0x55,
    0x8f, 0x55, 0x55, 0xf5, 0xa, 0xff, 0xff, 0xff,
    0xff, 0xff, 0xf5, 0xa, 0xa0, 0x0, 0x5f, 0x0,
    0x0, 0xf5, 0xa, 0xa0, 0x0, 0x5f, 0x0, 0x0,
    0xf5, 0xa, 0xc5, 0x55, 0x8f, 0x55, 0x55, 0xf5,
    0xa, 0xff, 0xff, 0xff, 0xff, 0xff, 0xf5, 0xa,
    0xa0, 0x0, 0x5f, 0x0, 0x0, 0xf5, 0xa, 0xa0,
    0x0, 0x5f, 0x0, 0x0, 0xf5, 0xa, 0xa0, 0x0,
    0x5f, 0x0, 0x0, 0xf5, 0x5c, 0xa0, 0x0, 0x5f,
    0x0, 0x15, 0xf5, 0xf8, 0x30, 0x0, 0x5f, 0x0,
    0x5f, 0xf5,

    /* U+7531 "由" */
    0x0, 0x0, 0x0, 0x5f, 0x0, 0x0, 0x0, 0x0,
    0x0, 0x0, 0x5, 0xf0, 0x0, 0x0, 0x0, 0x77,
    0x77, 0x77, 0xaf, 0x77, 0x77, 0x77, 0x4f, 0xee,
    0xee, 0xee, 0xfe, 0xee, 0xee, 0xfb, 0xf5, 0x0,
    0x0, 0x5f, 0x0, 0x0, 0xa, 0xbf, 0x50, 0x0,
    0x5, 0xf0, 0x0, 0x0, 0xab, 0xf5, 0x0, 0x0,
    0x5f, 0x0, 0x0, 0xa, 0xbf, 0x85, 0x55, 0x58,
    0xf5, 0x55, 0x55, 0xcb, 0xff, 0xff, 0xff, 0xff,
    0xff, 0xff, 0xff, 0xbf, 0x50, 0x0, 0x5, 0xf0,
    0x0, 0x0, 0xab, 0xf5, 0x0, 0x0, 0x5f, 0x0,
    0x0, 0xa, 0xbf, 0x50, 0x0, 0x5, 0xf0, 0x0,
    0x0, 0xab, 0xf8, 0x55, 0x55, 0x8f, 0x55, 0x55,
    0x5c, 0xbf, 0xff, 0xff, 0xff, 0xff, 0xff, 0xff,
    0xfb,

    /* U+7535 "电" */
    0x0, 0x0, 0xe, 0x70, 0x0, 0x0, 0x0, 0xf,
    0xff, 0xff, 0xff, 0xff, 0xff, 0xf0, 0x0, 0xf8,
    0x55, 0x5e, 0xa5, 0x55, 0x8f, 0x0, 0xf, 0x50,
    0x0, 0xe7, 0x0, 0x5, 0xf0, 0x0, 0xf5, 0x0,
    0xe, 0x70, 0x0, 0x5f, 0x0, 0xf, 0xff, 0xff,
    0xff, 0xff, 0xff, 0xf0, 0x0, 0xf8, 0x55, 0x5e,
    0xa5, 0x55, 0x8f, 0x0, 0xf, 0x50, 0x0, 0xe7,
    0x0, 0x5, 0xf0, 0x0, 0xf5, 0x0, 0xe, 0x70,
    0x0, 0x5f, 0x0, 0xf, 0xff, 0xff, 0xff, 0xff,
    0xff, 0xf0, 0x0, 0x55, 0x55, 0x5e, 0xa5, 0x55,
    0x55, 0xe, 0x70, 0x0, 0x0, 0xe7, 0x0, 0x0,
    0x0, 0xe7, 0x0, 0x0, 0xe, 0xa5, 0x55, 0x55,
    0x5e, 0x70, 0x0, 0x0, 0x4b, 0xff, 0xff, 0xff,
    0xf7,

    /* U+753B "画" */
    0xff, 0xff, 0xff, 0xff, 0xff, 0xff, 0xff, 0xb5,
    0x55, 0x55, 0x55, 0x55, 0x55, 0x55, 0x53, 0x0,
    0x27, 0x77, 0x77, 0x77, 0x77, 0x0, 0xa, 0x35,
    0xfe, 0xee, 0xfe, 0xee, 0xf0, 0x67, 0xf5, 0x5f,
    0x0, 0x5f, 0x0, 0x5f, 0xa, 0xbf, 0x55, 0xf0,
    0x5, 0xf0, 0x5, 0xf0, 0xab, 0xf5, 0x5f, 0x77,
    0xaf, 0x77, 0xaf, 0xa, 0xbf, 0x55, 0xfe, 0xee,
    0xfe, 0xee, 0xf0, 0xab, 0xf5, 0x5f, 0x0, 0x5f,
    0x0, 0x5f, 0xa, 0xbf, 0x55, 0xf0, 0x5, 0xf0,
    0x5, 0xf0, 0xab, 0xf5, 0x5f, 0x77, 0xaf, 0x77,
    0xaf, 0xa, 0xbf, 0x54, 0xee, 0xee, 0xee, 0xee,
    0xe0, 0xab, 0xf8, 0x55, 0x55, 0x55, 0x55, 0x55,
    0x5c, 0xbf, 0xff, 0xff, 0xff, 0xff, 0xff, 0xff,
    0xfb,

    /* U+7559 "留" */
    0x0, 0x0, 0xff, 0xa0, 0xff, 0xff, 0xff, 0xaf,
    0xff, 0xf5, 0x53, 0x5, 0xcc, 0x55, 0xca, 0xf8,
    0x55, 0x0, 0x0, 0xa, 0xa0, 0xa, 0xaf, 0x50,
    0x0, 0x0, 0x0, 0xaa, 0x0, 0xaa, 0xf5, 0x0,
    0xa, 0xa0, 0xf5, 0x0, 0xa, 0xaf, 0xff, 0xff,
    0x55, 0xf0, 0x0, 0xf, 0xfa, 0x55, 0x55, 0x51,
    0x15, 0x0, 0x0, 0x55, 0x30, 0x35, 0x55, 0x55,
    0x55, 0x55, 0x55, 0x10, 0xa, 0xff, 0xff, 0xff,
    0xff, 0xff, 0xf5, 0x0, 0xaa, 0x0, 0x5, 0xf0,
    0x0, 0xf, 0x50, 0xa, 0xd7, 0x77, 0xaf, 0x77,
    0x77, 0xf5, 0x0, 0xaf, 0xee, 0xee, 0xfe, 0xee,
    0xef, 0x50, 0xa, 0xc5, 0x55, 0x8f, 0x55, 0x55,
    0xf5, 0x0, 0xaf, 0xff, 0xff, 0xff, 0xff, 0xff,
    0x50,

    /* U+7565 "略" */
    0x0, 0x0, 0x0, 0x0, 0xa, 0xa0, 0x0, 0xf,
    0xff, 0xff, 0xf7, 0x0, 0xaf, 0xff, 0xf7, 0xf8,
    0x8f, 0x5e, 0x70, 0xa7, 0x55, 0x5e, 0x7f, 0x55,
    0xf0, 0xea, 0x4a, 0x73, 0x5, 0xa4, 0xf5, 0x5f,
    0xe, 0xfc, 0xa, 0xa0, 0xf1, 0xf, 0x55, 0xf0,
    0xe7, 0x0, 0x5, 0xf0, 0x0, 0xfa, 0xaf, 0x7f,
    0x70, 0x4, 0x78, 0x70, 0xf, 0xee, 0xfe, 0xf8,
    0x11, 0xa9, 0xe, 0x30, 0xf5, 0x5f, 0xe, 0xff,
    0xf5, 0x0, 0xe, 0x7f, 0x55, 0xf0, 0xe7, 0xf,
    0xff, 0xff, 0xf7, 0xf5, 0x5f, 0xe, 0x70, 0xf8,
    0x55, 0x5e, 0x7f, 0x88, 0xf5, 0xe7, 0xf, 0x50,
    0x0, 0xe7, 0xff, 0xff, 0xff, 0x70, 0xf8, 0x55,
    0x5e, 0x70, 0x0, 0x0, 0x0, 0xf, 0xff, 0xff,
    0xf7,

    /* U+7586 "疆" */
    0xff, 0xff, 0xff, 0xff, 0xff, 0xff, 0xff, 0xa5,
    0x55, 0x5f, 0x88, 0xf5, 0xcc, 0x5f, 0x83, 0x77,
    0x77, 0xf5, 0x5f, 0x7c, 0xd7, 0xf5, 0xf, 0xee,
    0xee, 0x45, 0xfe, 0xff, 0xef, 0x50, 0xf5, 0x0,
    0x0, 0x5f, 0xa, 0xa0, 0xf5, 0xf, 0xff, 0xff,
    0x55, 0xff, 0xff, 0xff, 0x50, 0x5c, 0xc5, 0xf5,
    0x15, 0x55, 0x55, 0x51, 0x5, 0xcc, 0x5f, 0x85,
    0x55, 0x55, 0x55, 0x53, 0xff, 0xff, 0xff, 0xff,
    0xff, 0xff, 0xff, 0xa0, 0xaa, 0xf, 0x55, 0xf0,
    0xaa, 0xf, 0x50, 0x7d, 0xd7, 0xf5, 0x5f, 0x7c,
    0xd7, 0xf5, 0xe, 0xee, 0xef, 0x55, 0xfe, 0xff,
    0xef, 0x50, 0x3, 0x55, 0xf8, 0x8f, 0x5c, 0xc5,
    0xf8, 0x30, 0xaf, 0xf0, 0xaf, 0xff, 0xff, 0xff,
    0xfa,

    /* U+767D "白" */
    0x0, 0x0, 0x9, 0xc0, 0x0, 0x0, 0x0, 0x0,
    0xb, 0x84, 0x0, 0x0, 0x0, 0x67, 0x77, 0xfa,
    0x77, 0x77, 0x77, 0xe, 0xfe, 0xee, 0xee, 0xee,
    0xee, 0xf1, 0xe7, 0x0, 0x0, 0x0, 0x0, 0x3f,
    0x1e, 0x70, 0x0, 0x0, 0x0, 0x3, 0xf1, 0xe7,
    0x0, 0x0, 0x0, 0x0, 0x3f, 0x1e, 0xa5, 0x55,
    0x55, 0x55, 0x57, 0xf1, 0xef, 0xff, 0xff, 0xff,
    0xff, 0xff, 0x1e, 0x70, 0x0, 0x0, 0x0, 0x3,
    0xf1, 0xe7, 0x0, 0x0, 0x0, 0x0, 0x3f, 0x1e,
    0x70, 0x0, 0x0, 0x0, 0x3, 0xf1, 0xea, 0x55,
    0x55, 0x55, 0x55, 0x7f, 0x1e, 0xff, 0xff, 0xff,
    0xff, 0xff, 0xf1,

    /* U+7684 "的" */
    0x0, 0x5f, 0x0, 0x0, 0xf5, 0x0, 0x0, 0x0,
    0xac, 0x50, 0x0, 0xf, 0x50, 0x0, 0x0, 0xae,
    0xea, 0xaa, 0x40, 0xfc, 0xaa, 0xaa, 0x9f, 0xca,
    0xaa, 0xfa, 0x4a, 0xaa, 0xaa, 0xde, 0xf5, 0x0,
    0xe, 0xfc, 0x0, 0x0, 0x7, 0xef, 0x50, 0x0,
    0xe7, 0x0, 0x0, 0x0, 0x7e, 0xf5, 0x0, 0xe,
    0x70, 0x7, 0x90, 0x7, 0xef, 0x85, 0x55, 0xe7,
    0x0, 0x7a, 0x51, 0x7e, 0xff, 0xff, 0xff, 0x70,
    0x0, 0x1f, 0x37, 0xef, 0x50, 0x0, 0xe7, 0x0,
    0x1, 0xf3, 0x7e, 0xf5, 0x0, 0xe, 0x70, 0x0,
    0x5, 0x17, 0xef, 0x50, 0x0, 0xe7, 0x0, 0x0,
    0x0, 0x7e, 0xf8, 0x55, 0x5e, 0x70, 0x0, 0x5,
    0x5a, 0xef, 0xff, 0xff, 0xf7, 0x0, 0x1, 0xff,
    0x80,

    /* U+76EE "目" */
    0xef, 0xff, 0xff, 0xff, 0xff, 0xff, 0x1e, 0xa5,
    0x55, 0x55, 0x55, 0x57, 0xf1, 0xe7, 0x0, 0x0,
    0x0, 0x0, 0x3f, 0x1e, 0xa5, 0x55, 0x55, 0x55,
    0x57, 0xf1, 0xef, 0xff, 0xff, 0xff, 0xff, 0xff,
    0x1e, 0x70, 0x0, 0x0, 0x0, 0x3, 0xf1, 0xe7,
    0x0, 0x0, 0x0, 0x0, 0x3f, 0x1e, 0x70, 0x0,
    0x0, 0x0, 0x3, 0xf1, 0xe7, 0x0, 0x0, 0x0,
    0x0, 0x3f, 0x1e, 0xff, 0xff, 0xff, 0xff, 0xff,
    0xf1, 0xea, 0x55, 0x55, 0x55, 0x55, 0x7f, 0x1e,
    0x70, 0x0, 0x0, 0x0, 0x3, 0xf1, 0xea, 0x55,
    0x55, 0x55, 0x55, 0x7f, 0x1e, 0xff, 0xff, 0xff,
    0xff, 0xff, 0xf1,

    /* U+76F4 "直" */
    0x0, 0x0, 0x0, 0x5f, 0x0, 0x0, 0x0, 0x0,
    0xaf, 0xff, 0xff, 0xff, 0xff, 0xff, 0x50, 0x3,
    0x55, 0x55, 0x8f, 0x55, 0x55, 0x51, 0x0, 0x1,
    0x55, 0x58, 0xf5, 0x55, 0x50, 0x0, 0x0, 0x5f,
    0xff, 0xff, 0xff, 0xff, 0x0, 0x0, 0x5, 0xf0,
    0x0, 0x0, 0x5, 0xf0, 0x0, 0x0, 0x5f, 0x77,
    0x77, 0x77, 0xaf, 0x0, 0x0, 0x5, 0xfe, 0xee,
    0xee, 0xee, 0xf0, 0x0, 0x0, 0x5f, 0x0, 0x0,
    0x0, 0x5f, 0x0, 0x0, 0x5, 0xff, 0xff, 0xff,
    0xff, 0xf0, 0x0, 0x0, 0x5f, 0x55, 0x55, 0x55,
    0x8f, 0x0, 0x0, 0x5, 0xf0, 0x0, 0x0, 0x5,
    0xf0, 0x0, 0x55, 0x8f, 0x55, 0x55, 0x55, 0x8f,
    0x55, 0x3f, 0xff, 0xff, 0xff, 0xff, 0xff, 0xff,
    0xfa,

    /* U+76F8 "相" */
    0x0, 0x5f, 0x0, 0x5f, 0xff, 0xff, 0xff, 0x70,
    0x5, 0xf0, 0x5, 0xf5, 0x55, 0x55, 0xe7, 0x88,
    0xaf, 0x88, 0xaf, 0x0, 0x0, 0xe, 0x7a, 0xac,
    0xfa, 0xac, 0xf5, 0x55, 0x55, 0xe7, 0x0, 0x5f,
    0x0, 0x5f, 0xff, 0xff, 0xff, 0x70, 0x5, 0xf0,
    0x5, 0xf0, 0x0, 0x0, 0xe7, 0x7, 0xcf, 0xa3,
    0x5f, 0x0, 0x0, 0xe, 0x70, 0xaf, 0xfa, 0x78,
    0xf0, 0x0, 0x0, 0xe7, 0xa, 0xff, 0xa, 0xff,
    0x0, 0x0, 0xe, 0x7f, 0x55, 0xf0, 0x5, 0xff,
    0xff, 0xff, 0xf7, 0x51, 0x5f, 0x0, 0x5f, 0x55,
    0x55, 0x5e, 0x70, 0x5, 0xf0, 0x5, 0xf0, 0x0,
    0x0, 0xe7, 0x0, 0x5f, 0x0, 0x5f, 0x55, 0x55,
    0x5e, 0x70, 0x5, 0xf0, 0x5, 0xff, 0xff, 0xff,
    0xf7,

    /* U+7701 "省" */
    0x0, 0x5f, 0x0, 0x5f, 0x0, 0x8f, 0x0, 0x0,
    0x78, 0x50, 0x5, 0xf0, 0x2, 0x5a, 0x30, 0x78,
    0x50, 0x0, 0x5f, 0x0, 0x37, 0x87, 0x4e, 0x40,
    0x0, 0x5, 0xf0, 0x4a, 0xe0, 0x99, 0x0, 0x0,
    0x0, 0x5f, 0xe, 0x70, 0x0, 0x0, 0x0, 0xf,
    0xff, 0xff, 0xff, 0xff, 0x50, 0xaa, 0xaa, 0x55,
    0x55, 0x55, 0x55, 0xf5, 0xa, 0xac, 0xf5, 0x55,
    0x55, 0x55, 0x5f, 0x50, 0x0, 0x5f, 0xff, 0xff,
    0xff, 0xff, 0xf5, 0x0, 0x5, 0xf0, 0x0, 0x0,
    0x0, 0xf, 0x50, 0x0, 0x5f, 0x77, 0x77, 0x77,
    0x77, 0xf5, 0x0, 0x5, 0xfe, 0xee, 0xee, 0xee,
    0xef, 0x50, 0x0, 0x5f, 0x55, 0x55, 0x55, 0x55,
    0xf5, 0x0, 0x5, 0xff, 0xff, 0xff, 0xff, 0xff,
    0x50,

    /* U+770B "看" */
    0xa, 0xff, 0xff, 0xff, 0xff, 0xff, 0xf5, 0x0,
    0x35, 0x55, 0x58, 0xf5, 0x55, 0x55, 0x10, 0x4,
    0x77, 0x77, 0xaf, 0x77, 0x77, 0x72, 0x0, 0x9e,
    0xee, 0xff, 0xee, 0xee, 0xee, 0x40, 0x0, 0x0,
    0xa, 0xa0, 0x0, 0x0, 0x0, 0xf, 0xff, 0xff,
    0xff, 0xff, 0xff, 0xff, 0xfa, 0x55, 0x8f, 0x55,
    0x55, 0x55, 0x55, 0xf8, 0x30, 0x38, 0xf5, 0x55,
    0x55, 0x55, 0x5f, 0x50, 0xa, 0xff, 0xff, 0xff,
    0xff, 0xff, 0xf5, 0xf, 0x55, 0xf0, 0x0, 0x0,
    0x0, 0xf, 0x50, 0x82, 0x5f, 0x77, 0x77, 0x77,
    0x77, 0xf5, 0x0, 0x5, 0xfe, 0xee, 0xee, 0xee,
    0xef, 0x50, 0x0, 0x5f, 0x55, 0x55, 0x55, 0x55,
    0xf5, 0x0, 0x5, 0xff, 0xff, 0xff, 0xff, 0xff,
    0x50,

    /* U+771F "真" */
    0x0, 0x0, 0x0, 0x5f, 0x0, 0x0, 0x0, 0x0,
    0xaf, 0xff, 0xff, 0xff, 0xff, 0xff, 0x50, 0x3,
    0x55, 0x55, 0x8f, 0x55, 0x55, 0x51, 0x0, 0x1,
    0x55, 0x58, 0xf5, 0x55, 0x50, 0x0, 0x0, 0x5f,
    0xff, 0xff, 0xff, 0xff, 0x0, 0x0, 0x5, 0xf0,
    0x0, 0x0, 0x5, 0xf0, 0x0, 0x0, 0x5f, 0x77,
    0x77, 0x77, 0xaf, 0x0, 0x0, 0x5, 0xfe, 0xee,
    0xee, 0xee, 0xf0, 0x0, 0x0, 0x5f, 0x0, 0x0,
    0x0, 0x5f, 0x0, 0x0, 0x5, 0xf0, 0x0, 0x0,
    0x5, 0xf0, 0x0, 0x77, 0xaf, 0x77, 0x77, 0x77,
    0xaf, 0x77, 0x4e, 0xee, 0xfe, 0xee, 0xee, 0xee,
    0xfe, 0xe9, 0x55, 0x8f, 0x0, 0x0, 0x0, 0x5f,
    0x55, 0x3f, 0xfa, 0x0, 0x0, 0x0, 0x0, 0xf,
    0xfa,

    /* U+7720 "眠" */
    0xff, 0xff, 0xe, 0xff, 0xff, 0xff, 0xff, 0x7f,
    0x88, 0xf0, 0xea, 0x55, 0x55, 0x55, 0xe7, 0xf5,
    0x5f, 0xe, 0x70, 0x0, 0x0, 0xe, 0x7f, 0x88,
    0xf0, 0xea, 0x55, 0x55, 0x55, 0xe7, 0xff, 0xff,
    0xe, 0xff, 0xff, 0xff, 0xff, 0x7f, 0x55, 0xf0,
    0xe7, 0x0, 0xaa, 0x0, 0x0, 0xf5, 0x5f, 0xe,
    0x70, 0xa, 0xa0, 0x0, 0xf, 0x88, 0xf0, 0xea,
    0x55, 0xcc, 0x55, 0x52, 0xff, 0xff, 0xe, 0xff,
    0xff, 0xff, 0xff, 0x7f, 0x55, 0xf0, 0xe7, 0x0,
    0xaa, 0x0, 0x0, 0xf5, 0x5f, 0xe, 0x70, 0x3,
    0x7a, 0x0, 0xf, 0xcc, 0xf0, 0xe7, 0xa, 0x35,
    0xf0, 0x94, 0xff, 0xff, 0xe, 0xa4, 0xf5, 0x5f,
    0x5e, 0x70, 0x0, 0x0, 0xef, 0xc0, 0x0, 0x3f,
    0xf7,

    /* U+7740 "着" */
    0x0, 0x0, 0xf5, 0x0, 0xa, 0xa0, 0x0, 0xf,
    0xff, 0xff, 0xff, 0xff, 0xff, 0xff, 0xfa, 0x55,
    0x55, 0x5c, 0xc5, 0x55, 0x55, 0x55, 0x30, 0x35,
    0x55, 0xcc, 0x55, 0x55, 0x55, 0x10, 0xa, 0xff,
    0xff, 0xff, 0xff, 0xff, 0xf5, 0x0, 0x0, 0xf,
    0x50, 0x0, 0x0, 0x0, 0x0, 0x77, 0x77, 0xfa,
    0x77, 0x77, 0x77, 0x77, 0x4e, 0xee, 0xfe, 0xee,
    0xee, 0xee, 0xef, 0xe9, 0x0, 0x5f, 0x0, 0x0,
    0x0, 0x0, 0xf5, 0x0, 0x8d, 0xf0, 0x0, 0x0,
    0x0, 0xf, 0x50, 0x78, 0xbf, 0x77, 0x77, 0x77,
    0x77, 0xf5, 0xe, 0x45, 0xfe, 0xee, 0xee, 0xee,
    0xef, 0x50, 0x0, 0x5f, 0x55, 0x55, 0x55, 0x55,
    0xf5, 0x0, 0x5, 0xff, 0xff, 0xff, 0xff, 0xff,
    0x50,

    /* U+7761 "睡" */
    0xff, 0xff, 0x0, 0x0, 0x0, 0x8f, 0xf2, 0xf,
    0x88, 0xf0, 0x9, 0xff, 0xfa, 0x55, 0x0, 0xf5,
    0x5f, 0x0, 0x25, 0x5e, 0x70, 0x0, 0xf, 0x88,
    0xf0, 0x45, 0x55, 0xea, 0x55, 0x52, 0xff, 0xff,
    0xe, 0xff, 0xff, 0xff, 0xff, 0x7f, 0x55, 0xf0,
    0x9, 0xc0, 0xe7, 0x3f, 0x20, 0xf5, 0x5f, 0x9,
    0xde, 0xaf, 0xdb, 0xfb, 0x4f, 0x88, 0xf0, 0x9d,
    0xea, 0xfd, 0xbf, 0xb4, 0xff, 0xff, 0x0, 0x9c,
    0xe, 0x73, 0xf2, 0xf, 0x55, 0xf0, 0x9, 0xc0,
    0xe7, 0x3f, 0x20, 0xf5, 0x5f, 0x9, 0xde, 0xaf,
    0xdb, 0xfb, 0x4f, 0x88, 0xf0, 0x9a, 0xaa, 0xfd,
    0xaa, 0xa4, 0xff, 0xff, 0x0, 0x25, 0x5e, 0xa5,
    0x50, 0x0, 0x0, 0x0, 0x9, 0xff, 0xff, 0xff,
    0x20,

    /* U+77E5 "知" */
    0xa, 0xa0, 0x0, 0x0, 0x0, 0x0, 0x0, 0x0,
    0xae, 0xaa, 0xaa, 0xa0, 0x9a, 0xaa, 0xa4, 0xa,
    0xea, 0xfc, 0xaa, 0xe, 0xda, 0xaf, 0x75, 0xca,
    0xf, 0x50, 0x0, 0xe7, 0x0, 0xe7, 0xf5, 0x0,
    0xf5, 0x0, 0xe, 0x70, 0xe, 0x70, 0x0, 0xf,
    0x50, 0x0, 0xe7, 0x0, 0xe7, 0x77, 0x77, 0xfa,
    0x77, 0xe, 0x70, 0xe, 0x7e, 0xee, 0xef, 0xee,
    0xe0, 0xe7, 0x0, 0xe7, 0x0, 0x0, 0xf5, 0x0,
    0xe, 0x70, 0xe, 0x70, 0x4, 0xe1, 0xa9, 0x0,
    0xe7, 0x0, 0xe7, 0x0, 0x5f, 0x3, 0x7a, 0xe,
    0x70, 0xe, 0x70, 0x37, 0xa0, 0x5, 0xf0, 0xea,
    0x55, 0xe7, 0x5c, 0xa0, 0x0, 0x5f, 0xe, 0xff,
    0xff, 0x7f, 0x50, 0x0, 0x0, 0x0, 0x0, 0x0,
    0x0,

    /* U+7801 "码" */
    0xff, 0xff, 0xf5, 0x5f, 0xff, 0xff, 0xf1, 0x5,
    0x58, 0xf5, 0x11, 0x55, 0x55, 0x5f, 0x10, 0x0,
    0x5f, 0x0, 0x0, 0xa3, 0x0, 0xf1, 0x0, 0x38,
    0xf0, 0x0, 0xf, 0x50, 0xf, 0x10, 0xa, 0xa0,
    0x0, 0x0, 0xf5, 0x0, 0xf1, 0x0, 0xaf, 0xff,
    0x50, 0xf, 0x50, 0xf, 0x10, 0xae, 0xc5, 0xf5,
    0x0, 0xfc, 0xaa, 0xfb, 0x4a, 0xea, 0xf, 0x50,
    0xa, 0xaa, 0xaa, 0xf7, 0xa, 0xa0, 0xf5, 0x0,
    0x0, 0x0, 0xe, 0x70, 0xaa, 0xf, 0x50, 0x0,
    0x0, 0x0, 0xe7, 0xa, 0xa0, 0xf5, 0x3a, 0xaa,
    0xaa, 0xe, 0x70, 0xac, 0x5f, 0x53, 0xaa, 0xaa,
    0xa0, 0xe7, 0xa, 0xff, 0xf5, 0x0, 0x3, 0x55,
    0x5e, 0x70, 0x0, 0x0, 0x0, 0x0, 0xaf, 0xff,
    0x10,

    /* U+786C "硬" */
    0xff, 0xff, 0xe, 0xff, 0xff, 0xff, 0xff, 0x75,
    0xcc, 0x50, 0x45, 0x55, 0xea, 0x55, 0x52, 0xa,
    0xa0, 0x6, 0x77, 0x7f, 0xb7, 0x77, 0x35, 0xb9,
    0x0, 0xef, 0xee, 0xff, 0xee, 0xf7, 0xf5, 0x0,
    0xe, 0x70, 0xe, 0x70, 0xe, 0x7f, 0xff, 0xf0,
    0xef, 0xff, 0xff, 0xff, 0xf7, 0xf8, 0x8f, 0xe,
    0x95, 0x5e, 0xa5, 0x5e, 0x7f, 0x55, 0xf0, 0xe9,
    0x55, 0xea, 0x55, 0xe7, 0xf5, 0x5f, 0xe, 0xff,
    0xff, 0xff, 0xff, 0x7f, 0x55, 0xf0, 0x9, 0xc0,
    0xe7, 0x0, 0x0, 0xf5, 0x5f, 0x0, 0x26, 0xa5,
    0x20, 0x0, 0xf, 0x88, 0xf0, 0x2, 0x6a, 0x52,
    0x0, 0x0, 0xff, 0xff, 0x55, 0xbc, 0xe, 0xa5,
    0x55, 0x20, 0x0, 0xf, 0xf7, 0x0, 0x8, 0xff,
    0xf7,

    /* U+786E "确" */
    0xff, 0xff, 0xf5, 0x0, 0xf1, 0x0, 0x0, 0x5,
    0x58, 0xf5, 0x10, 0xf, 0xba, 0xaa, 0x30, 0x0,
    0x5f, 0x0, 0x3a, 0x55, 0x55, 0xf5, 0x0, 0x5,
    0xf0, 0x5, 0xf0, 0x0, 0xf, 0x50, 0xa, 0xa0,
    0xa, 0xff, 0xff, 0xff, 0xff, 0xa0, 0xae, 0xbb,
    0x68, 0xf4, 0xe9, 0x44, 0xca, 0x6c, 0xd9, 0xf5,
    0x5f, 0x6e, 0xa6, 0x6c, 0xad, 0xfa, 0xf, 0x55,
    0xfd, 0xfe, 0xdd, 0xfa, 0xa, 0xa0, 0xf5, 0x5f,
    0xe, 0x70, 0xa, 0xa0, 0xaa, 0xf, 0x55, 0xfd,
    0xfe, 0xdd, 0xfa, 0xa, 0xa0, 0xf5, 0x5f, 0x6e,
    0xa6, 0x6c, 0xa0, 0xac, 0x4f, 0x55, 0xf0, 0xe7,
    0x0, 0xaa, 0xa, 0xff, 0xf8, 0x8f, 0xe, 0x70,
    0x5c, 0xa0, 0x0, 0x0, 0xaa, 0x0, 0xe7, 0xf,
    0xfa,

    /* U+793A "示" */
    0xa, 0xff, 0xff, 0xff, 0xff, 0xff, 0xf5, 0x0,
    0x35, 0x55, 0x55, 0x55, 0x55, 0x55, 0x10, 0x0,
    0x0, 0x0, 0x0, 0x0, 0x0, 0x0, 0x5, 0x55,
    0x55, 0x55, 0x55, 0x55, 0x55, 0x53, 0xff, 0xff,
    0xff, 0xff, 0xff, 0xff, 0xff, 0xa0, 0x0, 0x0,
    0x5, 0xf0, 0x0, 0x0, 0x0, 0x0, 0x0, 0x0,
    0x5f, 0x0, 0x0, 0x0, 0x0, 0x1, 0x50, 0x5,
    0xf0, 0x1, 0x50, 0x0, 0x0, 0x5f, 0x0, 0x5f,
    0x0, 0x5f, 0x0, 0x0, 0x5, 0xf0, 0x5, 0xf0,
    0x0, 0xf, 0x50, 0x7, 0x85, 0x0, 0x5f, 0x0,
    0x0, 0x58, 0x75, 0x87, 0x0, 0x5, 0xf0, 0x0,
    0x0, 0xaa, 0xf5, 0x0, 0x55, 0x8f, 0x0, 0x0,
    0xa, 0xa0, 0x0, 0xf, 0xff, 0xf0, 0x0, 0x0,
    0x0,

    /* U+795E "神" */
    0xf5, 0x0, 0x0, 0x0, 0xe, 0x70, 0x0, 0x5,
    0x87, 0x0, 0x0, 0x0, 0xe7, 0x0, 0x0, 0xae,
    0xea, 0x9, 0xaa, 0xaf, 0xda, 0xaa, 0x4a, 0xac,
    0xf0, 0xec, 0xaa, 0xfc, 0xaa, 0xf7, 0x3, 0x8f,
    0xe, 0x70, 0xe, 0x70, 0xe, 0x70, 0xaa, 0x0,
    0xe7, 0x0, 0xe7, 0x0, 0xe7, 0xa, 0xfd, 0xe,
    0xed, 0xdf, 0xed, 0xdf, 0x75, 0xce, 0xb5, 0xed,
    0xaa, 0xfd, 0xaa, 0xf7, 0xff, 0xa3, 0xff, 0x70,
    0xe, 0x70, 0xe, 0x70, 0xaa, 0x0, 0xe7, 0x0,
    0xe7, 0x0, 0xe7, 0xa, 0xa0, 0xe, 0xb7, 0x7f,
    0xb7, 0x7f, 0x70, 0xaa, 0x0, 0xce, 0xee, 0xff,
    0xee, 0xe6, 0xa, 0xa0, 0x0, 0x0, 0xe, 0x70,
    0x0, 0x0, 0xaa, 0x0, 0x0, 0x0, 0xe7, 0x0,
    0x0,

    /* U+798F "福" */
    0xf5, 0x0, 0xe, 0xff, 0xff, 0xff, 0xff, 0x75,
    0x87, 0x0, 0x45, 0x55, 0x55, 0x55, 0x52, 0x7d,
    0xd7, 0x0, 0x47, 0x77, 0x77, 0x70, 0xe, 0xee,
    0xf0, 0x9, 0xfe, 0xee, 0xef, 0x20, 0x3, 0x8f,
    0x0, 0x9c, 0x0, 0x3, 0xf2, 0x0, 0xab, 0x30,
    0x9, 0xff, 0xff, 0xff, 0x20, 0xa, 0xea, 0x0,
    0x25, 0x55, 0x55, 0x50, 0x5, 0xce, 0xa5, 0x55,
    0x55, 0x55, 0x55, 0x52, 0xff, 0xa0, 0xff, 0xff,
    0xff, 0xff, 0xff, 0x70, 0xaa, 0x0, 0xe7, 0x0,
    0xe7, 0x0, 0xe7, 0xa, 0xa0, 0xe, 0xb7, 0x7f,
    0xb7, 0x7e, 0x70, 0xaa, 0x0, 0xef, 0xee, 0xff,
    0xee, 0xf7, 0xa, 0xa0, 0xe, 0x95, 0x5e, 0xa5,
    0x5e, 0x70, 0xaa, 0x0, 0xef, 0xff, 0xff, 0xff,
    0xf7,

    /* U+79CD "种" */
    0x0, 0x0, 0xf1, 0x0, 0xe, 0x70, 0x0, 0xa,
    0xaa, 0xa5, 0x0, 0x0, 0xe7, 0x0, 0x0, 0x88,
    0xbf, 0x6, 0x77, 0x7f, 0xb7, 0x77, 0x30, 0x5,
    0xf0, 0xef, 0xee, 0xff, 0xee, 0xf7, 0x0, 0x5f,
    0xe, 0x70, 0xe, 0x70, 0xe, 0x7f, 0xff, 0xff,
    0xf7, 0x0, 0xe7, 0x0, 0xe7, 0x55, 0x8f, 0x5e,
    0x70, 0xe, 0x70, 0xe, 0x70, 0x28, 0xf0, 0xe9,
    0x44, 0xe9, 0x44, 0xe7, 0xa, 0xff, 0xe, 0xff,
    0xff, 0xff, 0xff, 0x70, 0xaf, 0xfd, 0x32, 0x22,
    0xe8, 0x22, 0x21, 0x78, 0xbf, 0x80, 0x0, 0xe,
    0x70, 0x0, 0xe, 0x45, 0xf0, 0x0, 0x0, 0xe7,
    0x0, 0x0, 0x0, 0x5f, 0x0, 0x0, 0xe, 0x70,
    0x0, 0x0, 0x5, 0xf0, 0x0, 0x0, 0xe7, 0x0,
    0x0,

    /* U+79D2 "秒" */
    0x0, 0x0, 0xf5, 0x0, 0xe, 0x70, 0x0, 0xa,
    0xaa, 0xa5, 0x10, 0x0, 0xe7, 0x0, 0x0, 0x11,
    0x6f, 0x0, 0x4e, 0xe, 0x70, 0xe4, 0x0, 0x5,
    0xf0, 0x5, 0xf0, 0xe7, 0x7, 0x86, 0x33, 0x7f,
    0x31, 0x5f, 0xe, 0x70, 0xa, 0xaf, 0xff, 0xff,
    0x55, 0xf0, 0xe7, 0x0, 0xaa, 0x11, 0x6f, 0x1a,
    0xa1, 0xe, 0x70, 0x1, 0x10, 0x5b, 0xf0, 0x44,
    0x0, 0xe7, 0x0, 0x55, 0xa, 0xff, 0x0, 0x0,
    0xe, 0x70, 0xa, 0xa0, 0xaf, 0xfa, 0x30, 0x0,
    0x42, 0xa, 0x73, 0xe5, 0x6f, 0x10, 0x0, 0x0,
    0x7e, 0x10, 0xa, 0x35, 0xf0, 0x0, 0x15, 0x58,
    0xa0, 0x0, 0x0, 0x5f, 0x3, 0x58, 0xff, 0x70,
    0x0, 0x0, 0x5, 0xf0, 0xaf, 0xf0, 0x0, 0x0,
    0x0,

    /* U+79F0 "称" */
    0x0, 0x0, 0xf5, 0x5f, 0x0, 0x0, 0x0, 0xf,
    0xff, 0xf0, 0x5, 0xff, 0xff, 0xff, 0xfa, 0x55,
    0x8f, 0x0, 0x5f, 0x55, 0x55, 0x5c, 0xa0, 0x5,
    0xf0, 0x37, 0xa0, 0x42, 0x0, 0xaa, 0x0, 0x5f,
    0xa, 0xa0, 0xe, 0x70, 0xa, 0xaf, 0xff, 0xff,
    0x50, 0x0, 0xe7, 0x0, 0x0, 0x55, 0x8f, 0x51,
    0x3a, 0xe, 0x70, 0xa3, 0x0, 0x39, 0xf5, 0x15,
    0xf0, 0xe7, 0xf, 0x50, 0xa, 0xff, 0xf5, 0x5f,
    0xe, 0x70, 0xf5, 0x0, 0xaf, 0xf0, 0xaa, 0x0,
    0xe7, 0x0, 0xaa, 0xa7, 0x8f, 0xa, 0xa0, 0xe,
    0x70, 0xa, 0xaa, 0x35, 0xf0, 0x77, 0x0, 0xe7,
    0x0, 0x77, 0x0, 0x5f, 0x0, 0x1, 0x5e, 0x70,
    0x0, 0x0, 0x5, 0xf0, 0x0, 0x3f, 0xf7, 0x0,
    0x0,

    /* U+79FB "移" */
    0x0, 0x0, 0xf5, 0x0, 0xa, 0xa0, 0x0, 0xf,
    0xff, 0xf5, 0x10, 0x3f, 0xff, 0xff, 0xf7, 0x55,
    0x8f, 0x7, 0xa9, 0x55, 0x55, 0x5e, 0x70, 0x5,
    0xf0, 0x7a, 0x95, 0x10, 0x5, 0xa4, 0x0, 0x5f,
    0x0, 0x3, 0xf5, 0x0, 0xf1, 0xf, 0xff, 0xff,
    0x50, 0x0, 0xaf, 0xf0, 0x0, 0x88, 0xbf, 0x87,
    0x77, 0x78, 0x88, 0x0, 0x0, 0x16, 0xf0, 0x9e,
    0xef, 0x61, 0x11, 0x10, 0xa, 0xff, 0x0, 0x3,
    0xff, 0xff, 0xff, 0x70, 0xaf, 0xf0, 0xaf, 0xc0,
    0x0, 0x0, 0xe7, 0xa7, 0x8f, 0xa7, 0x56, 0xa3,
    0x0, 0xa5, 0x2a, 0x35, 0xfa, 0x30, 0x2a, 0x75,
    0x5a, 0x10, 0x0, 0x5f, 0x3, 0x55, 0x5c, 0xff,
    0x0, 0x0, 0x5, 0xf0, 0xaf, 0xff, 0x50, 0x0,
    0x0,

    /* U+7A0B "程" */
    0x0, 0x0, 0xf5, 0x5f, 0xff, 0xff, 0xf5, 0xf,
    0xff, 0xf5, 0x15, 0xf5, 0x55, 0x5f, 0x50, 0x55,
    0x8f, 0x0, 0x5f, 0x0, 0x0, 0xf5, 0x0, 0x5,
    0xf0, 0x5, 0xf5, 0x55, 0x5f, 0x50, 0x0, 0x5f,
    0x0, 0x5f, 0xff, 0xff, 0xf5, 0xf, 0xff, 0xff,
    0x50, 0x0, 0x0, 0x0, 0x0, 0x88, 0xbf, 0x87,
    0x77, 0x77, 0x77, 0x77, 0x40, 0x16, 0xf0, 0x9e,
    0xee, 0xff, 0xee, 0xe9, 0xa, 0xff, 0x0, 0x0,
    0xe, 0x70, 0x0, 0x0, 0xaf, 0xfc, 0x44, 0xcc,
    0xfe, 0xcc, 0x40, 0x78, 0xbf, 0x82, 0x28, 0x8f,
    0xc8, 0x82, 0xe, 0x45, 0xf0, 0x0, 0x0, 0xe7,
    0x0, 0x0, 0x0, 0x5f, 0x3, 0x55, 0x5e, 0xa5,
    0x55, 0x30, 0x5, 0xf0, 0xaf, 0xff, 0xff, 0xff,
    0xfa,

    /* U+7A0D "稍" */
    0x0, 0x0, 0xff, 0xa0, 0xe, 0x70, 0xa, 0xaf,
    0xff, 0xf5, 0x58, 0xe0, 0xe7, 0xf, 0x83, 0x55,
    0x8f, 0x0, 0x14, 0xe, 0x70, 0x51, 0x0, 0x5,
    0xf0, 0x35, 0x55, 0xea, 0x55, 0x53, 0x0, 0x5f,
    0xa, 0xff, 0xff, 0xff, 0xff, 0xaf, 0xff, 0xff,
    0xfa, 0x0, 0x0, 0x0, 0xaa, 0x88, 0xbf, 0x8d,
    0xd7, 0x77, 0x77, 0x7d, 0xa0, 0x38, 0xf0, 0xaf,
    0xee, 0xee, 0xee, 0xfa, 0xa, 0xff, 0xa, 0xa0,
    0x0, 0x0, 0xa, 0xa0, 0xaf, 0xfe, 0xff, 0xee,
    0xee, 0xee, 0xfa, 0x78, 0xbf, 0x8d, 0xd8, 0x88,
    0x88, 0x8d, 0xae, 0x45, 0xf0, 0xaa, 0x0, 0x0,
    0x0, 0xaa, 0x0, 0x5f, 0xa, 0xa0, 0x0, 0x0,
    0x5c, 0xa0, 0x5, 0xf0, 0xaa, 0x0, 0x0, 0xf,
    0xfa,

    /* U+7A7A "空" */
    0x0, 0x0, 0x0, 0x5f, 0x0, 0x0, 0x0, 0xf,
    0xff, 0xff, 0xff, 0xff, 0xff, 0xff, 0xfa, 0xf8,
    0x55, 0x55, 0x55, 0x55, 0x55, 0x5c, 0xaa, 0x30,
    0x5, 0x10, 0x0, 0x33, 0x0, 0x77, 0x0, 0x0,
    0xf5, 0x0, 0xa, 0xa0, 0x0, 0x0, 0x5, 0xf0,
    0x0, 0x0, 0x5, 0xf0, 0x0, 0xaa, 0x85, 0x0,
    0x0, 0x0, 0x15, 0xaa, 0x7a, 0xec, 0x55, 0x55,
    0x55, 0x55, 0x5f, 0xc7, 0xa, 0xff, 0xff, 0xff,
    0xff, 0xff, 0xf5, 0x0, 0x0, 0x0, 0x5, 0xf0,
    0x0, 0x0, 0x0, 0x0, 0x0, 0x0, 0x5f, 0x0,
    0x0, 0x0, 0x0, 0x0, 0x0, 0x5, 0xf0, 0x0,
    0x0, 0x0, 0x55, 0x55, 0x55, 0x8f, 0x55, 0x55,
    0x55, 0x3f, 0xff, 0xff, 0xff, 0xff, 0xff, 0xff,
    0xfa,

    /* U+7ACB "立" */
    0x0, 0x0, 0xa, 0xa0, 0x0, 0x0, 0x0, 0x0,
    0x0, 0x0, 0x37, 0xc0, 0x0, 0x0, 0x0, 0x77,
    0x77, 0x77, 0xaf, 0x77, 0x77, 0x77, 0x4e, 0xee,
    0xee, 0xee, 0xee, 0xee, 0xee, 0xe9, 0x0, 0x0,
    0x0, 0x0, 0x0, 0x0, 0x0, 0x0, 0x4, 0xc0,
    0x0, 0x0, 0x4, 0xc0, 0x0, 0x0, 0x5f, 0x0,
    0x0, 0x0, 0x5f, 0x0, 0x0, 0x4, 0xe1, 0x0,
    0x0, 0x5, 0xf0, 0x0, 0x0, 0x0, 0xf5, 0x0,
    0x0, 0x5f, 0x0, 0x0, 0x0, 0xf, 0x50, 0x0,
    0x89, 0x30, 0x0, 0x0, 0x0, 0xf5, 0x0, 0xa,
    0xa0, 0x0, 0x0, 0x0, 0xe, 0x40, 0xa, 0xc9,
    0x0, 0x0, 0x55, 0x55, 0x55, 0x55, 0xf8, 0x55,
    0x55, 0x3f, 0xff, 0xff, 0xff, 0xff, 0xff, 0xff,
    0xfa,

    /* U+7B26 "符" */
    0xa, 0xa0, 0x0, 0x3, 0xf1, 0x0, 0x0, 0x0,
    0xaf, 0xff, 0xf7, 0x3f, 0xff, 0xff, 0xf7, 0xa7,
    0x55, 0xf6, 0x89, 0x55, 0xbd, 0x55, 0x27, 0x22,
    0x87, 0x4, 0x50, 0x3, 0x50, 0x0, 0x0, 0x5f,
    0x0, 0x0, 0x0, 0x24, 0x0, 0x0, 0x5, 0xf0,
    0x0, 0x0, 0x8, 0xc0, 0x0, 0xa, 0xb1, 0xe,
    0xff, 0xff, 0xff, 0xff, 0x75, 0xca, 0x0, 0x9a,
    0xaa, 0xad, 0xea, 0xa4, 0xff, 0xa0, 0x0, 0x0,
    0x0, 0x8c, 0x0, 0x0, 0xaa, 0x0, 0xe7, 0x0,
    0x8, 0xc0, 0x0, 0xa, 0xa0, 0x7, 0x75, 0x0,
    0x8c, 0x0, 0x0, 0xaa, 0x0, 0x8, 0xb0, 0x8,
    0xc0, 0x0, 0xa, 0xa0, 0x0, 0x1, 0x55, 0xbc,
    0x0, 0x0, 0xaa, 0x0, 0x0, 0x3f, 0xff, 0xc0,
    0x0,

    /* U+7B2C "第" */
    0xa, 0xa0, 0x0, 0x0, 0xf7, 0x0, 0x0, 0x0,
    0xaf, 0xff, 0xfa, 0xf, 0xff, 0xff, 0xfe, 0xf8,
    0x55, 0xf8, 0x8f, 0x55, 0x6f, 0x75, 0x4a, 0x75,
    0x5f, 0x88, 0xf5, 0x56, 0xf7, 0x20, 0xa, 0xff,
    0xff, 0xff, 0xff, 0xff, 0xf8, 0x0, 0x0, 0x0,
    0x5, 0xf0, 0x0, 0xc, 0x80, 0x4, 0x77, 0x77,
    0xaf, 0x77, 0x77, 0xe8, 0x0, 0xaf, 0xee, 0xee,
    0xfe, 0xee, 0xee, 0x70, 0xa, 0xa0, 0x0, 0x5f,
    0x0, 0x0, 0x0, 0x0, 0xaf, 0xff, 0xff, 0xff,
    0xff, 0xff, 0xfe, 0x3, 0x55, 0xf8, 0x8f, 0x55,
    0x55, 0x5a, 0xe0, 0x1, 0x5a, 0x35, 0xf0, 0x0,
    0x0, 0x7e, 0x55, 0x8f, 0x0, 0x5f, 0x0, 0x5,
    0x5a, 0xef, 0xfa, 0x0, 0x5, 0xf0, 0x1, 0xff,
    0x80,

    /* U+7B49 "等" */
    0xa, 0xa0, 0x0, 0x0, 0xf5, 0x0, 0x0, 0x0,
    0xaf, 0xff, 0xfa, 0xf, 0xff, 0xff, 0xfa, 0xa7,
    0x55, 0xf8, 0x7a, 0x55, 0x8f, 0x55, 0x3a, 0x75,
    0x5f, 0x88, 0xf5, 0x58, 0xf5, 0x10, 0xa, 0xff,
    0xff, 0xff, 0xff, 0xff, 0xf5, 0x0, 0x0, 0x0,
    0x5, 0xf0, 0x0, 0x0, 0x0, 0x77, 0x77, 0x77,
    0xaf, 0x77, 0x77, 0x77, 0x4e, 0xee, 0xee, 0xee,
    0xee, 0xee, 0xfe, 0xe9, 0x0, 0x0, 0x0, 0x0,
    0x0, 0x5f, 0x0, 0xf, 0xff, 0xff, 0xff, 0xff,
    0xff, 0xff, 0xfa, 0x55, 0x55, 0xf8, 0x55, 0x55,
    0x8f, 0x55, 0x30, 0x0, 0xa, 0x73, 0x0, 0x5,
    0xf0, 0x0, 0x0, 0x0, 0xa, 0xa0, 0x55, 0x8f,
    0x0, 0x0, 0x0, 0x0, 0x0, 0xf, 0xff, 0xf0,
    0x0,

    /* U+7B5B "筛" */
    0xa, 0xa0, 0x0, 0x0, 0xf5, 0x0, 0x0, 0x0,
    0xae, 0xbb, 0xb5, 0xf, 0xdb, 0xbb, 0xb5, 0x78,
    0x88, 0xf9, 0x77, 0x88, 0xbf, 0x88, 0x3e, 0x40,
    0xe, 0x17, 0xe0, 0x4, 0xe0, 0x0, 0x0, 0x0,
    0x0, 0x0, 0x0, 0x0, 0x0, 0x0, 0x5, 0xf0,
    0xef, 0xff, 0xff, 0xff, 0xf7, 0xe4, 0x5f, 0x1,
    0x11, 0x1b, 0xb1, 0x11, 0xf, 0x55, 0xf0, 0x89,
    0x99, 0xdd, 0x99, 0x94, 0xf5, 0x5f, 0xe, 0xec,
    0xce, 0xec, 0xcf, 0x7f, 0x55, 0xf0, 0xe7, 0x0,
    0xaa, 0x0, 0xe7, 0x10, 0x5f, 0xe, 0x70, 0xa,
    0xa0, 0xe, 0x70, 0x37, 0xa0, 0xe7, 0x0, 0xaa,
    0x15, 0xe7, 0x5c, 0xa0, 0xe, 0x70, 0xa, 0xa3,
    0xff, 0x7f, 0x50, 0x0, 0x0, 0x0, 0xaa, 0x0,
    0x0,

    /* U+7B97 "算" */
    0xa, 0xa0, 0x0, 0x0, 0xf5, 0x0, 0x0, 0x0,
    0xaf, 0xff, 0xfa, 0xf, 0xff, 0xff, 0xfa, 0xa7,
    0x55, 0xf8, 0x7a, 0x55, 0x8f, 0x55, 0x3a, 0x75,
    0x5f, 0x88, 0xf5, 0x58, 0xf5, 0x10, 0xa, 0xff,
    0xff, 0xff, 0xff, 0xff, 0xf5, 0x0, 0xaa, 0x0,
    0x0, 0x0, 0x0, 0xf, 0x50, 0xa, 0xd7, 0x77,
    0x77, 0x77, 0x77, 0xf5, 0x0, 0xaf, 0xee, 0xee,
    0xee, 0xee, 0xef, 0x50, 0xa, 0xa0, 0x0, 0x0,
    0x0, 0x0, 0xf5, 0x0, 0xaf, 0xff, 0xff, 0xff,
    0xff, 0xff, 0x50, 0x3, 0x55, 0xf8, 0x55, 0x5c,
    0xc5, 0x51, 0x5, 0x55, 0x5f, 0x85, 0x55, 0xcc,
    0x55, 0x53, 0xff, 0xff, 0xff, 0xff, 0xff, 0xff,
    0xff, 0xa0, 0x5, 0xf0, 0x0, 0x0, 0xaa, 0x0,
    0x0,

    /* U+7C97 "粗" */
    0x0, 0x5f, 0x0, 0x5f, 0xff, 0xff, 0xf5, 0xa,
    0x35, 0xfa, 0x35, 0xf5, 0x55, 0x5f, 0x50, 0x87,
    0xaf, 0x82, 0x5f, 0x0, 0x0, 0xf5, 0x0, 0x9e,
    0xf0, 0x5, 0xf1, 0x11, 0x1f, 0x50, 0x0, 0x5f,
    0x0, 0x5f, 0xff, 0xff, 0xf5, 0xf, 0xff, 0xff,
    0x55, 0xf0, 0x0, 0xf, 0x50, 0x55, 0x8f, 0x51,
    0x5f, 0x0, 0x0, 0xf5, 0x0, 0x38, 0xf0, 0x5,
    0xf5, 0x55, 0x5f, 0x50, 0xa, 0xff, 0x0, 0x5f,
    0xff, 0xff, 0xf5, 0x0, 0xaf, 0xff, 0x55, 0xf0,
    0x0, 0xf, 0x50, 0x75, 0x8f, 0x51, 0x5f, 0x0,
    0x0, 0xf5, 0xe, 0x45, 0xf0, 0x5, 0xf0, 0x0,
    0xf, 0x50, 0x0, 0x5f, 0x3, 0x8f, 0x55, 0x55,
    0xf8, 0x30, 0x5, 0xf0, 0xaf, 0xff, 0xff, 0xff,
    0xfa,

    /* U+7CBE "精" */
    0x0, 0x5f, 0x0, 0x0, 0xe, 0x70, 0x0, 0xf,
    0x55, 0xff, 0x55, 0xff, 0xff, 0xff, 0x50, 0x58,
    0xcf, 0x51, 0x15, 0x5e, 0xa5, 0x51, 0x0, 0x7c,
    0xf0, 0x1, 0x55, 0xea, 0x55, 0x10, 0x0, 0x5f,
    0x0, 0x5f, 0xff, 0xff, 0xf5, 0xf, 0xff, 0xff,
    0x50, 0x0, 0xe7, 0x0, 0x0, 0x88, 0xbf, 0x87,
    0x77, 0x7f, 0xb7, 0x77, 0x40, 0x38, 0xf0, 0x9e,
    0xfe, 0xee, 0xef, 0xe9, 0xa, 0xff, 0x0, 0x5f,
    0x0, 0x0, 0xf5, 0x0, 0xaf, 0xff, 0x55, 0xff,
    0xff, 0xff, 0x50, 0xa7, 0x8f, 0x51, 0x5f, 0x55,
    0x55, 0xf5, 0xa, 0x35, 0xf0, 0x5, 0xf5, 0x55,
    0x5f, 0x50, 0x0, 0x5f, 0x0, 0x5f, 0xff, 0xff,
    0xf5, 0x0, 0x5, 0xf0, 0x5, 0xf0, 0x0, 0xf,
    0x50,

    /* U+7CFB "系" */
    0x0, 0x0, 0x0, 0x0, 0xa, 0xff, 0xf5, 0x0,
    0x7a, 0xaa, 0xaa, 0xaa, 0x75, 0x55, 0x10, 0x5,
    0x88, 0x8d, 0xd8, 0x82, 0x27, 0x0, 0x0, 0x0,
    0x11, 0xa9, 0x1, 0x15, 0xe0, 0x0, 0x0, 0x5f,
    0xf5, 0x0, 0xff, 0xa0, 0x0, 0x0, 0x0, 0x0,
    0xaf, 0xf0, 0x0, 0x0, 0x0, 0x0, 0x3a, 0xa7,
    0x55, 0x0, 0x0, 0xa3, 0x5, 0x58, 0xff, 0x85,
    0x55, 0x55, 0x5a, 0x73, 0xff, 0xff, 0xff, 0xff,
    0xff, 0xff, 0xa, 0xa0, 0x0, 0x0, 0x5, 0xf0,
    0x0, 0x0, 0x0, 0x0, 0x3a, 0x0, 0x5f, 0x0,
    0x3a, 0x0, 0x5, 0x57, 0xa0, 0x5, 0xf0, 0x3,
    0xa5, 0x53, 0xff, 0xa0, 0x55, 0x8f, 0x0, 0x0,
    0xff, 0xa0, 0x0, 0xf, 0xff, 0xf0, 0x0, 0x0,
    0x0,

    /* U+7D20 "素" */
    0x0, 0x0, 0x0, 0x5f, 0x0, 0x0, 0x0, 0x0,
    0xaf, 0xff, 0xff, 0xff, 0xff, 0xff, 0x50, 0x3,
    0x55, 0x55, 0x8f, 0x55, 0x55, 0x51, 0x0, 0x1,
    0x55, 0x58, 0xf5, 0x55, 0x50, 0x0, 0x0, 0x5f,
    0xff, 0xff, 0xff, 0xff, 0x0, 0x0, 0x0, 0x0,
    0x5, 0xf0, 0x0, 0x0, 0x0, 0x77, 0x77, 0x77,
    0xaf, 0x77, 0x77, 0x77, 0x4e, 0xee, 0xef, 0xee,
    0xef, 0xee, 0xee, 0xe9, 0x0, 0x0, 0xf5, 0x0,
    0xf5, 0x0, 0x0, 0x0, 0x5, 0xf3, 0x15, 0xf3,
    0x10, 0xf, 0x50, 0xaa, 0xcf, 0xaa, 0xcf, 0xaa,
    0xaa, 0x58, 0x7a, 0xac, 0xfa, 0xac, 0xfa, 0xac,
    0xf0, 0x77, 0x55, 0x8f, 0x3, 0x8f, 0x0, 0x5f,
    0x55, 0x3f, 0xfa, 0x0, 0xaf, 0xf0, 0x0, 0xf,
    0xfa,

    /* U+7D22 "索" */
    0x0, 0x0, 0x0, 0x5f, 0x0, 0x0, 0x0, 0xf,
    0xff, 0xff, 0xff, 0xff, 0xff, 0xff, 0xfa, 0x55,
    0x55, 0x55, 0x8f, 0x55, 0x55, 0x55, 0x35, 0x55,
    0x55, 0x58, 0xf5, 0x55, 0x55, 0x53, 0xff, 0xff,
    0xff, 0xff, 0xff, 0xff, 0xff, 0xaf, 0x50, 0xf,
    0x50, 0x0, 0xaa, 0x0, 0xaa, 0x56, 0x77, 0x51,
    0x27, 0x75, 0x30, 0x3, 0x30, 0x9e, 0xe1, 0x15,
    0xee, 0x40, 0x1, 0x0, 0x0, 0x0, 0xff, 0xa0,
    0x0, 0x0, 0xf5, 0xf, 0xff, 0xff, 0xff, 0xff,
    0xff, 0xf0, 0xaa, 0x55, 0x55, 0x55, 0x8f, 0x55,
    0x55, 0x3, 0x30, 0x1, 0x50, 0x5, 0xf0, 0x1,
    0x50, 0x0, 0x55, 0x8f, 0x3, 0x8f, 0x0, 0x5f,
    0x55, 0x3f, 0xfa, 0x0, 0xaf, 0xf0, 0x0, 0xf,
    0xfa,

    /* U+7D27 "紧" */
    0x0, 0x0, 0x0, 0x0, 0x0, 0x0, 0x0, 0x2,
    0xe0, 0x3d, 0xd, 0xff, 0xff, 0xff, 0x10, 0x2e,
    0x3, 0xd0, 0xb, 0x80, 0x1a, 0x80, 0x2, 0xe0,
    0x3d, 0x0, 0x1d, 0x69, 0xb0, 0x0, 0x2e, 0x3,
    0xd0, 0x2, 0xaf, 0xe2, 0x0, 0x2, 0xb0, 0x3d,
    0x4d, 0xfa, 0x4c, 0xfc, 0x80, 0x0, 0x3, 0xff,
    0xb2, 0x0, 0x7, 0xeb, 0x0, 0x0, 0x7f, 0x80,
    0x4, 0x80, 0x0, 0x10, 0x0, 0xdf, 0xda, 0xad,
    0xd6, 0x10, 0x0, 0x0, 0x5, 0x6b, 0xfc, 0x50,
    0xc, 0x90, 0x0, 0x18, 0xcf, 0xfb, 0xab, 0xbc,
    0xdf, 0xd1, 0x0, 0xb9, 0x87, 0x58, 0xf3, 0x21,
    0x7, 0x70, 0x0, 0x2c, 0xa0, 0x4e, 0x6, 0xd5,
    0x0, 0x2, 0x9f, 0x70, 0x5, 0xe0, 0x4, 0xdb,
    0x10, 0x6a, 0x10, 0x3f, 0xf9, 0x0, 0x0, 0x96,
    0x0,

    /* U+7D2F "累" */
    0xa, 0xff, 0xff, 0xff, 0xff, 0xff, 0xf5, 0x0,
    0xac, 0x55, 0x58, 0xe5, 0x55, 0x5f, 0x50, 0xa,
    0xd7, 0x77, 0xaf, 0x77, 0x77, 0xf5, 0x0, 0xaf,
    0xee, 0xee, 0xfe, 0xee, 0xef, 0x50, 0xa, 0xa0,
    0x0, 0x5e, 0x0, 0x0, 0xf5, 0x0, 0xaf, 0xff,
    0xff, 0xff, 0xff, 0xff, 0x50, 0x3, 0x55, 0xf8,
    0x55, 0x5e, 0xa5, 0x51, 0x0, 0x35, 0x5a, 0x31,
    0x55, 0xa4, 0x0, 0x0, 0xa, 0xff, 0x0, 0x5f,
    0xf1, 0x0, 0x0, 0x0, 0x0, 0xf, 0xfa, 0x0,
    0x0, 0xf, 0x50, 0xaa, 0xaa, 0xff, 0xea, 0xaa,
    0xaa, 0x58, 0x7a, 0xac, 0xfa, 0xac, 0xfa, 0xad,
    0xf0, 0x77, 0x55, 0x7a, 0x3, 0x8e, 0x0, 0x5a,
    0x55, 0x3f, 0xfa, 0x0, 0xaf, 0xe0, 0x0, 0xf,
    0xfa,

    /* U+7EA0 "纠" */
    0x0, 0x5f, 0x0, 0x0, 0x0, 0x0, 0xe, 0x70,
    0x5, 0xf0, 0x0, 0xf, 0x50, 0x0, 0xe7, 0x4,
    0x8a, 0x0, 0x0, 0xf5, 0x0, 0xe, 0x71, 0xa9,
    0x1, 0x0, 0xf, 0x50, 0x0, 0xe7, 0xf5, 0x0,
    0xf5, 0x0, 0xf5, 0x0, 0xe, 0x7f, 0xff, 0xf0,
    0x0, 0xf, 0x50, 0x0, 0xe7, 0x55, 0x8f, 0x0,
    0x0, 0xf5, 0x0, 0xe, 0x70, 0x37, 0xa0, 0x0,
    0xf, 0x50, 0x0, 0xe7, 0xa, 0xa0, 0x0, 0x0,
    0xf5, 0x0, 0xe, 0x7f, 0xff, 0xff, 0x50, 0xf,
    0x58, 0xff, 0xf7, 0x55, 0x55, 0x51, 0x0, 0xfc,
    0xa5, 0x5e, 0x70, 0x1, 0x55, 0x10, 0xa, 0xa7,
    0x0, 0xe7, 0x55, 0x8f, 0xf5, 0x0, 0x0, 0x0,
    0xe, 0x7f, 0xfa, 0x0, 0x0, 0x0, 0x0, 0x0,
    0xe7,

    /* U+7EA6 "约" */
    0xa, 0xa0, 0x0, 0x5f, 0x0, 0x0, 0x0, 0x0,
    0xaa, 0x0, 0x5, 0xf0, 0x0, 0x0, 0x0, 0x58,
    0x70, 0x0, 0x5f, 0x55, 0x55, 0x55, 0x2f, 0x51,
    0x50, 0x37, 0xaa, 0xaa, 0xaa, 0xf7, 0xf5, 0x5f,
    0xa, 0xa0, 0x0, 0x0, 0xe, 0x7f, 0xfa, 0xf,
    0x50, 0x0, 0x0, 0x0, 0xe7, 0x5c, 0xa0, 0x51,
    0x0, 0xa1, 0x0, 0xe, 0x78, 0x74, 0x0, 0x0,
    0x7, 0x83, 0x0, 0xe7, 0xf7, 0x33, 0x0, 0x0,
    0xe, 0x70, 0xe, 0x7f, 0xff, 0xf0, 0x0, 0x0,
    0xe7, 0x0, 0xe7, 0x11, 0x11, 0x0, 0x0, 0x1,
    0x0, 0xe, 0x70, 0x1, 0x50, 0x0, 0x0, 0x0,
    0x0, 0xe7, 0x55, 0x8f, 0x0, 0x0, 0x0, 0x25,
    0x5e, 0x7f, 0xfa, 0x0, 0x0, 0x0, 0x8, 0xff,
    0x10,

    /* U+7EA7 "级" */
    0xa, 0xa0, 0xa, 0xff, 0xff, 0xff, 0xf5, 0x0,
    0xaa, 0x0, 0x38, 0xf5, 0x55, 0x5f, 0x50, 0xeb,
    0x70, 0x0, 0x5f, 0x0, 0x0, 0xf5, 0xf, 0x50,
    0x0, 0x5, 0xf0, 0x0, 0xf, 0x50, 0xf5, 0x5f,
    0x0, 0x5f, 0x0, 0x8f, 0x0, 0xf, 0xfa, 0x0,
    0x5, 0xf0, 0x8, 0xff, 0xfa, 0x1b, 0xa0, 0x0,
    0x5f, 0x0, 0x1, 0x1b, 0xa5, 0x87, 0x0, 0x5,
    0xf5, 0x10, 0x0, 0xaa, 0xf5, 0x0, 0x0, 0x5f,
    0xf5, 0x0, 0xa, 0xaf, 0xff, 0xf0, 0x5, 0xf0,
    0xe7, 0xf, 0x50, 0x55, 0x55, 0x7, 0x85, 0x4,
    0x8a, 0x51, 0x0, 0x1, 0x50, 0xaa, 0x0, 0x48,
    0xa5, 0x10, 0x55, 0x8f, 0x5c, 0xc5, 0x5f, 0x70,
    0xf8, 0x3f, 0xfa, 0xf, 0x55, 0xff, 0x50, 0x0,
    0xaa,

    /* U+7EAF "纯" */
    0xa, 0xa0, 0x0, 0x0, 0xe, 0x70, 0x0, 0x0,
    0xaa, 0x0, 0xef, 0xff, 0xff, 0xff, 0xf7, 0xa7,
    0x30, 0x4, 0x55, 0x5e, 0xa5, 0x55, 0x2f, 0x51,
    0x40, 0x42, 0x0, 0xe7, 0x0, 0x42, 0xf5, 0x5e,
    0xe, 0x70, 0xe, 0x70, 0xe, 0x7f, 0xfa, 0x0,
    0xe7, 0x0, 0xe7, 0x0, 0xe7, 0x5c, 0xa0, 0xe,
    0x70, 0xe, 0x70, 0xe, 0x75, 0x87, 0x0, 0xea,
    0x55, 0xea, 0x55, 0xe7, 0xf5, 0x0, 0xe, 0xff,
    0xff, 0xff, 0xff, 0x7f, 0xff, 0xe0, 0x0, 0x0,
    0xe7, 0x0, 0x0, 0x55, 0x54, 0x0, 0x0, 0xe,
    0x70, 0x0, 0x0, 0x1, 0x40, 0x0, 0x0, 0xe7,
    0x0, 0x42, 0x55, 0x8e, 0x0, 0x0, 0xe, 0xa5,
    0x5e, 0x7f, 0xfa, 0x0, 0x0, 0x0, 0x4b, 0xff,
    0xf7,

    /* U+7EBF "线" */
    0x0, 0x5f, 0x0, 0x0, 0xa, 0xa3, 0xf1, 0x0,
    0x5, 0xf0, 0x0, 0x0, 0xaa, 0x0, 0xe7, 0x3,
    0x7a, 0x0, 0x0, 0xa, 0xc5, 0x5e, 0x75, 0x87,
    0x5, 0x11, 0x55, 0xce, 0xaa, 0xa4, 0xf5, 0x0,
    0xf5, 0x5f, 0xff, 0xa0, 0x0, 0xf, 0xff, 0xf0,
    0x0, 0x0, 0xaa, 0x0, 0x0, 0x88, 0xbf, 0x0,
    0x0, 0xa, 0xd7, 0x77, 0x30, 0x15, 0xe0, 0x0,
    0x11, 0xbf, 0xee, 0xe6, 0xa, 0xa0, 0x0, 0x5f,
    0xff, 0xa0, 0x0, 0xf, 0xff, 0xff, 0x50, 0x0,
    0xaa, 0x0, 0xe7, 0x55, 0x55, 0x51, 0x0, 0x7,
    0x85, 0x55, 0x20, 0x1, 0x55, 0x10, 0x0, 0x38,
    0xfa, 0x52, 0x55, 0x8f, 0xf8, 0x55, 0x5c, 0xff,
    0x5e, 0x7f, 0xfa, 0x0, 0xaf, 0xff, 0x50, 0x3f,
    0xf7,

    /* U+7EC6 "细" */
    0xa, 0xa0, 0xe, 0xff, 0xff, 0xff, 0xff, 0x70,
    0xaa, 0x0, 0xea, 0x55, 0xea, 0x55, 0xe7, 0x58,
    0x70, 0xe, 0x70, 0xe, 0x70, 0xe, 0x7f, 0x50,
    0x20, 0xe7, 0x0, 0xe7, 0x0, 0xe7, 0xf5, 0x5e,
    0xe, 0x70, 0xe, 0x70, 0xe, 0x7f, 0xfa, 0x0,
    0xe7, 0x0, 0xe7, 0x0, 0xe7, 0x5c, 0xa0, 0xe,
    0xda, 0xaf, 0xda, 0xaf, 0x75, 0x87, 0x0, 0xed,
    0xaa, 0xfd, 0xaa, 0xf7, 0xf5, 0x0, 0xe, 0x70,
    0xe, 0x70, 0xe, 0x7f, 0xff, 0xe0, 0xe7, 0x0,
    0xe7, 0x0, 0xe7, 0x55, 0x54, 0xe, 0x70, 0xe,
    0x70, 0xe, 0x70, 0x1, 0x40, 0xe7, 0x0, 0xe7,
    0x0, 0xe7, 0x55, 0x8e, 0xe, 0xa5, 0x5e, 0xa5,
    0x5e, 0x7f, 0xfa, 0x0, 0xef, 0xff, 0xff, 0xff,
    0xf7,

    /* U+7ECF "经" */
    0xa, 0xa0, 0xa, 0xff, 0xff, 0xff, 0xf1, 0x0,
    0xaa, 0x0, 0x35, 0x55, 0x55, 0x7f, 0x10, 0x58,
    0x70, 0x0, 0x0, 0x0, 0x36, 0xa1, 0xf, 0x50,
    0x20, 0x0, 0x0, 0x28, 0xa0, 0x0, 0xf5, 0x5f,
    0x0, 0x0, 0xe, 0x70, 0x0, 0xf, 0xfa, 0x0,
    0x5, 0xff, 0x18, 0xc0, 0x0, 0x5c, 0xa0, 0xaa,
    0x85, 0x50, 0x26, 0xaa, 0x45, 0x87, 0xa, 0xa8,
    0x55, 0x55, 0x7f, 0xb4, 0xf5, 0x0, 0x0, 0x5f,
    0xff, 0xff, 0xf1, 0xf, 0xff, 0xf0, 0x0, 0x0,
    0xe7, 0x0, 0x0, 0x55, 0x55, 0x0, 0x0, 0xe,
    0x70, 0x0, 0x0, 0x1, 0x50, 0x0, 0x0, 0xe7,
    0x0, 0x0, 0x55, 0x8f, 0x3, 0x55, 0x5e, 0xa5,
    0x55, 0x2f, 0xfa, 0x0, 0xaf, 0xff, 0xff, 0xff,
    0xf7,

    /* U+7ED3 "结" */
    0x0, 0x5f, 0x0, 0x0, 0x7, 0xe0, 0x0, 0x0,
    0x5, 0xf0, 0x0, 0x0, 0x7e, 0x0, 0x0, 0x3,
    0x7a, 0x3, 0x55, 0x5a, 0xe5, 0x55, 0x45, 0x87,
    0x5, 0x8a, 0xaa, 0xdf, 0xaa, 0xa9, 0xf5, 0x0,
    0xf5, 0x0, 0x7, 0xe0, 0x0, 0xf, 0xff, 0xf0,
    0x0, 0x0, 0x7e, 0x0, 0x0, 0x88, 0xbf, 0x0,
    0x7, 0x7b, 0xf7, 0x73, 0x0, 0x38, 0xe0, 0x1,
    0xee, 0xee, 0xee, 0x70, 0xa, 0xa0, 0x0, 0x0,
    0x0, 0x0, 0x0, 0xf, 0xff, 0xff, 0x51, 0xff,
    0xff, 0xff, 0x80, 0x55, 0x55, 0x51, 0x1f, 0x75,
    0x55, 0xd8, 0x0, 0x1, 0x55, 0x11, 0xf3, 0x0,
    0xc, 0x80, 0x55, 0x8f, 0xf5, 0x1f, 0x75, 0x55,
    0xd8, 0xf, 0xfa, 0x0, 0x1, 0xff, 0xff, 0xff,
    0x80,

    /* U+7ED9 "给" */
    0xa, 0xa0, 0x0, 0x0, 0xa, 0xa0, 0x0, 0x0,
    0xaa, 0x0, 0x0, 0xa, 0x77, 0xa0, 0x0, 0xaa,
    0x70, 0x0, 0x5a, 0xa3, 0x3a, 0xa1, 0xf, 0x51,
    0x40, 0x48, 0xa0, 0x0, 0xa, 0x62, 0xf5, 0x5e,
    0xe, 0x70, 0x0, 0x0, 0xe, 0x7f, 0xfa, 0x0,
    0x8, 0xff, 0xff, 0xff, 0x10, 0x5c, 0xa0, 0x0,
    0x25, 0x55, 0x55, 0x50, 0x5, 0x87, 0x0, 0x45,
    0x55, 0x55, 0x55, 0x52, 0xf5, 0x0, 0xe, 0xff,
    0xff, 0xff, 0xff, 0x7f, 0xff, 0xe0, 0xe7, 0x0,
    0x0, 0x0, 0xe7, 0x55, 0x54, 0xe, 0x70, 0x0,
    0x0, 0xe, 0x70, 0x1, 0x40, 0xe7, 0x0, 0x0,
    0x0, 0xe7, 0x55, 0x8e, 0xe, 0xa5, 0x55, 0x55,
    0x5e, 0x7f, 0xfa, 0x0, 0xef, 0xff, 0xff, 0xff,
    0xf7,

    /* U+7EDC "络" */
    0xa, 0xa0, 0x0, 0x5f, 0x0, 0x0, 0x0, 0x0,
    0xaa, 0x0, 0x5, 0xff, 0xff, 0xff, 0x50, 0xa7,
    0x30, 0x7, 0x85, 0x55, 0x55, 0xf5, 0xf, 0x51,
    0x55, 0x88, 0x50, 0x1, 0x5a, 0x30, 0xf5, 0x5f,
    0xf5, 0x5f, 0x0, 0x5f, 0x0, 0xf, 0xfa, 0x0,
    0x0, 0xf, 0xfa, 0x0, 0x0, 0x5c, 0xa0, 0x0,
    0x3a, 0x55, 0x7a, 0x0, 0x5, 0x87, 0x5, 0x57,
    0xa0, 0x3, 0xa5, 0x53, 0xf5, 0x0, 0xff, 0xa0,
    0x0, 0x0, 0xff, 0xaf, 0xff, 0xf0, 0xaf, 0xff,
    0xff, 0xff, 0x50, 0x55, 0x55, 0xa, 0xc5, 0x55,
    0x55, 0xf5, 0x0, 0x1, 0x50, 0xaa, 0x0, 0x0,
    0xf, 0x50, 0x55, 0x8f, 0xa, 0xc5, 0x55, 0x55,
    0xf5, 0xf, 0xfa, 0x0, 0xaf, 0xff, 0xff, 0xff,
    0x50,

    /* U+7EDD "绝" */
    0xa, 0xa0, 0x0, 0x8c, 0x0, 0x0, 0x0, 0x0,
    0xaa, 0x0, 0x8, 0xea, 0xaa, 0x80, 0x0, 0xaa,
    0x70, 0x9, 0xaa, 0xaa, 0xdc, 0x0, 0xf, 0x50,
    0x16, 0xea, 0x66, 0x6b, 0xd6, 0x62, 0xf6, 0x14,
    0xef, 0xfe, 0xef, 0xfe, 0xef, 0x7f, 0xff, 0xc0,
    0xe7, 0x0, 0xe7, 0x0, 0xe7, 0x2b, 0xb1, 0xe,
    0x70, 0xe, 0x70, 0xe, 0x79, 0x74, 0x0, 0xec,
    0x99, 0xfc, 0x99, 0xf7, 0xf8, 0x43, 0xe, 0xdb,
    0xbb, 0xbb, 0xbb, 0x5f, 0xff, 0xc0, 0xe7, 0x0,
    0x0, 0x0, 0x0, 0x0, 0x0, 0xe, 0x70, 0x0,
    0x0, 0xe, 0x70, 0x2, 0x60, 0xe7, 0x0, 0x0,
    0x0, 0xe7, 0x55, 0x8c, 0xe, 0xa5, 0x55, 0x55,
    0x5e, 0x7f, 0xfa, 0x0, 0x8, 0xff, 0xff, 0xff,
    0xf7,

    /* U+7EDF "统" */
    0xa, 0xa0, 0x0, 0x0, 0xf5, 0x0, 0x0, 0x0,
    0xaa, 0xf, 0xff, 0xff, 0xff, 0xff, 0xfa, 0xa7,
    0x30, 0x55, 0x8f, 0x55, 0x55, 0x55, 0x3f, 0x51,
    0x50, 0x5, 0xf0, 0x0, 0x5, 0x10, 0xf5, 0x5f,
    0x0, 0x5f, 0x0, 0x0, 0xf5, 0xf, 0xfa, 0x0,
    0xaa, 0x0, 0x0, 0xf, 0x50, 0x5c, 0xa0, 0xae,
    0xea, 0xaa, 0xaa, 0x58, 0x75, 0x87, 0xa, 0xac,
    0xfa, 0xac, 0xf0, 0x77, 0xf5, 0x0, 0x0, 0x5f,
    0x0, 0x5f, 0x0, 0xf, 0xff, 0xf0, 0x5, 0xf0,
    0x5, 0xf0, 0x0, 0x55, 0x55, 0x0, 0x5f, 0x0,
    0x5f, 0x0, 0x0, 0x1, 0x50, 0x37, 0xa0, 0x5,
    0xf0, 0x33, 0x55, 0x8f, 0x5c, 0xa0, 0x0, 0x5f,
    0x5c, 0xaf, 0xfa, 0xf, 0x50, 0x0, 0x5, 0xff,
    0xfa,

    /* U+7EE7 "继" */
    0xa, 0xa0, 0xe, 0x70, 0x0, 0x5f, 0x0, 0x0,
    0xaa, 0x0, 0xe7, 0xa, 0x35, 0xf0, 0x77, 0x58,
    0x70, 0xe, 0x70, 0xa7, 0x8f, 0x58, 0x7f, 0x50,
    0x20, 0xe7, 0x0, 0x8e, 0xfd, 0x40, 0xf5, 0x5e,
    0xe, 0x70, 0x0, 0x5f, 0x0, 0xf, 0xfa, 0x0,
    0xe7, 0xf, 0xff, 0xff, 0xfa, 0x5c, 0xa0, 0xe,
    0x70, 0x55, 0x8f, 0x55, 0x35, 0x87, 0x0, 0xe7,
    0x0, 0x38, 0xf5, 0x10, 0xf5, 0x0, 0xe, 0x70,
    0xa, 0xff, 0xf5, 0xf, 0xff, 0xe0, 0xe7, 0xf,
    0x55, 0xf0, 0xaa, 0x55, 0x54, 0xe, 0x70, 0x51,
    0x5f, 0x3, 0x30, 0x1, 0x40, 0xe7, 0x0, 0x5,
    0xf0, 0x0, 0x55, 0x8e, 0xe, 0xa5, 0x55, 0x55,
    0x55, 0x3f, 0xfa, 0x0, 0xef, 0xff, 0xff, 0xff,
    0xfa,

    /* U+7EEA "绪" */
    0xa, 0xa0, 0x0, 0x0, 0xf5, 0x0, 0x0, 0x0,
    0xaa, 0x0, 0x7a, 0xaf, 0xca, 0xa0, 0x77, 0x79,
    0x70, 0x6, 0xaa, 0xfc, 0xaa, 0x79, 0x7f, 0x50,
    0x10, 0x0, 0xf, 0x50, 0x1e, 0x40, 0xf5, 0x5f,
    0x0, 0x0, 0xf5, 0x5f, 0x0, 0xf, 0xfa, 0xf,
    0xff, 0xff, 0xff, 0xff, 0xfa, 0x5c, 0xa0, 0x55,
    0x55, 0xf8, 0x55, 0x55, 0x35, 0x87, 0x0, 0x1,
    0x5f, 0x85, 0x55, 0x10, 0xf5, 0x0, 0x0, 0x5f,
    0xff, 0xff, 0xf5, 0xf, 0xff, 0xf0, 0xaf, 0xf0,
    0x0, 0xf, 0x50, 0x55, 0x55, 0x3, 0x8f, 0xaa,
    0xaa, 0xf5, 0x0, 0x1, 0x50, 0x5, 0xfa, 0xaa,
    0xaf, 0x50, 0x55, 0x8f, 0x0, 0x5f, 0x55, 0x55,
    0xf5, 0xf, 0xfa, 0x0, 0x5, 0xff, 0xff, 0xff,
    0x50,

    /* U+7EED "续" */
    0xa, 0xa0, 0x0, 0x0, 0xe, 0x70, 0x0, 0x0,
    0xaa, 0x0, 0x6, 0xaa, 0xfd, 0xaa, 0x10, 0x58,
    0x70, 0x0, 0x5a, 0xaf, 0xca, 0xa1, 0xf, 0x50,
    0x20, 0x22, 0x22, 0xe8, 0x22, 0x21, 0xf5, 0x5e,
    0xe, 0xff, 0xff, 0xff, 0xff, 0x7f, 0xfa, 0x0,
    0x9, 0xc0, 0x0, 0x0, 0xe7, 0x5c, 0xa0, 0x9,
    0x76, 0xa1, 0x58, 0x4, 0x25, 0x87, 0x0, 0x97,
    0x6a, 0x18, 0xc0, 0x0, 0xf5, 0x0, 0x0, 0x9c,
    0x0, 0x8c, 0x0, 0xf, 0xff, 0xe0, 0xef, 0xff,
    0xff, 0xff, 0xf7, 0x55, 0x54, 0x4, 0x55, 0x5e,
    0xa5, 0x55, 0x20, 0x1, 0x40, 0x0, 0x15, 0xa4,
    0x15, 0x0, 0x55, 0x8e, 0x4, 0x57, 0xf1, 0x3,
    0xf6, 0x2f, 0xfa, 0x0, 0xef, 0xc0, 0x0, 0x0,
    0xe7,

    /* U+7EFC "综" */
    0xa, 0xa0, 0x0, 0x0, 0xe, 0x70, 0x0, 0x0,
    0xaa, 0x0, 0x9a, 0xaa, 0xfd, 0xaa, 0xa7, 0xaa,
    0x70, 0xe, 0xca, 0xaa, 0xaa, 0xae, 0xaf, 0x50,
    0x0, 0xe7, 0x0, 0x0, 0x0, 0xaa, 0xf5, 0x5e,
    0x0, 0x0, 0x0, 0x0, 0x0, 0xf, 0xfa, 0x0,
    0x8, 0xff, 0xff, 0xff, 0x50, 0x5c, 0xa0, 0x0,
    0x25, 0x55, 0x55, 0x51, 0x5, 0x87, 0x0, 0x45,
    0x55, 0x55, 0x55, 0x53, 0xf5, 0x0, 0xe, 0xff,
    0xff, 0xff, 0xff, 0xaf, 0xff, 0xe0, 0x0, 0x0,
    0xe7, 0x0, 0x0, 0x55, 0x54, 0x0, 0x58, 0xe,
    0x70, 0xa3, 0x0, 0x1, 0x40, 0x48, 0x80, 0xe7,
    0xa, 0x73, 0x55, 0x8e, 0xe, 0x71, 0x5e, 0x70,
    0xa, 0xaf, 0xfa, 0x0, 0x0, 0x3f, 0xf7, 0x0,
    0x0,

    /* U+7EFF "绿" */
    0xa, 0xa0, 0xa, 0xff, 0xff, 0xff, 0xf5, 0x0,
    0xaa, 0x0, 0x35, 0x55, 0x55, 0x5f, 0x50, 0x79,
    0x70, 0x4, 0x77, 0x77, 0x77, 0xf5, 0xf, 0x50,
    0x10, 0x9e, 0xee, 0xee, 0xef, 0x50, 0xf5, 0x5f,
    0x0, 0x0, 0x0, 0x0, 0xf5, 0xf, 0xfa, 0xf,
    0xff, 0xff, 0xff, 0xff, 0xfa, 0x5c, 0xa0, 0x55,
    0x55, 0x5c, 0xc5, 0x55, 0x35, 0x87, 0x0, 0x33,
    0x0, 0xaa, 0x0, 0x33, 0xf5, 0x0, 0xa, 0xa0,
    0xa, 0xa0, 0xa, 0xaf, 0xff, 0xf0, 0x5, 0xf0,
    0xaa, 0xf, 0x50, 0x55, 0x55, 0x0, 0x15, 0xae,
    0xea, 0x51, 0x0, 0x1, 0x50, 0x1, 0x5a, 0xee,
    0xa5, 0x10, 0x55, 0x8f, 0x55, 0x8f, 0x5c, 0xa0,
    0xf8, 0x3f, 0xfa, 0xf, 0xfa, 0xf, 0xfa, 0x0,
    0xaa,

    /* U+7F13 "缓" */
    0xa, 0xa0, 0x0, 0x0, 0x0, 0x8f, 0xff, 0x70,
    0xaa, 0x0, 0x9a, 0xaa, 0xa7, 0x55, 0xe7, 0x58,
    0x70, 0x9, 0xde, 0xaf, 0x71, 0x59, 0x4f, 0x50,
    0x10, 0x19, 0xc1, 0xe8, 0x4f, 0x30, 0xf5, 0x5e,
    0xe, 0xff, 0xff, 0xff, 0xff, 0x7f, 0xd9, 0x30,
    0x33, 0x6f, 0x43, 0x33, 0x31, 0x8d, 0xa0, 0x6,
    0x79, 0xf8, 0x77, 0x77, 0x35, 0xb9, 0x0, 0xcf,
    0xfe, 0xee, 0xee, 0xe6, 0xf5, 0x0, 0x0, 0x9c,
    0x0, 0x0, 0x0, 0xf, 0xff, 0xe0, 0x9, 0xff,
    0xff, 0xff, 0x20, 0x55, 0x54, 0x9, 0x77, 0xf6,
    0x57, 0xf2, 0x0, 0x1, 0x55, 0xa4, 0x2a, 0x55,
    0x6a, 0x10, 0x55, 0x8f, 0xf6, 0x55, 0x5e, 0xfd,
    0x55, 0x2f, 0xfa, 0x0, 0xef, 0xff, 0x10, 0x3f,
    0xf7,

    /* U+7F16 "编" */
    0xa, 0xa0, 0x0, 0x0, 0xa, 0xa0, 0x0, 0x0,
    0xaa, 0x0, 0x7a, 0xaa, 0xee, 0xaa, 0xa4, 0xaa,
    0x70, 0xa, 0xea, 0xaa, 0xaa, 0xaf, 0x7f, 0x51,
    0x50, 0xac, 0x55, 0x55, 0x55, 0xe7, 0xf5, 0x5f,
    0xa, 0xff, 0xff, 0xff, 0xff, 0x7f, 0xfa, 0x0,
    0xaa, 0x0, 0x0, 0x0, 0x0, 0x5c, 0xa0, 0xa,
    0xea, 0xaa, 0xaa, 0xaa, 0x45, 0x87, 0x0, 0xae,
    0xaf, 0xcc, 0xfa, 0xf7, 0xf5, 0x0, 0xa, 0xa0,
    0xf5, 0x5f, 0xe, 0x7f, 0xff, 0xf0, 0xaa, 0xf,
    0x55, 0xf0, 0xe7, 0x55, 0x55, 0xa, 0xea, 0xfc,
    0xcf, 0xaf, 0x70, 0x1, 0x50, 0xae, 0xaf, 0xcc,
    0xfa, 0xf7, 0x55, 0x8f, 0x5c, 0xa0, 0xf5, 0x5f,
    0xe, 0x7f, 0xfa, 0xf, 0x50, 0xf, 0x55, 0xf0,
    0xe7,

    /* U+7F51 "网" */
    0xff, 0xff, 0xff, 0xff, 0xff, 0xff, 0xff, 0x7f,
    0x85, 0x55, 0x55, 0x55, 0x55, 0x55, 0xe7, 0xf5,
    0x0, 0x6, 0x30, 0x0, 0x27, 0xe, 0x7f, 0x51,
    0x30, 0xe7, 0x3, 0x15, 0xf0, 0xe7, 0xf5, 0x5f,
    0xe, 0x70, 0xf5, 0x5f, 0xe, 0x7f, 0x50, 0xf,
    0x10, 0x0, 0xaa, 0x0, 0xe7, 0xf5, 0x0, 0xf1,
    0x0, 0xa, 0xa0, 0xe, 0x7f, 0x51, 0x5a, 0x52,
    0x5, 0x88, 0x50, 0xe7, 0xf5, 0x5f, 0xe, 0x70,
    0xf5, 0x5f, 0xe, 0x7f, 0x55, 0xf0, 0xe7, 0xf,
    0x55, 0xf0, 0xe7, 0xfa, 0x78, 0x7, 0x77, 0x82,
    0x28, 0xe, 0x7f, 0xe9, 0x0, 0x7, 0xe0, 0x0,
    0x0, 0xe7, 0xf5, 0x0, 0x0, 0x0, 0x0, 0x15,
    0x5e, 0x7f, 0x50, 0x0, 0x0, 0x0, 0x5, 0xff,
    0xf7,

    /* U+7F6E "置" */
    0xff, 0xff, 0xff, 0xff, 0xff, 0xff, 0xff, 0xaf,
    0x85, 0x5f, 0x85, 0x55, 0xcc, 0x55, 0xca, 0xfa,
    0x77, 0xfa, 0x77, 0x7c, 0xd7, 0x7c, 0xae, 0xee,
    0xee, 0xee, 0xfe, 0xee, 0xee, 0xe9, 0x0, 0x0,
    0x0, 0x5f, 0x0, 0x0, 0x0, 0xf, 0xff, 0xff,
    0xff, 0xff, 0xff, 0xff, 0xfa, 0x55, 0x55, 0x55,
    0x8f, 0x55, 0x55, 0x55, 0x30, 0x1, 0x55, 0x58,
    0xf5, 0x55, 0x50, 0x0, 0x0, 0x5f, 0xff, 0xff,
    0xff, 0xff, 0x0, 0x0, 0x5, 0xf0, 0x0, 0x0,
    0x5, 0xf0, 0x0, 0x0, 0x5f, 0x77, 0x77, 0x77,
    0xaf, 0x0, 0x0, 0x5, 0xfe, 0xee, 0xee, 0xee,
    0xf0, 0x0, 0x55, 0x8f, 0x55, 0x55, 0x55, 0x8f,
    0x55, 0x3f, 0xff, 0xff, 0xff, 0xff, 0xff, 0xff,
    0xfa,

    /* U+7F72 "署" */
    0xa, 0xff, 0xff, 0xff, 0xff, 0xff, 0xf5, 0x0,
    0xac, 0x55, 0xcc, 0x5f, 0x85, 0x5f, 0x50, 0xa,
    0xd7, 0x7d, 0xd7, 0xfa, 0x77, 0xf5, 0x0, 0x9e,
    0xee, 0xff, 0xee, 0xee, 0xee, 0x61, 0x0, 0x0,
    0xa, 0xa0, 0x0, 0x0, 0xa, 0xa0, 0xaf, 0xff,
    0xff, 0xff, 0xfa, 0xf, 0x50, 0x3, 0x55, 0x5c,
    0xc5, 0x55, 0x7a, 0x51, 0x5, 0x55, 0x55, 0xcc,
    0x55, 0x58, 0xf5, 0x53, 0xff, 0xff, 0xff, 0xff,
    0xff, 0xff, 0xff, 0xa0, 0x5, 0xf0, 0x0, 0x0,
    0x0, 0xf, 0x50, 0x7, 0xcf, 0xaa, 0xaa, 0xaa,
    0xaa, 0xf5, 0x5, 0x8c, 0xfa, 0xaa, 0xaa, 0xaa,
    0xaf, 0x50, 0xf5, 0x5f, 0x55, 0x55, 0x55, 0x55,
    0xf5, 0x0, 0x5, 0xff, 0xff, 0xff, 0xff, 0xff,
    0x50,

    /* U+7F8E "美" */
    0x0, 0x0, 0xf5, 0x0, 0xa, 0xa0, 0x0, 0xf,
    0xff, 0xff, 0xff, 0xff, 0xff, 0xff, 0xfa, 0x55,
    0x55, 0x55, 0x8f, 0x55, 0x55, 0x55, 0x30, 0x35,
    0x55, 0x58, 0xf5, 0x55, 0x55, 0x10, 0xa, 0xff,
    0xff, 0xff, 0xff, 0xff, 0xf5, 0x0, 0x0, 0x0,
    0x5, 0xf0, 0x0, 0x0, 0x0, 0x77, 0x77, 0x77,
    0xaf, 0x77, 0x77, 0x77, 0x4e, 0xee, 0xee, 0xee,
    0xfe, 0xee, 0xee, 0xe9, 0x0, 0x0, 0x0, 0x5f,
    0x0, 0x0, 0x0, 0xf, 0xff, 0xff, 0xff, 0xff,
    0xff, 0xff, 0xfa, 0x55, 0x55, 0x5c, 0xc5, 0xf8,
    0x55, 0x55, 0x30, 0x1, 0x55, 0x87, 0xa, 0x75,
    0x50, 0x0, 0x55, 0x8f, 0xf5, 0x0, 0xa, 0xff,
    0x55, 0x3f, 0xfa, 0x0, 0x0, 0x0, 0x0, 0xf,
    0xfa,

    /* U+7FFB "翻" */
    0x0, 0x0, 0xff, 0xa3, 0xff, 0x73, 0xff, 0x7f,
    0xff, 0xf5, 0x53, 0x15, 0xe7, 0x15, 0xe7, 0xf8,
    0x8f, 0x7, 0xa8, 0xe, 0xd8, 0xe, 0x7f, 0xbb,
    0xf8, 0xdd, 0x78, 0xfb, 0x78, 0xf7, 0xff, 0xff,
    0xff, 0xa3, 0xff, 0x73, 0xff, 0x70, 0xaf, 0xff,
    0x50, 0x0, 0xe7, 0x0, 0xe7, 0xf6, 0x6f, 0x1b,
    0xa0, 0xe, 0x70, 0xe, 0x7f, 0x88, 0xf5, 0xca,
    0x15, 0xe7, 0x15, 0xe7, 0xff, 0xff, 0xff, 0xa3,
    0xff, 0x73, 0xff, 0x7f, 0x55, 0xf0, 0xaf, 0xc0,
    0xef, 0xc0, 0xe7, 0xfa, 0xaf, 0x7c, 0xd6, 0xe,
    0xc6, 0xe, 0x7f, 0xee, 0xfe, 0xfa, 0x0, 0xe7,
    0x0, 0xe7, 0xf8, 0x8f, 0x5c, 0xa1, 0x5e, 0x71,
    0x5e, 0x7f, 0xff, 0xff, 0xfa, 0x3f, 0xf7, 0x3f,
    0xf7,

    /* U+8001 "老" */
    0x0, 0x0, 0xa, 0xa0, 0x0, 0x0, 0xf5, 0x0,
    0x7a, 0xaa, 0xee, 0xaa, 0x33, 0xa5, 0x10, 0x5,
    0x88, 0x8d, 0xd8, 0x87, 0x78, 0x0, 0x0, 0x0,
    0x0, 0xaa, 0x5, 0xb9, 0x0, 0x0, 0x0, 0x0,
    0xa, 0xa0, 0xf5, 0x0, 0x0, 0xf, 0xff, 0xff,
    0xff, 0xff, 0xff, 0xff, 0xfa, 0x55, 0x55, 0x5c,
    0xc5, 0x55, 0x55, 0x55, 0x30, 0x1, 0x55, 0xca,
    0x0, 0x0, 0x5, 0x10, 0x0, 0x5f, 0xf5, 0x0,
    0x0, 0x0, 0xf5, 0xf, 0xfa, 0xf, 0x50, 0x0,
    0xaf, 0xf0, 0x0, 0x88, 0x50, 0xfa, 0x77, 0x78,
    0x88, 0x0, 0x0, 0x0, 0xf, 0xee, 0xee, 0x40,
    0x0, 0x67, 0x0, 0x0, 0xf8, 0x55, 0x55, 0x55,
    0x5c, 0xa0, 0x0, 0x0, 0xaf, 0xff, 0xff, 0xff,
    0xfa,

    /* U+8003 "考" */
    0x0, 0x0, 0xa, 0xa0, 0x0, 0x0, 0xf5, 0x0,
    0xaf, 0xff, 0xff, 0xff, 0x55, 0xf5, 0x10, 0x3,
    0x55, 0x5c, 0xc5, 0x58, 0x85, 0x0, 0x5, 0x55,
    0x55, 0xcc, 0x55, 0xcc, 0x55, 0x53, 0xff, 0xff,
    0xff, 0xff, 0xff, 0xff, 0xff, 0xa0, 0x0, 0x0,
    0x5, 0xf0, 0x0, 0x0, 0x0, 0x0, 0x0, 0x77,
    0xaf, 0x77, 0x77, 0x72, 0x0, 0x0, 0x1f, 0xee,
    0xee, 0xee, 0xee, 0x40, 0x0, 0x5f, 0xf5, 0x0,
    0x0, 0x0, 0x0, 0xf, 0xfa, 0xf, 0xff, 0xff,
    0xff, 0xff, 0x50, 0x55, 0x30, 0x55, 0x55, 0x55,
    0x55, 0xf5, 0x0, 0x0, 0x0, 0x0, 0x0, 0x0,
    0xf, 0x50, 0x0, 0x0, 0x0, 0x0, 0x55, 0x55,
    0xf5, 0x0, 0x0, 0x0, 0x0, 0xf, 0xff, 0xf0,
    0x0,

    /* U+800C "而" */
    0xff, 0xff, 0xff, 0xff, 0xff, 0xff, 0xff, 0xa5,
    0x55, 0x55, 0x58, 0xf5, 0x55, 0x55, 0x53, 0x0,
    0x0, 0x7, 0xaa, 0x0, 0x0, 0x0, 0x5, 0x55,
    0x55, 0xcc, 0x55, 0x55, 0x55, 0x53, 0xff, 0xff,
    0xff, 0xff, 0xff, 0xff, 0xff, 0xaf, 0x50, 0xf,
    0x50, 0x0, 0xaa, 0x0, 0xaa, 0xf5, 0x0, 0xf5,
    0x0, 0xa, 0xa0, 0xa, 0xaf, 0x50, 0xf, 0x50,
    0x0, 0xaa, 0x0, 0xaa, 0xf5, 0x0, 0xf5, 0x0,
    0xa, 0xa0, 0xa, 0xaf, 0x50, 0xf, 0x50, 0x0,
    0xaa, 0x0, 0xaa, 0xf5, 0x0, 0xf5, 0x0, 0xa,
    0xa0, 0xa, 0xaf, 0x50, 0xf, 0x50, 0x0, 0xaa,
    0x0, 0xaa, 0xf5, 0x0, 0xf5, 0x0, 0xa, 0xa0,
    0x5c, 0xaf, 0x50, 0x0, 0x0, 0x0, 0x0, 0xf,
    0xfa,

    /* U+8054 "联" */
    0xff, 0xff, 0xf5, 0x1f, 0x30, 0x0, 0xc8, 0x5,
    0xcc, 0x5f, 0x50, 0x5d, 0x81, 0xf7, 0x20, 0xa,
    0xfe, 0xf5, 0x1e, 0xff, 0xef, 0xe7, 0x0, 0xad,
    0x7f, 0x50, 0x77, 0xbf, 0x77, 0x30, 0xa, 0xa0,
    0xf5, 0x0, 0x7, 0xe0, 0x0, 0x0, 0xaa, 0xf,
    0x50, 0x0, 0x7e, 0x0, 0x0, 0xa, 0xfe, 0xf5,
    0x0, 0x7, 0xe0, 0x0, 0x0, 0xad, 0x7f, 0xb9,
    0x99, 0xcf, 0x99, 0x98, 0xa, 0xa0, 0xfd, 0xcc,
    0xce, 0xfc, 0xcc, 0xb0, 0xaa, 0xf, 0x50, 0x0,
    0x7e, 0x0, 0x0, 0xa, 0xfe, 0xfe, 0x90, 0xb8,
    0x3e, 0x30, 0x5, 0xce, 0xaf, 0xc7, 0x59, 0x51,
    0xa6, 0x20, 0xff, 0xa0, 0xf8, 0x5f, 0x30, 0x0,
    0xcb, 0x40, 0x0, 0xf, 0xfa, 0x0, 0x0, 0x0,
    0x7e,

    /* U+8083 "肃" */
    0x0, 0x0, 0x0, 0x5f, 0x0, 0x0, 0x0, 0x0,
    0xaf, 0xff, 0xff, 0xff, 0xff, 0xff, 0x50, 0x3,
    0x55, 0x55, 0x8f, 0x55, 0x55, 0xf5, 0x5, 0x55,
    0x55, 0x58, 0xf5, 0x55, 0x5f, 0x83, 0xff, 0xff,
    0xff, 0xff, 0xff, 0xff, 0xff, 0xa0, 0x0, 0x0,
    0x5, 0xf0, 0x0, 0xf, 0x50, 0x4, 0x77, 0x77,
    0xaf, 0x77, 0x77, 0xf5, 0x0, 0x9e, 0xee, 0xee,
    0xfe, 0xee, 0xee, 0x40, 0x0, 0x0, 0x0, 0x5f,
    0x0, 0x0, 0x51, 0x0, 0xaa, 0x0, 0xaf, 0xff,
    0x50, 0xf, 0x50, 0xa, 0xa0, 0xe5, 0x6f, 0x1a,
    0x90, 0xf5, 0x0, 0xaa, 0x9, 0x25, 0xf0, 0x66,
    0xf, 0x50, 0x5c, 0xa0, 0x0, 0x5f, 0x0, 0x0,
    0xf5, 0xf, 0x50, 0x0, 0x5, 0xf0, 0x0, 0xf,
    0x50,

    /* U+80B2 "育" */
    0x0, 0x0, 0x0, 0x5f, 0x0, 0x0, 0x0, 0xf,
    0xff, 0xff, 0xff, 0xff, 0xff, 0xff, 0xfa, 0x55,
    0x55, 0xf8, 0x55, 0x55, 0x55, 0x55, 0x30, 0x3,
    0xaa, 0x30, 0x0, 0x3, 0xa0, 0x0, 0x0, 0x5f,
    0x0, 0x0, 0x0, 0x5f, 0x0, 0x0, 0xaf, 0xff,
    0xff, 0xff, 0xfa, 0xf, 0x50, 0x3, 0x8f, 0x55,
    0x55, 0x55, 0x8f, 0x51, 0x0, 0x5, 0xf5, 0x55,
    0x55, 0x58, 0xf0, 0x0, 0x0, 0x5f, 0xff, 0xff,
    0xff, 0xff, 0x0, 0x0, 0x5, 0xf0, 0x0, 0x0,
    0x5, 0xf0, 0x0, 0x0, 0x5f, 0x77, 0x77, 0x77,
    0xaf, 0x0, 0x0, 0x5, 0xfe, 0xee, 0xee, 0xee,
    0xf0, 0x0, 0x0, 0x5f, 0x0, 0x0, 0x3, 0x8f,
    0x0, 0x0, 0x5, 0xf0, 0x0, 0x0, 0xaf, 0xf0,
    0x0,

    /* U+80CC "背" */
    0x0, 0x0, 0xf5, 0x0, 0xf5, 0x0, 0x0, 0xf,
    0xff, 0xff, 0x50, 0xf, 0x50, 0xf, 0xfa, 0x55,
    0x55, 0xf5, 0x0, 0xfc, 0xaa, 0x55, 0x30, 0x1,
    0x5f, 0x50, 0xf, 0xca, 0xa0, 0x33, 0x0, 0x5f,
    0xf5, 0x0, 0xf5, 0x0, 0xa, 0xaf, 0xfa, 0xf,
    0x50, 0x5, 0xcf, 0xff, 0xfa, 0x88, 0xbf, 0xfa,
    0x77, 0x7d, 0xff, 0x88, 0x50, 0x5, 0xfe, 0xee,
    0xee, 0xee, 0xf0, 0x0, 0x0, 0x5f, 0x0, 0x0,
    0x0, 0x5f, 0x0, 0x0, 0x5, 0xff, 0xff, 0xff,
    0xff, 0xf0, 0x0, 0x0, 0x5f, 0x55, 0x55, 0x55,
    0x8f, 0x0, 0x0, 0x5, 0xf5, 0x55, 0x55, 0x58,
    0xf0, 0x0, 0x0, 0x5f, 0xff, 0xff, 0xff, 0xff,
    0x0, 0x0, 0x5, 0xf0, 0x0, 0x0, 0x5, 0xf0,
    0x0,

    /* U+80FD "能" */
    0xa, 0xa0, 0x0, 0x0, 0xf5, 0x0, 0xff, 0xaa,
    0x73, 0xa, 0x30, 0xf, 0xca, 0xa5, 0x53, 0xfa,
    0x77, 0x87, 0x40, 0xfb, 0x88, 0x0, 0xe, 0xee,
    0xe0, 0x99, 0xf, 0x50, 0x0, 0x33, 0x0, 0x0,
    0x0, 0x0, 0xf5, 0x0, 0xa, 0xaf, 0xff, 0xff,
    0xfa, 0x5, 0xcf, 0xff, 0xfa, 0xf8, 0x55, 0x5c,
    0xa0, 0x3, 0x55, 0x55, 0x3f, 0x85, 0x55, 0xca,
    0x5, 0x10, 0x5, 0x53, 0xfe, 0xee, 0xef, 0xa0,
    0xf6, 0x11, 0xee, 0x9f, 0x50, 0x0, 0xaa, 0xf,
    0xff, 0xf0, 0x0, 0xfe, 0xee, 0xef, 0xa0, 0xf6,
    0x22, 0x0, 0xf, 0x85, 0x55, 0xca, 0xf, 0x50,
    0x0, 0x67, 0xf5, 0x0, 0x5c, 0xa0, 0xf8, 0x55,
    0x5c, 0xaf, 0x50, 0xf, 0xfa, 0x0, 0xaf, 0xff,
    0xfa,

    /* U+811A "脚" */
    0xff, 0xff, 0x0, 0x8f, 0x0, 0x5f, 0xff, 0x7f,
    0x88, 0xf0, 0x8, 0xf0, 0x5, 0xf5, 0xe7, 0xf5,
    0x5f, 0x88, 0xcf, 0x88, 0xaf, 0xe, 0x7f, 0x88,
    0xfa, 0xad, 0xfa, 0xac, 0xf0, 0xe7, 0xff, 0xff,
    0x0, 0x8f, 0x0, 0x5f, 0xe, 0x7f, 0x55, 0xf0,
    0x8, 0xf0, 0x5, 0xf0, 0xe7, 0xf5, 0x5f, 0xaa,
    0xdf, 0xaa, 0xcf, 0xe, 0x7f, 0x88, 0xfa, 0xad,
    0xfa, 0xac, 0xf0, 0xe7, 0xff, 0xff, 0x0, 0x8f,
    0x0, 0x5f, 0xe, 0x7f, 0x55, 0xf0, 0x97, 0x50,
    0x5, 0xf0, 0xe7, 0xf5, 0x5f, 0xe, 0x70, 0xa3,
    0x5f, 0xaf, 0x7f, 0x55, 0xfa, 0x82, 0xf, 0x55,
    0xf5, 0x52, 0xf5, 0x5f, 0xf8, 0x55, 0xf8, 0x8f,
    0x0, 0xf, 0x55, 0xff, 0xff, 0xf0, 0xaf, 0xf0,
    0x0,

    /* U+81EA "自" */
    0x0, 0x0, 0x9, 0xc0, 0x0, 0x0, 0x0, 0x0,
    0xb, 0x84, 0x0, 0x0, 0x0, 0x67, 0x77, 0xfa,
    0x77, 0x77, 0x77, 0xe, 0xfe, 0xee, 0xee, 0xee,
    0xee, 0xf1, 0xe7, 0x0, 0x0, 0x0, 0x0, 0x3f,
    0x1e, 0xff, 0xff, 0xff, 0xff, 0xff, 0xf1, 0xea,
    0x55, 0x55, 0x55, 0x55, 0x7f, 0x1e, 0x70, 0x0,
    0x0, 0x0, 0x3, 0xf1, 0xe7, 0x0, 0x0, 0x0,
    0x0, 0x3f, 0x1e, 0xff, 0xff, 0xff, 0xff, 0xff,
    0xf1, 0xea, 0x55, 0x55, 0x55, 0x55, 0x7f, 0x1e,
    0x70, 0x0, 0x0, 0x0, 0x3, 0xf1, 0xea, 0x55,
    0x55, 0x55, 0x55, 0x7f, 0x1e, 0xff, 0xff, 0xff,
    0xff, 0xff, 0xf1,

    /* U+822A "航" */
    0x0, 0x1f, 0x10, 0x0, 0xf5, 0x0, 0x0, 0x0,
    0xaf, 0xff, 0x50, 0x0, 0xaa, 0x0, 0x0, 0xa,
    0xfa, 0xf8, 0x55, 0x5c, 0xc5, 0x55, 0x20, 0xae,
    0x2e, 0xee, 0xee, 0xee, 0xee, 0xe6, 0xa, 0xff,
    0xf5, 0x0, 0x0, 0x0, 0x0, 0x0, 0xae, 0x1e,
    0x51, 0xee, 0xee, 0xe0, 0x0, 0xae, 0xfa, 0xf5,
    0x1f, 0x55, 0x8f, 0x0, 0x8, 0xdf, 0x8f, 0x51,
    0xf0, 0x5, 0xf0, 0x0, 0xa, 0xe3, 0xe5, 0x1f,
    0x0, 0x5f, 0x0, 0x0, 0xaf, 0xff, 0x51, 0xf0,
    0x5, 0xf0, 0x0, 0xa, 0xe0, 0xe5, 0x1f, 0x0,
    0x5f, 0xe, 0x70, 0xae, 0xe, 0x51, 0xf0, 0x5,
    0xf0, 0xe7, 0x5c, 0xe5, 0xe8, 0x6f, 0x0, 0x5f,
    0x5e, 0x7f, 0x51, 0xff, 0xfe, 0x0, 0x5, 0xff,
    0xf7,

    /* U+8272 "色" */
    0x0, 0x8, 0xd0, 0x0, 0x0, 0x0, 0x0, 0x0,
    0x0, 0x8, 0xfd, 0xdd, 0xdd, 0xd5, 0x0, 0x0,
    0x0, 0x97, 0x55, 0x55, 0x55, 0xf6, 0x0, 0x0,
    0x16, 0xea, 0x66, 0x66, 0x66, 0xfa, 0x66, 0x0,
    0x3e, 0xff, 0xee, 0xee, 0xfe, 0xee, 0xef, 0x10,
    0x0, 0xe7, 0x0, 0x6, 0xe0, 0x0, 0x3f, 0x10,
    0x0, 0xe7, 0x0, 0x6, 0xe0, 0x0, 0x3f, 0x10,
    0x0, 0xec, 0x99, 0x9b, 0xf9, 0x99, 0xaf, 0x10,
    0x0, 0xed, 0xbb, 0xbb, 0xbb, 0xbb, 0xbb, 0x10,
    0x0, 0xe7, 0x0, 0x0, 0x0, 0x0, 0x0, 0x0,
    0x0, 0xe7, 0x0, 0x0, 0x0, 0x0, 0x0, 0xe7,
    0x0, 0xe7, 0x0, 0x0, 0x0, 0x0, 0x0, 0xe7,
    0x0, 0xea, 0x55, 0x55, 0x55, 0x55, 0x55, 0xe7,
    0x0, 0x8, 0xff, 0xff, 0xff, 0xff, 0xff, 0xf7,

    /* U+827A "艺" */
    0x0, 0x0, 0xf5, 0x0, 0xa, 0xa0, 0x0, 0xf,
    0xff, 0xff, 0xff, 0xff, 0xff, 0xff, 0xfa, 0x55,
    0x55, 0xf8, 0x55, 0x5c, 0xc5, 0x55, 0x30, 0x0,
    0xa, 0x30, 0x0, 0x77, 0x0, 0x0, 0x0, 0x0,
    0x0, 0x0, 0x0, 0x0, 0x0, 0x0, 0xaf, 0xff,
    0xff, 0xff, 0xff, 0xf0, 0x0, 0x3, 0x55, 0x55,
    0x55, 0x5c, 0xc5, 0x0, 0x0, 0x0, 0x0, 0x1,
    0x55, 0x87, 0x0, 0x0, 0x0, 0x0, 0x0, 0x5f,
    0xf5, 0x0, 0x0, 0x0, 0x0, 0xf, 0xfa, 0x0,
    0x0, 0x0, 0x0, 0x0, 0x3a, 0x55, 0x30, 0x0,
    0x0, 0x0, 0x0, 0x37, 0xa0, 0x0, 0x0, 0x0,
    0x0, 0x33, 0xa, 0xc5, 0x55, 0x55, 0x55, 0x55,
    0x5c, 0xa0, 0x5, 0xff, 0xff, 0xff, 0xff, 0xff,
    0xfa,

    /* U+8282 "节" */
    0x0, 0x0, 0xf5, 0x0, 0xa, 0xa0, 0x0, 0xf,
    0xff, 0xff, 0xff, 0xff, 0xff, 0xff, 0xfa, 0x55,
    0x55, 0xf8, 0x55, 0x5c, 0xc5, 0x55, 0x30, 0x0,
    0xa, 0x30, 0x0, 0x77, 0x0, 0x0, 0x0, 0x0,
    0x0, 0x0, 0x0, 0x0, 0x0, 0x0, 0xaf, 0xff,
    0xff, 0xff, 0xff, 0xff, 0x50, 0x3, 0x55, 0x5c,
    0xc5, 0x55, 0x55, 0xf5, 0x0, 0x0, 0x0, 0xaa,
    0x0, 0x0, 0xf, 0x50, 0x0, 0x0, 0xa, 0xa0,
    0x0, 0x0, 0xf5, 0x0, 0x0, 0x0, 0xaa, 0x0,
    0x0, 0xf, 0x50, 0x0, 0x0, 0xa, 0xa0, 0x4,
    0x77, 0x51, 0x0, 0x0, 0x0, 0xaa, 0x0, 0x9e,
    0xe0, 0x0, 0x0, 0x0, 0xa, 0xa0, 0x0, 0x0,
    0x0, 0x0, 0x0, 0x0, 0xaa, 0x0, 0x0, 0x0,
    0x0,

    /* U+82AF "芯" */
    0x0, 0x0, 0xf5, 0x0, 0xa, 0xa0, 0x0, 0xf,
    0xff, 0xff, 0xff, 0xff, 0xff, 0xff, 0xfa, 0x55,
    0x55, 0xf8, 0x55, 0x5c, 0xc5, 0x55, 0x30, 0x0,
    0xa, 0x30, 0x0, 0x77, 0x0, 0x0, 0x0, 0x0,
    0x0, 0x0, 0x0, 0x0, 0x0, 0x0, 0x0, 0x0,
    0x5, 0xf0, 0x0, 0x0, 0x0, 0x0, 0x0, 0xa3,
    0x15, 0xa3, 0x0, 0x0, 0x0, 0x44, 0xf, 0x50,
    0xf, 0x50, 0x7, 0x20, 0xa, 0xa0, 0xf5, 0x0,
    0xc4, 0x0, 0xc6, 0x20, 0xaa, 0xf, 0x50, 0x0,
    0x0, 0x0, 0xaa, 0xa, 0xa0, 0xf5, 0x0, 0x0,
    0x5f, 0xa, 0xa8, 0x85, 0xf, 0x50, 0x0, 0x5,
    0xf0, 0xaa, 0xf5, 0x0, 0xf8, 0x55, 0x55, 0x8f,
    0xa, 0xa0, 0x0, 0x0, 0xaf, 0xff, 0xff, 0xf0,
    0x0,

    /* U+82CF "苏" */
    0x0, 0x0, 0xf5, 0x0, 0xa, 0xa0, 0x0, 0xf,
    0xff, 0xff, 0xff, 0xff, 0xff, 0xff, 0xfa, 0x55,
    0x55, 0xf8, 0x55, 0x5c, 0xc5, 0x55, 0x30, 0x0,
    0xa, 0x73, 0x0, 0x77, 0x0, 0x0, 0x0, 0x0,
    0xa, 0xa0, 0x0, 0x0, 0x0, 0x0, 0xaf, 0xff,
    0xff, 0xff, 0xff, 0xf0, 0x0, 0x3, 0x55, 0x5c,
    0xc5, 0x55, 0x8f, 0x0, 0x0, 0x33, 0x0, 0xaa,
    0x0, 0x5, 0xf5, 0x10, 0xa, 0xa0, 0xa, 0xa0,
    0x0, 0x5f, 0xf5, 0xf, 0x50, 0xf, 0x50, 0x0,
    0x5, 0xf0, 0xaa, 0x51, 0x0, 0xf5, 0x0, 0x0,
    0x5f, 0x3, 0x30, 0x1, 0x5a, 0x30, 0x0, 0x5,
    0xf0, 0x0, 0x55, 0x8f, 0x0, 0x0, 0x55, 0x8f,
    0x0, 0xf, 0xfa, 0x0, 0x0, 0xf, 0xfa, 0x0,
    0x0,

    /* U+82E5 "若" */
    0x0, 0x0, 0xf5, 0x0, 0xa, 0xa0, 0x0, 0xf,
    0xff, 0xff, 0xff, 0xff, 0xff, 0xff, 0xfa, 0x55,
    0x55, 0xf8, 0x55, 0x5c, 0xc5, 0x55, 0x30, 0x0,
    0xa, 0x73, 0x0, 0x77, 0x0, 0x0, 0x0, 0x0,
    0xa, 0xa0, 0x0, 0x0, 0x0, 0xf, 0xff, 0xff,
    0xff, 0xff, 0xff, 0xff, 0xfa, 0x55, 0x55, 0xf8,
    0x55, 0x55, 0x55, 0x55, 0x30, 0x3, 0xaa, 0x30,
    0x0, 0x0, 0x0, 0x0, 0x0, 0x6f, 0x11, 0x11,
    0x11, 0x11, 0x10, 0x0, 0xaf, 0xff, 0xff, 0xff,
    0xff, 0xff, 0x50, 0x78, 0xbf, 0x88, 0x88, 0x88,
    0x88, 0xf5, 0xe, 0x45, 0xf0, 0x0, 0x0, 0x0,
    0xf, 0x50, 0x0, 0x5f, 0x55, 0x55, 0x55, 0x55,
    0xf5, 0x0, 0x5, 0xff, 0xff, 0xff, 0xff, 0xff,
    0x50,

    /* U+8499 "蒙" */
    0x0, 0x0, 0xf5, 0x0, 0xa, 0xa0, 0x0, 0xf,
    0xff, 0xff, 0xff, 0xff, 0xff, 0xff, 0xfa, 0x55,
    0x55, 0xf8, 0x55, 0x5c, 0xc5, 0x55, 0x35, 0x55,
    0x5f, 0x85, 0x55, 0xcc, 0x55, 0x53, 0xff, 0xff,
    0xff, 0xff, 0xff, 0xff, 0xff, 0xaf, 0x50, 0x0,
    0x0, 0x0, 0x0, 0x0, 0xaa, 0x56, 0x77, 0x77,
    0x77, 0x77, 0x77, 0x75, 0x30, 0x9e, 0xee, 0xff,
    0xfe, 0xee, 0xee, 0x61, 0x0, 0x0, 0xa, 0xff,
    0x0, 0x0, 0xa, 0xa0, 0x5, 0xff, 0x55, 0xff,
    0x55, 0xff, 0x50, 0x77, 0x78, 0x87, 0x78, 0xfa,
    0x78, 0x83, 0xc, 0xc9, 0x33, 0x98, 0xf, 0xd9,
    0x30, 0x0, 0x55, 0x8f, 0xf8, 0x55, 0xf5, 0x5f,
    0x55, 0x3f, 0xfa, 0x0, 0xaf, 0xf0, 0x0, 0xf,
    0xfa,

    /* U+84DD "蓝" */
    0x0, 0x0, 0xf5, 0x0, 0xa, 0xa0, 0x0, 0xf,
    0xff, 0xff, 0xff, 0xff, 0xff, 0xff, 0xfa, 0x55,
    0x55, 0xf8, 0x55, 0x5c, 0xc5, 0x55, 0x30, 0x0,
    0xa, 0x30, 0x5, 0x87, 0x0, 0x0, 0x10, 0x0,
    0x10, 0x0, 0xf6, 0x11, 0x11, 0x1f, 0x50, 0xf,
    0x50, 0xf, 0xff, 0xff, 0xfa, 0xf5, 0x0, 0xf5,
    0x4e, 0x22, 0x6f, 0x22, 0x1f, 0x50, 0xf, 0x51,
    0x50, 0x1, 0x5a, 0x30, 0xf5, 0x0, 0xf5, 0x0,
    0x0, 0x0, 0xf5, 0x0, 0xaf, 0xff, 0xff, 0xff,
    0xff, 0xff, 0x50, 0xa, 0xc5, 0x5c, 0xc5, 0xf8,
    0x55, 0xf5, 0x0, 0xaa, 0x0, 0xaa, 0xf, 0x50,
    0xf, 0x50, 0x5c, 0xc5, 0x5c, 0xc5, 0xf8, 0x55,
    0xf8, 0x3f, 0xff, 0xff, 0xff, 0xff, 0xff, 0xff,
    0xfa,

    /* U+85CF "藏" */
    0x0, 0x0, 0xf5, 0x0, 0xa, 0xa0, 0x0, 0xf,
    0xff, 0xff, 0xff, 0xff, 0xff, 0xff, 0xfa, 0x55,
    0x55, 0xf8, 0x55, 0x5c, 0xc5, 0x55, 0x30, 0x0,
    0xa, 0x30, 0x0, 0x78, 0x50, 0x33, 0x0, 0x0,
    0x0, 0x0, 0x0, 0x5f, 0xa, 0xaf, 0x55, 0xff,
    0xff, 0xff, 0xff, 0xff, 0xfa, 0xf5, 0x5f, 0x5c,
    0xc5, 0xf8, 0x8f, 0x55, 0x3f, 0x88, 0xf0, 0xac,
    0x5f, 0x98, 0xf0, 0x33, 0xff, 0xff, 0xa, 0xff,
    0xff, 0xff, 0xa, 0xa0, 0x5, 0xf0, 0xaa, 0x0,
    0xaf, 0xf0, 0xaa, 0xaa, 0xcf, 0xa, 0xea, 0xae,
    0xc5, 0xa7, 0x3f, 0xcc, 0xf0, 0xae, 0xaf, 0xc7,
    0xf, 0x50, 0xf5, 0x5f, 0xa, 0xc5, 0xf8, 0x55,
    0xf8, 0x3f, 0x55, 0xf0, 0xaf, 0xff, 0xff, 0xf0,
    0xaa,

    /* U+884C "行" */
    0x0, 0x5f, 0x0, 0x7f, 0xff, 0xff, 0xf2, 0x0,
    0xac, 0x50, 0x2, 0x55, 0x55, 0x55, 0x0, 0xa7,
    0x30, 0x0, 0x0, 0x0, 0x0, 0x0, 0xa, 0x31,
    0x50, 0x45, 0x55, 0x55, 0x55, 0x52, 0x3, 0x8f,
    0xe, 0xff, 0xff, 0xff, 0xff, 0x70, 0xaa, 0x0,
    0x0, 0x0, 0x6, 0xe0, 0x0, 0x7d, 0xa0, 0x0,
    0x0, 0x0, 0x6e, 0x0, 0xe, 0xfa, 0x0, 0x0,
    0x0, 0x6, 0xe0, 0x0, 0xa, 0xa0, 0x0, 0x0,
    0x0, 0x6e, 0x0, 0x0, 0xaa, 0x0, 0x0, 0x0,
    0x6, 0xe0, 0x0, 0xa, 0xa0, 0x0, 0x0, 0x0,
    0x6e, 0x0, 0x0, 0xaa, 0x0, 0x0, 0x0, 0x6,
    0xe0, 0x0, 0xa, 0xa0, 0x0, 0x0, 0x55, 0x9e,
    0x0, 0x0, 0xaa, 0x0, 0x0, 0xf, 0xff, 0xe0,
    0x0,

    /* U+8865 "补" */
    0xa, 0xa0, 0x0, 0x0, 0xe, 0x70, 0x0, 0x0,
    0x37, 0xa0, 0x0, 0x0, 0xe7, 0x0, 0x0, 0xaa,
    0xcf, 0xa3, 0x0, 0xe, 0x70, 0x0, 0xa, 0xaa,
    0xaf, 0x50, 0x0, 0xe7, 0x0, 0x0, 0x0, 0x15,
    0xf5, 0x0, 0xe, 0xa4, 0x0, 0x0, 0x5, 0xf0,
    0x0, 0x0, 0xef, 0xc0, 0x0, 0x0, 0x5f, 0x6,
    0x30, 0xe, 0xc6, 0x72, 0x0, 0x16, 0xf1, 0xd6,
    0x0, 0xe7, 0xe, 0x51, 0xa, 0xff, 0xf5, 0x0,
    0xe, 0x70, 0xa, 0xaf, 0x55, 0xf0, 0xe7, 0x0,
    0xe7, 0x0, 0x0, 0x51, 0x5f, 0x4, 0x20, 0xe,
    0x70, 0x0, 0x0, 0x5, 0xf0, 0x0, 0x0, 0xe7,
    0x0, 0x0, 0x0, 0x5f, 0x0, 0x0, 0xe, 0x70,
    0x0, 0x0, 0x5, 0xf0, 0x0, 0x0, 0xe7, 0x0,
    0x0,

    /* U+8868 "表" */
    0x0, 0x0, 0x0, 0x5f, 0x0, 0x0, 0x0, 0x0,
    0xaf, 0xff, 0xff, 0xff, 0xff, 0xff, 0x50, 0x3,
    0x55, 0x55, 0x8f, 0x55, 0x55, 0x51, 0x0, 0x35,
    0x55, 0x58, 0xf5, 0x55, 0x55, 0x10, 0xa, 0xff,
    0xff, 0xff, 0xff, 0xff, 0xf5, 0x0, 0x0, 0x0,
    0x5, 0xf0, 0x0, 0x0, 0x0, 0x77, 0x77, 0x77,
    0xaf, 0x77, 0x77, 0x77, 0x4e, 0xee, 0xee, 0xff,
    0xff, 0xee, 0xee, 0xe9, 0x0, 0x0, 0xa, 0xa0,
    0xf5, 0x0, 0x0, 0x0, 0x0, 0xf, 0x72, 0xf,
    0x50, 0x0, 0xaa, 0xaa, 0xaa, 0x51, 0x0, 0x58,
    0x70, 0xa7, 0x3a, 0xac, 0xf0, 0x35, 0x50, 0x78,
    0x5a, 0x30, 0x0, 0x5f, 0x5c, 0xff, 0x0, 0x5f,
    0x55, 0x30, 0x5, 0xff, 0x50, 0x0, 0x0, 0xf,
    0xfa,

    /* U+88AB "被" */
    0x3f, 0x10, 0x0, 0x0, 0x0, 0xe6, 0x0, 0x0,
    0x15, 0xa4, 0x0, 0x8a, 0xaa, 0xfc, 0xaa, 0xa4,
    0x2a, 0xfd, 0x80, 0xcb, 0x55, 0xf9, 0x55, 0xe7,
    0x2a, 0xad, 0xc0, 0xc9, 0x0, 0xe6, 0x0, 0x94,
    0x0, 0x4b, 0xc0, 0xcb, 0x55, 0xf9, 0x55, 0x52,
    0x0, 0xe7, 0x0, 0xcf, 0xff, 0xff, 0xff, 0xf7,
    0x0, 0xe7, 0x7, 0xdf, 0xf8, 0x88, 0x88, 0xf7,
    0x1, 0xe8, 0x2e, 0xff, 0xd1, 0x0, 0x0, 0xe7,
    0x3f, 0xff, 0xc0, 0xc9, 0x1f, 0x10, 0x0, 0xe7,
    0x0, 0xe7, 0x1f, 0xf9, 0x0, 0xe6, 0x3f, 0x10,
    0x0, 0xe7, 0x5, 0xd9, 0x0, 0x48, 0x95, 0x0,
    0x0, 0xe7, 0x0, 0xc9, 0x0, 0x48, 0x95, 0x0,
    0x0, 0xe7, 0x5, 0xdb, 0x55, 0xf6, 0x3f, 0x62,
    0x0, 0xe7, 0x1f, 0x46, 0xff, 0x10, 0x0, 0xe7,

    /* U+88C5 "装" */
    0xf5, 0x0, 0xf5, 0x0, 0xa, 0xa0, 0x0, 0x5,
    0xca, 0xf, 0xff, 0xff, 0xff, 0xff, 0xfa, 0x3,
    0x30, 0xf8, 0x55, 0x5c, 0xc5, 0x55, 0x30, 0x1,
    0x5f, 0x50, 0x0, 0xaa, 0x0, 0x0, 0x0, 0x5f,
    0xf5, 0x0, 0xa, 0xa0, 0x0, 0xf, 0xfa, 0xf,
    0x55, 0xff, 0xff, 0xff, 0x50, 0x55, 0x30, 0xa3,
    0x5f, 0x55, 0x55, 0x51, 0x5, 0x55, 0x55, 0x58,
    0xf5, 0x55, 0x55, 0x53, 0xff, 0xff, 0xff, 0xff,
    0xff, 0xff, 0xff, 0xa0, 0x0, 0xf, 0x50, 0xf,
    0x50, 0x0, 0x0, 0xaa, 0xaa, 0x51, 0x0, 0x58,
    0x70, 0xa3, 0xa, 0xac, 0xf0, 0x35, 0x50, 0x78,
    0x5a, 0x30, 0x0, 0x5f, 0x5c, 0xff, 0x0, 0x5f,
    0x55, 0x30, 0x5, 0xff, 0x50, 0x0, 0x0, 0xf,
    0xfa,

    /* U+897F "西" */
    0xff, 0xff, 0xff, 0xff, 0xff, 0xff, 0xff, 0x75,
    0x55, 0x5f, 0x85, 0x55, 0xea, 0x55, 0x52, 0x0,
    0x0, 0xf4, 0x0, 0xe, 0x70, 0x0, 0x5, 0x55,
    0x5f, 0x85, 0x55, 0xea, 0x55, 0x52, 0xff, 0xff,
    0xff, 0xff, 0xff, 0xff, 0xff, 0x7f, 0x50, 0xf,
    0x40, 0x0, 0xe7, 0x0, 0xe7, 0xf5, 0x0, 0xf4,
    0x0, 0xe, 0x70, 0xe, 0x7f, 0x50, 0xf, 0x40,
    0x0, 0xe7, 0x0, 0xe7, 0xf5, 0x0, 0xf4, 0x0,
    0xe, 0x70, 0xe, 0x7f, 0x53, 0xa5, 0x10, 0x0,
    0xed, 0xaa, 0xf7, 0xfa, 0x78, 0x0, 0x0, 0x7,
    0x88, 0x8f, 0x7f, 0xe9, 0x0, 0x0, 0x0, 0x0,
    0x0, 0xe7, 0xf8, 0x55, 0x55, 0x55, 0x55, 0x55,
    0x5e, 0x7f, 0xff, 0xff, 0xff, 0xff, 0xff, 0xff,
    0xf7,

    /* U+8981 "要" */
    0xff, 0xff, 0xff, 0xff, 0xff, 0xff, 0xff, 0xa5,
    0x55, 0x55, 0xcc, 0x5f, 0x85, 0x55, 0x53, 0x4,
    0x77, 0x7c, 0xd7, 0xfa, 0x77, 0x72, 0x0, 0xaf,
    0xee, 0xff, 0xef, 0xee, 0xef, 0x50, 0xa, 0xa0,
    0xa, 0xa0, 0xf5, 0x0, 0xf5, 0x0, 0xaf, 0xff,
    0xff, 0xff, 0xff, 0xff, 0x50, 0x3, 0x55, 0x5c,
    0xc5, 0x55, 0x55, 0x51, 0x5, 0x55, 0x55, 0xcc,
    0x55, 0x55, 0x55, 0x53, 0xff, 0xff, 0xff, 0xff,
    0xff, 0xff, 0xff, 0xa0, 0x0, 0xf, 0x50, 0x0,
    0x5, 0xf0, 0x0, 0x0, 0x3a, 0xf5, 0x0, 0x7,
    0x85, 0x0, 0x0, 0x3, 0xaa, 0x75, 0x55, 0x87,
    0x0, 0x0, 0x55, 0x55, 0x5c, 0xff, 0xf8, 0x55,
    0x55, 0x3f, 0xff, 0xff, 0x50, 0x0, 0xaf, 0xff,
    0xfa,

    /* U+89C1 "见" */
    0x0, 0xef, 0xff, 0xff, 0xff, 0xff, 0xff, 0x10,
    0x0, 0xea, 0x55, 0x55, 0x55, 0x55, 0x7f, 0x10,
    0x0, 0xe7, 0x0, 0x0, 0x0, 0x0, 0x3f, 0x10,
    0x0, 0xe7, 0x0, 0x2, 0x40, 0x0, 0x3f, 0x10,
    0x0, 0xe7, 0x0, 0x6, 0xe0, 0x0, 0x3f, 0x10,
    0x0, 0xe7, 0x0, 0x6, 0xe0, 0x0, 0x3f, 0x10,
    0x0, 0xe7, 0x0, 0x6, 0xe0, 0x0, 0x3f, 0x10,
    0x0, 0xe7, 0x0, 0x6, 0xe0, 0x0, 0x3f, 0x10,
    0x0, 0xe7, 0x0, 0x6, 0xe0, 0x0, 0x3f, 0x10,
    0x0, 0x0, 0x0, 0xe9, 0x1f, 0x30, 0x0, 0x0,
    0x0, 0x0, 0x0, 0xe9, 0x1f, 0x30, 0x0, 0xe7,
    0x0, 0x0, 0x15, 0xa6, 0x1f, 0x30, 0x0, 0xe7,
    0x15, 0x55, 0x7f, 0x10, 0x1f, 0x75, 0x55, 0xe7,
    0x3f, 0xff, 0xc0, 0x0, 0x1f, 0xff, 0xff, 0xf7,

    /* U+89C2 "观" */
    0x0, 0x0, 0x0, 0x8f, 0xff, 0xff, 0xf1, 0xf,
    0xff, 0xff, 0x18, 0xf5, 0x55, 0x5f, 0x10, 0x55,
    0x55, 0xf1, 0x8f, 0x7, 0x70, 0xf1, 0x5, 0x10,
    0xf, 0x18, 0xf0, 0xaa, 0xf, 0x10, 0xf5, 0x0,
    0xf1, 0x8f, 0xa, 0xa0, 0xf1, 0x0, 0xaa, 0xf,
    0x18, 0xf0, 0xaa, 0xf, 0x10, 0xa, 0xa0, 0xf1,
    0x8f, 0xa, 0xa0, 0xf1, 0x0, 0x78, 0x5a, 0x18,
    0xf0, 0xaa, 0xf, 0x10, 0x0, 0x5f, 0x0, 0x8f,
    0xa, 0xa0, 0xf1, 0x0, 0x5, 0xf0, 0x2, 0x50,
    0xaa, 0x5, 0x0, 0x7, 0x85, 0xa1, 0x0, 0xa7,
    0x7a, 0x9, 0x40, 0xaa, 0xf, 0x13, 0x5a, 0x35,
    0xf0, 0xe7, 0x5c, 0xa0, 0xf6, 0xbf, 0x0, 0x5f,
    0x5e, 0x7f, 0x50, 0x0, 0xe7, 0x0, 0x5, 0xff,
    0xf7,

    /* U+89C6 "视" */
    0x3f, 0x10, 0x0, 0xef, 0xff, 0xff, 0xff, 0x10,
    0x15, 0xe7, 0x0, 0xeb, 0x55, 0x55, 0x7f, 0x10,
    0x3e, 0xff, 0xb0, 0xe9, 0x0, 0xd6, 0x3f, 0x10,
    0x16, 0x6b, 0xc0, 0xe9, 0x0, 0xe6, 0x3f, 0x10,
    0x0, 0x48, 0x80, 0xe9, 0x0, 0xe6, 0x3f, 0x10,
    0x0, 0xe7, 0x0, 0xe9, 0x0, 0xe6, 0x3f, 0x10,
    0x0, 0xe7, 0x0, 0xe9, 0x0, 0xe6, 0x3f, 0x10,
    0x29, 0xfc, 0x70, 0xe9, 0x0, 0xe6, 0x3f, 0x10,
    0x2c, 0xfd, 0xa4, 0xb7, 0x0, 0xe6, 0x2c, 0x10,
    0x0, 0xe7, 0x3f, 0x10, 0x0, 0xe6, 0x0, 0x0,
    0x0, 0xe7, 0x1, 0x0, 0x1e, 0x28, 0xb0, 0xc6,
    0x0, 0xe7, 0x0, 0x2, 0x5a, 0x9, 0xc0, 0xe7,
    0x0, 0xe7, 0x15, 0x59, 0xe0, 0x9, 0xd5, 0xe7,
    0x0, 0xe7, 0x3f, 0xf9, 0x0, 0x9, 0xff, 0xf7,

    /* U+89C8 "览" */
    0x0, 0x0, 0xf5, 0x0, 0xf5, 0x0, 0x0, 0xa,
    0x30, 0xf, 0x50, 0xf, 0xca, 0xaa, 0xa4, 0xf5,
    0x0, 0xf5, 0x0, 0xfc, 0xcf, 0xaa, 0x4f, 0x50,
    0xf, 0x52, 0x8f, 0x55, 0xf8, 0x0, 0xc6, 0x33,
    0xf7, 0x7f, 0x33, 0x33, 0xf1, 0x0, 0xaf, 0xff,
    0xff, 0xff, 0xff, 0xff, 0x10, 0xa, 0xb1, 0x11,
    0x11, 0x11, 0x11, 0xf1, 0x0, 0xaa, 0x0, 0x2,
    0x80, 0x0, 0xf, 0x10, 0xa, 0xa0, 0x0, 0x5f,
    0x0, 0x0, 0xf1, 0x0, 0xaa, 0x0, 0x5, 0xf0,
    0x0, 0xf, 0x10, 0x1, 0x10, 0x9, 0xa1, 0xe4,
    0x0, 0x10, 0x0, 0x0, 0x5, 0x87, 0xf, 0x50,
    0x0, 0x42, 0x55, 0x55, 0xf5, 0x0, 0xf8, 0x55,
    0x5e, 0x7f, 0xff, 0xf0, 0x0, 0xf, 0xff, 0xff,
    0xf7,

    /* U+89E3 "解" */
    0x0, 0x5f, 0x0, 0x0, 0xff, 0xff, 0xff, 0xa0,
    0x5, 0xfa, 0xa7, 0x5, 0xcc, 0x55, 0xca, 0x7,
    0x85, 0x5c, 0xa0, 0xa, 0xa0, 0xa, 0xa0, 0xaa,
    0x0, 0xaa, 0x0, 0xaa, 0x0, 0xaa, 0xff, 0xff,
    0xff, 0xff, 0xf5, 0x0, 0xff, 0xa0, 0xaa, 0xf,
    0x55, 0xf0, 0x0, 0x0, 0x0, 0xa, 0xff, 0xff,
    0xff, 0xa, 0xa0, 0xf5, 0x0, 0xac, 0x6f, 0x99,
    0xf0, 0xad, 0x9f, 0xb6, 0xa, 0xb3, 0xf7, 0x7f,
    0x39, 0xcc, 0xfd, 0x80, 0xaf, 0xff, 0xff, 0xff,
    0x50, 0xf, 0x50, 0xa, 0xb3, 0xf7, 0x7f, 0x39,
    0xcc, 0xfd, 0x80, 0xaa, 0xf, 0x55, 0xf0, 0x69,
    0x9f, 0xb6, 0x5c, 0xa0, 0xf5, 0x5f, 0x0, 0x0,
    0xf5, 0xf, 0x50, 0xf, 0x55, 0xf0, 0x0, 0xf,
    0x50,

    /* U+8BA1 "计" */
    0x0, 0xe7, 0x0, 0x0, 0x0, 0xe6, 0x0, 0x0,
    0x0, 0x4b, 0xc0, 0x0, 0x0, 0xe6, 0x0, 0x0,
    0x0, 0x2, 0x40, 0x0, 0x0, 0xe6, 0x0, 0x0,
    0x0, 0x0, 0x0, 0x0, 0x0, 0xe6, 0x0, 0x0,
    0x0, 0x0, 0x0, 0x0, 0x0, 0xe6, 0x0, 0x0,
    0x3f, 0xf7, 0x0, 0xef, 0xff, 0xff, 0xff, 0xf6,
    0x15, 0xe7, 0x0, 0x45, 0x55, 0xf9, 0x55, 0x52,
    0x0, 0xe7, 0x0, 0x0, 0x0, 0xe6, 0x0, 0x0,
    0x0, 0xe7, 0x0, 0x0, 0x0, 0xe6, 0x0, 0x0,
    0x0, 0xe7, 0x0, 0x0, 0x0, 0xe6, 0x0, 0x0,
    0x0, 0xe7, 0x2a, 0x10, 0x0, 0xe6, 0x0, 0x0,
    0x0, 0xea, 0x6a, 0x10, 0x0, 0xe6, 0x0, 0x0,
    0x0, 0xef, 0xc0, 0x0, 0x0, 0xe6, 0x0, 0x0,
    0x0, 0xe7, 0x0, 0x0, 0x0, 0xe6, 0x0, 0x0,

    /* U+8BA4 "认" */
    0xe, 0x70, 0x0, 0x0, 0xe, 0x90, 0x0, 0x0,
    0x4b, 0xe0, 0x0, 0x0, 0xe9, 0x0, 0x0, 0x0,
    0x24, 0x0, 0x0, 0xe, 0x90, 0x0, 0x0, 0x0,
    0x0, 0x0, 0x0, 0xe9, 0x0, 0x0, 0x0, 0x0,
    0x0, 0x0, 0xe, 0x90, 0x0, 0xf, 0xff, 0xe0,
    0x0, 0x0, 0xe9, 0x0, 0x0, 0x55, 0xbe, 0x0,
    0x0, 0xe, 0x90, 0x0, 0x0, 0x8, 0xe0, 0x0,
    0x0, 0xe9, 0x0, 0x0, 0x0, 0x8e, 0x0, 0x3,
    0xf1, 0x6e, 0x0, 0x0, 0x8, 0xe0, 0x0, 0x3f,
    0x16, 0xe0, 0x0, 0x0, 0x8e, 0x0, 0x69, 0x50,
    0x25, 0xa0, 0x0, 0x8, 0xe5, 0x19, 0xc0, 0x0,
    0x1f, 0x10, 0x0, 0x8f, 0xfa, 0xbc, 0x0, 0x1,
    0xf6, 0x20, 0x8, 0xe0, 0xe6, 0x0, 0x0, 0x0,
    0xe6,

    /* U+8BA9 "让" */
    0xe, 0x70, 0x0, 0x0, 0xe, 0x60, 0x0, 0x0,
    0x4b, 0xe0, 0x0, 0x0, 0xe6, 0x0, 0x0, 0x0,
    0x24, 0x0, 0x0, 0xe, 0x60, 0x0, 0x0, 0x0,
    0x0, 0x0, 0x0, 0xe6, 0x0, 0x0, 0x0, 0x0,
    0x0, 0x0, 0xe, 0x60, 0x0, 0xf, 0xff, 0xe0,
    0x0, 0x0, 0xef, 0xff, 0xf6, 0x55, 0xbe, 0x0,
    0x0, 0xe, 0x95, 0x55, 0x20, 0x8, 0xe0, 0x0,
    0x0, 0xe6, 0x0, 0x0, 0x0, 0x8e, 0x0, 0x0,
    0xe, 0x60, 0x0, 0x0, 0x8, 0xe0, 0x0, 0x0,
    0xe6, 0x0, 0x0, 0x0, 0x8e, 0x9, 0x40, 0xe,
    0x60, 0x0, 0x0, 0x8, 0xe5, 0xb4, 0x0, 0xe6,
    0x0, 0x0, 0x0, 0x8f, 0xfa, 0x55, 0x5f, 0x95,
    0x55, 0x20, 0x8, 0xe0, 0xef, 0xff, 0xff, 0xff,
    0xf6,

    /* U+8BAF "讯" */
    0xf5, 0x0, 0xff, 0xff, 0xff, 0xff, 0x0, 0x5,
    0xca, 0x5, 0x55, 0x55, 0x58, 0xf0, 0x0, 0x3,
    0x30, 0x0, 0x5f, 0x0, 0x5f, 0x0, 0x0, 0x0,
    0x0, 0x5, 0xf0, 0x5, 0xf0, 0x0, 0x0, 0x0,
    0x0, 0x5f, 0x0, 0x5f, 0x0, 0xf, 0xfa, 0x0,
    0x5, 0xf0, 0x5, 0xf0, 0x0, 0x8d, 0xa0, 0x77,
    0xaf, 0x77, 0xaf, 0x0, 0x0, 0xaa, 0xe, 0xee,
    0xfe, 0xee, 0xf0, 0x0, 0xa, 0xa0, 0x0, 0x5f,
    0x0, 0x5f, 0x0, 0x0, 0xaa, 0x0, 0x5, 0xf0,
    0x5, 0xf0, 0x0, 0xa, 0xa0, 0xa3, 0x5f, 0x0,
    0x5f, 0x9, 0x40, 0xac, 0x5a, 0x35, 0xf0, 0x5,
    0xf0, 0xe7, 0xa, 0xff, 0x0, 0x5f, 0x0, 0x5f,
    0x5e, 0x70, 0xaa, 0x0, 0x5, 0xf0, 0x0, 0xf,
    0x10,

    /* U+8BB0 "记" */
    0xf5, 0x0, 0xe, 0xff, 0xff, 0xff, 0xf5, 0x5,
    0xca, 0x0, 0x45, 0x55, 0x55, 0x5f, 0x50, 0x3,
    0x30, 0x0, 0x0, 0x0, 0x0, 0xf5, 0x0, 0x0,
    0x0, 0x0, 0x0, 0x0, 0xf, 0x50, 0x0, 0x0,
    0x0, 0x0, 0x0, 0x0, 0xf5, 0xd, 0xd9, 0x0,
    0x0, 0x0, 0x0, 0xf, 0x50, 0x8d, 0xa0, 0x6,
    0x77, 0x77, 0x77, 0xf5, 0x0, 0xaa, 0x0, 0xef,
    0xee, 0xee, 0xee, 0x40, 0xa, 0xa0, 0xe, 0x70,
    0x0, 0x0, 0x0, 0x0, 0xaa, 0x0, 0xe7, 0x0,
    0x0, 0x0, 0x0, 0xa, 0xa2, 0x9f, 0x70, 0x0,
    0x0, 0x6, 0x60, 0xac, 0x7a, 0xf7, 0x0, 0x0,
    0x0, 0xaa, 0xa, 0xff, 0xe, 0x85, 0x55, 0x55,
    0x5c, 0xa0, 0xaa, 0x0, 0x5, 0xff, 0xff, 0xff,
    0xfa,

    /* U+8BBE "设" */
    0xf5, 0x0, 0x0, 0x5f, 0xff, 0xff, 0x0, 0x5,
    0xca, 0x0, 0x5, 0xf5, 0x58, 0xf0, 0x0, 0x3,
    0x30, 0x0, 0x5f, 0x0, 0x5f, 0x0, 0x0, 0x0,
    0x0, 0x5, 0xf0, 0x5, 0xf0, 0x0, 0x0, 0x0,
    0x0, 0x5f, 0x0, 0x5f, 0x0, 0xf, 0xfa, 0xf,
    0xfc, 0x50, 0x5, 0xff, 0xfa, 0x5c, 0xa0, 0x55,
    0x30, 0x0, 0x15, 0x55, 0x30, 0xaa, 0x0, 0x35,
    0x55, 0x55, 0x55, 0x10, 0xa, 0xa0, 0xa, 0xff,
    0xff, 0xff, 0xf5, 0x0, 0xaa, 0x0, 0xaa, 0x0,
    0x0, 0xf, 0x50, 0xa, 0xa0, 0x3, 0x7a, 0x0,
    0x3a, 0x51, 0x0, 0xac, 0x50, 0x3, 0xa5, 0x57,
    0xa0, 0x0, 0xa, 0xff, 0x55, 0x55, 0xff, 0xc5,
    0x55, 0x30, 0xaa, 0xf, 0xff, 0xf0, 0x5, 0xff,
    0xfa,

    /* U+8BC1 "证" */
    0xf5, 0x0, 0xff, 0xff, 0xff, 0xff, 0xff, 0xa5,
    0xca, 0x5, 0x55, 0x55, 0xcc, 0x55, 0x53, 0x3,
    0x30, 0x0, 0x0, 0xa, 0xa0, 0x0, 0x0, 0x0,
    0x0, 0x0, 0x0, 0xaa, 0x0, 0x0, 0x0, 0x0,
    0x0, 0x0, 0xa, 0xa0, 0x0, 0xd, 0xd9, 0x0,
    0x99, 0x0, 0xaa, 0x0, 0x0, 0x8d, 0xa0, 0xa,
    0xa0, 0xa, 0xd7, 0x77, 0x40, 0xaa, 0x0, 0xaa,
    0x0, 0xaf, 0xee, 0xe9, 0xa, 0xa0, 0xa, 0xa0,
    0xa, 0xa0, 0x0, 0x0, 0xaa, 0x0, 0xaa, 0x0,
    0xaa, 0x0, 0x0, 0xa, 0xa0, 0xa, 0xa0, 0xa,
    0xa0, 0x0, 0x0, 0xac, 0x50, 0xaa, 0x0, 0xaa,
    0x0, 0x0, 0xa, 0xff, 0x5c, 0xc5, 0x5c, 0xc5,
    0x55, 0x30, 0xaa, 0xf, 0xff, 0xff, 0xff, 0xff,
    0xfa,

    /* U+8BC4 "评" */
    0xf5, 0x0, 0xa, 0xff, 0xff, 0xff, 0xff, 0xa5,
    0xca, 0x0, 0x35, 0x55, 0xea, 0x55, 0x53, 0x3,
    0x30, 0x7, 0x70, 0xe, 0x70, 0x7, 0x70, 0x0,
    0x0, 0x78, 0x50, 0xe7, 0x5, 0x87, 0x0, 0x0,
    0x0, 0x5f, 0xe, 0x70, 0xf5, 0xf, 0xfa, 0x0,
    0x0, 0x0, 0xe7, 0x0, 0x0, 0x8d, 0xa0, 0x4,
    0x77, 0x7f, 0xb7, 0x77, 0x40, 0xaa, 0x0, 0x9e,
    0xee, 0xff, 0xee, 0xe9, 0xa, 0xa0, 0x0, 0x0,
    0xe, 0x70, 0x0, 0x0, 0xaa, 0x0, 0x0, 0x0,
    0xe7, 0x0, 0x0, 0xa, 0xa0, 0x93, 0x0, 0xe,
    0x70, 0x0, 0x0, 0xac, 0x5a, 0x30, 0x0, 0xe7,
    0x0, 0x0, 0xa, 0xff, 0x0, 0x0, 0xe, 0x70,
    0x0, 0x0, 0xaa, 0x0, 0x0, 0x0, 0xe7, 0x0,
    0x0,

    /* U+8BD5 "试" */
    0xf5, 0x0, 0x0, 0x0, 0xe, 0x70, 0xf5, 0x5,
    0x87, 0x0, 0x0, 0x0, 0xe7, 0x5, 0x87, 0x5,
    0x50, 0x77, 0x77, 0x7f, 0xb7, 0x7d, 0xa0, 0x0,
    0xe, 0xee, 0xee, 0xff, 0xee, 0xe9, 0x0, 0x0,
    0x0, 0x0, 0xe, 0x70, 0x0, 0xf, 0xfa, 0x0,
    0x0, 0x0, 0xe7, 0x0, 0x0, 0x5c, 0xa0, 0xaa,
    0xaa, 0xaf, 0x70, 0x0, 0x0, 0xaa, 0xe, 0xee,
    0xfe, 0xe7, 0x10, 0x0, 0xa, 0xa0, 0x0, 0x5e,
    0x0, 0x8f, 0x0, 0x0, 0xaa, 0x0, 0x5, 0xe0,
    0x8, 0xf0, 0x0, 0xa, 0xa0, 0x0, 0x5e, 0x0,
    0x8f, 0xa, 0xa0, 0xab, 0x10, 0x5, 0xe1, 0x18,
    0xe1, 0xba, 0xa, 0xff, 0x11, 0x5f, 0xff, 0x60,
    0xff, 0xa0, 0xaa, 0xf, 0xfa, 0x0, 0x0, 0x0,
    0xaa,

    /* U+8BE2 "询" */
    0xf5, 0x0, 0x0, 0x5f, 0x0, 0x0, 0x0, 0x5,
    0xca, 0x0, 0x5, 0xff, 0xff, 0xff, 0xfe, 0x3,
    0x30, 0x7, 0x85, 0x55, 0x55, 0x5a, 0xe0, 0x0,
    0x5, 0x88, 0x55, 0x55, 0x51, 0x7e, 0x0, 0x0,
    0xf5, 0x5f, 0xff, 0xff, 0x37, 0xef, 0xfa, 0x0,
    0x5, 0xf0, 0x1, 0xf3, 0x7e, 0x8d, 0xa0, 0x0,
    0x5f, 0x77, 0x8f, 0x37, 0xe0, 0xaa, 0x0, 0x5,
    0xfe, 0xee, 0xf3, 0x7e, 0xa, 0xa0, 0x0, 0x5f,
    0x0, 0x1f, 0x37, 0xe0, 0xaa, 0x0, 0x5, 0xf0,
    0x1, 0xf3, 0x7e, 0xa, 0xa0, 0x93, 0x5f, 0x99,
    0xaf, 0x37, 0xe0, 0xac, 0x5a, 0x33, 0xaa, 0xaa,
    0xa2, 0x7e, 0xa, 0xff, 0x0, 0x0, 0x0, 0x5,
    0x5a, 0xe0, 0xaa, 0x0, 0x0, 0x0, 0x1, 0xff,
    0x80,

    /* U+8BE5 "该" */
    0x0, 0xe7, 0x0, 0x0, 0x0, 0xe6, 0x0, 0x0,
    0x0, 0x4b, 0xc0, 0xef, 0xff, 0xff, 0xff, 0xf6,
    0x0, 0x2, 0x40, 0x45, 0x7f, 0x65, 0x55, 0x52,
    0x0, 0x0, 0x0, 0x3, 0x6a, 0x0, 0x15, 0x0,
    0x0, 0x0, 0x0, 0x9, 0xc0, 0x0, 0x4f, 0x10,
    0x3f, 0xf7, 0x0, 0xef, 0xff, 0xff, 0xc0, 0x0,
    0x15, 0xe7, 0x0, 0x45, 0x55, 0xf9, 0x30, 0x0,
    0x0, 0xe7, 0x0, 0x0, 0x15, 0xa4, 0x0, 0x42,
    0x0, 0xe7, 0x0, 0x0, 0x4f, 0x10, 0x0, 0xe6,
    0x0, 0xe7, 0x0, 0xef, 0xc0, 0x0, 0x4f, 0x10,
    0x0, 0xe7, 0x0, 0x45, 0x30, 0x6, 0x95, 0x0,
    0x0, 0xea, 0x40, 0x0, 0x15, 0x58, 0x95, 0x0,
    0x0, 0xef, 0xc0, 0x45, 0x7f, 0xf6, 0x4f, 0x62,
    0x0, 0xe7, 0x0, 0xef, 0xc0, 0x0, 0x0, 0xe6,

    /* U+8BED "语" */
    0xf5, 0x0, 0xa, 0xff, 0xff, 0xff, 0xff, 0xa5,
    0x87, 0x0, 0x35, 0x5f, 0x85, 0x55, 0x53, 0x5,
    0x50, 0x4, 0x77, 0xfa, 0x77, 0x72, 0x0, 0x0,
    0x0, 0x9e, 0xfe, 0xee, 0xef, 0x50, 0x0, 0x0,
    0x0, 0x5f, 0x0, 0x0, 0xf5, 0xc, 0xc8, 0x0,
    0x5, 0xf0, 0x0, 0xf, 0x50, 0x8d, 0xa0, 0x77,
    0xaf, 0x77, 0x77, 0xfa, 0x40, 0xaa, 0xe, 0xee,
    0xee, 0xee, 0xee, 0xe9, 0xa, 0xa0, 0x0, 0x0,
    0x0, 0x0, 0x0, 0x0, 0xaa, 0x0, 0xaf, 0xff,
    0xff, 0xff, 0xfa, 0xa, 0xa0, 0xa, 0xc5, 0x55,
    0x55, 0x5c, 0xa0, 0xac, 0x50, 0xaa, 0x0, 0x0,
    0x0, 0xaa, 0xa, 0xff, 0xa, 0xc5, 0x55, 0x55,
    0x5c, 0xa0, 0xaa, 0x0, 0xaf, 0xff, 0xff, 0xff,
    0xfa,

    /* U+8BEF "误" */
    0xf5, 0x0, 0xa, 0xff, 0xff, 0xff, 0xf5, 0x5,
    0xca, 0x0, 0xac, 0x55, 0x55, 0x5f, 0x50, 0x3,
    0x30, 0xa, 0xa0, 0x0, 0x0, 0xf5, 0x0, 0x0,
    0x0, 0xac, 0x55, 0x55, 0x5f, 0x50, 0x0, 0x0,
    0xa, 0xff, 0xff, 0xff, 0xf5, 0xf, 0xfa, 0x0,
    0x0, 0x0, 0x0, 0x0, 0x0, 0x8d, 0xa0, 0x4,
    0x77, 0x77, 0x77, 0x72, 0x0, 0xaa, 0x0, 0x9e,
    0xee, 0xff, 0xee, 0x40, 0xa, 0xa0, 0x0, 0x0,
    0xa, 0xa0, 0x0, 0x0, 0xaa, 0xf, 0xff, 0xff,
    0xff, 0xff, 0xfa, 0xa, 0xa0, 0x55, 0x55, 0x5c,
    0xc5, 0x55, 0x30, 0xac, 0x50, 0x0, 0x5, 0xbb,
    0x50, 0x0, 0xa, 0xff, 0x55, 0x55, 0xf5, 0x5f,
    0x55, 0x30, 0xaa, 0xf, 0xff, 0xf0, 0x0, 0xf,
    0xfa,

    /* U+8BF4 "说" */
    0xf5, 0x0, 0xa, 0xa0, 0x0, 0x0, 0xf1, 0x5,
    0x87, 0x0, 0x37, 0xa0, 0x3, 0xa5, 0x0, 0x3,
    0x30, 0x7, 0xcf, 0xaa, 0xcf, 0xa1, 0x0, 0x0,
    0x0, 0xae, 0xaa, 0xaa, 0xaf, 0x10, 0x0, 0x0,
    0xa, 0xa0, 0x0, 0x0, 0xf1, 0xf, 0xfa, 0x0,
    0xaa, 0x0, 0x0, 0xf, 0x10, 0x5c, 0xa0, 0xa,
    0xa0, 0x0, 0x0, 0xf1, 0x0, 0xaa, 0x0, 0xac,
    0x55, 0x55, 0x5f, 0x10, 0xa, 0xa0, 0xa, 0xff,
    0xff, 0xff, 0xf1, 0x0, 0xaa, 0x0, 0x5, 0xf0,
    0x5, 0xf0, 0x0, 0xa, 0xa0, 0xa3, 0x5f, 0x0,
    0x5f, 0x9, 0x40, 0xac, 0x5a, 0x77, 0xa0, 0x5,
    0xf0, 0xe7, 0xa, 0xff, 0x5c, 0xa0, 0x0, 0x5f,
    0x5e, 0x70, 0xaa, 0xf, 0x50, 0x0, 0x5, 0xff,
    0xf7,

    /* U+8BF7 "请" */
    0xf5, 0x0, 0x0, 0x0, 0xe, 0x70, 0x0, 0x5,
    0xca, 0x0, 0xaf, 0xff, 0xff, 0xff, 0x50, 0x3,
    0x30, 0x3, 0x55, 0x5e, 0xa5, 0x51, 0x0, 0x0,
    0x0, 0x35, 0x55, 0xea, 0x55, 0x10, 0x0, 0x0,
    0xa, 0xff, 0xff, 0xff, 0xf5, 0xf, 0xfa, 0x0,
    0x0, 0x0, 0xe7, 0x0, 0x0, 0x8d, 0xa0, 0x77,
    0x77, 0x7f, 0xb7, 0x77, 0x40, 0xaa, 0xe, 0xff,
    0xee, 0xee, 0xef, 0xe9, 0xa, 0xa0, 0xa, 0xa0,
    0x0, 0x0, 0xf5, 0x0, 0xaa, 0x0, 0xaf, 0xff,
    0xff, 0xff, 0x50, 0xa, 0xa0, 0xae, 0xc5, 0x55,
    0x55, 0xf5, 0x0, 0xac, 0x5a, 0xec, 0x55, 0x55,
    0x5f, 0x50, 0xa, 0xff, 0xa, 0xff, 0xff, 0xff,
    0xf5, 0x0, 0xaa, 0x0, 0xaa, 0x0, 0x0, 0xf,
    0x50,

    /* U+8BFB "读" */
    0xf5, 0x0, 0x0, 0x0, 0xa, 0xa0, 0x0, 0x5,
    0xca, 0x0, 0xaf, 0xff, 0xff, 0xff, 0x50, 0x3,
    0x30, 0x3, 0x55, 0x5c, 0xc5, 0x51, 0x0, 0x0,
    0x5, 0x55, 0x55, 0xcc, 0x55, 0x53, 0x0, 0x0,
    0xff, 0xff, 0xff, 0xff, 0xff, 0xaf, 0xfa, 0x0,
    0x5, 0xf0, 0x0, 0x0, 0xaa, 0x8d, 0xa0, 0x72,
    0x28, 0x72, 0x27, 0x5, 0x50, 0xaa, 0xe, 0x83,
    0xe, 0x45, 0xf0, 0x0, 0xa, 0xa0, 0xa, 0xa0,
    0x0, 0x5f, 0x0, 0x0, 0xaa, 0xf, 0xff, 0xff,
    0xff, 0xff, 0xfa, 0xa, 0xa0, 0x55, 0x55, 0x5c,
    0xc5, 0x55, 0x30, 0xac, 0x50, 0x1, 0x55, 0x87,
    0x5, 0x10, 0xa, 0xff, 0x55, 0x8f, 0xf5, 0x0,
    0xf8, 0x30, 0xaa, 0xf, 0xfa, 0x0, 0x0, 0x0,
    0xaa,

    /* U+8C03 "调" */
    0xf5, 0x0, 0xa, 0xff, 0xff, 0xff, 0xff, 0x75,
    0x87, 0x0, 0xac, 0x55, 0xcc, 0x55, 0xe7, 0x5,
    0x50, 0xa, 0xa0, 0x7d, 0xd7, 0xe, 0x70, 0x0,
    0x0, 0xaa, 0xe, 0xff, 0xe0, 0xe7, 0x0, 0x0,
    0xa, 0xa0, 0xa, 0xa0, 0xe, 0x7f, 0xfa, 0x0,
    0xaa, 0xf, 0xff, 0xf0, 0xe7, 0x5c, 0xa0, 0xa,
    0xa0, 0x55, 0x55, 0xe, 0x70, 0xaa, 0x0, 0xaa,
    0x5, 0x55, 0x50, 0xe7, 0xa, 0xa0, 0xa, 0xa0,
    0xff, 0xff, 0xe, 0x70, 0xaa, 0x0, 0xaa, 0xf,
    0x55, 0xf0, 0xe7, 0xa, 0xa0, 0xae, 0xa0, 0xfc,
    0xcf, 0xe, 0x70, 0xac, 0x5a, 0xea, 0xa, 0xaa,
    0xa0, 0xe7, 0xa, 0xff, 0x5c, 0xa0, 0x0, 0x1,
    0x5e, 0x70, 0xaa, 0xf, 0x50, 0x0, 0x0, 0x3f,
    0xf7,

    /* U+8C31 "谱" */
    0xf5, 0x0, 0xa, 0xa0, 0x0, 0x0, 0xf5, 0x5,
    0xca, 0xf, 0xff, 0xff, 0xff, 0xff, 0xfa, 0x3,
    0x30, 0x55, 0x8f, 0x55, 0x8f, 0x55, 0x30, 0x0,
    0x0, 0x38, 0xf0, 0x5, 0xf5, 0x10, 0x0, 0x0,
    0xa, 0xff, 0x0, 0x5f, 0xf5, 0xf, 0xfa, 0xf,
    0xff, 0xff, 0xff, 0xff, 0xfa, 0x5c, 0xa0, 0x55,
    0x55, 0x55, 0x55, 0x55, 0x30, 0xaa, 0x0, 0x35,
    0x55, 0x55, 0x55, 0x10, 0xa, 0xa0, 0xa, 0xff,
    0xff, 0xff, 0xf5, 0x0, 0xaa, 0x0, 0xaa, 0x0,
    0x0, 0xf, 0x50, 0xa, 0xa0, 0xae, 0xea, 0xaa,
    0xaa, 0xf5, 0x0, 0xac, 0x5a, 0xee, 0xaa, 0xaa,
    0xaf, 0x50, 0xa, 0xff, 0xa, 0xc5, 0x55, 0x55,
    0xf5, 0x0, 0xaa, 0x0, 0xaf, 0xff, 0xff, 0xff,
    0x50,

    /* U+8C61 "象" */
    0x0, 0x5f, 0xff, 0xff, 0xff, 0xc0, 0x0, 0x0,
    0xac, 0x55, 0x55, 0x55, 0xac, 0x0, 0x0, 0x7d,
    0xd7, 0x77, 0x77, 0x7b, 0xe7, 0x72, 0xe, 0xff,
    0xee, 0xee, 0xfe, 0xee, 0xef, 0x50, 0xa, 0xa0,
    0x0, 0x1f, 0x30, 0x0, 0xf5, 0x0, 0xae, 0xcc,
    0xcc, 0xfd, 0xcc, 0xcf, 0x50, 0x5, 0x88, 0xff,
    0xff, 0xa8, 0x88, 0x87, 0x41, 0x11, 0x1e, 0xee,
    0xf4, 0x0, 0x1, 0xa9, 0xff, 0xff, 0x0, 0x1f,
    0xf8, 0x0, 0xf5, 0x0, 0x0, 0xf, 0xfe, 0x0,
    0x7f, 0xf0, 0x0, 0xaa, 0xaa, 0x55, 0x5a, 0xad,
    0xd5, 0xa3, 0xa, 0xaa, 0xa5, 0x55, 0xaa, 0xdc,
    0xa, 0x73, 0x55, 0x55, 0xff, 0xe5, 0x5a, 0xc0,
    0xa, 0xaf, 0xff, 0xf0, 0x1, 0xff, 0x80, 0x0,
    0x0,

    /* U+8D22 "财" */
    0xff, 0xff, 0xff, 0x70, 0x0, 0x0, 0xf5, 0xf,
    0x85, 0x55, 0xe7, 0x0, 0x0, 0xf, 0x50, 0xf5,
    0x27, 0xe, 0xb7, 0x77, 0x77, 0xfa, 0x3f, 0x55,
    0xf0, 0xef, 0xee, 0xee, 0xef, 0xe6, 0xf5, 0x5f,
    0xe, 0x70, 0x0, 0x0, 0xf5, 0xf, 0x55, 0xf0,
    0xe7, 0x0, 0x4, 0xdf, 0x50, 0xf5, 0x5f, 0xe,
    0x70, 0x0, 0x5f, 0xf5, 0xf, 0x55, 0xf0, 0xe7,
    0x0, 0x36, 0xbf, 0x50, 0xf5, 0x5f, 0xe, 0x70,
    0xa, 0xa0, 0xf5, 0xf, 0x55, 0xf0, 0xe7, 0xf,
    0x50, 0xf, 0x50, 0x51, 0x5f, 0x4, 0x8a, 0x51,
    0x0, 0xf5, 0x0, 0x37, 0xa5, 0x5, 0xa0, 0x0,
    0xf, 0x50, 0x5c, 0xa0, 0xf6, 0x20, 0x3, 0x55,
    0xf5, 0xf, 0x50, 0x0, 0xe7, 0x0, 0xaf, 0xff,
    0x50,

    /* U+8D23 "责" */
    0x0, 0x0, 0x0, 0x5f, 0x0, 0x0, 0x0, 0xf,
    0xff, 0xff, 0xff, 0xff, 0xff, 0xff, 0xfa, 0x55,
    0x55, 0x55, 0x8f, 0x55, 0x55, 0x55, 0x30, 0x35,
    0x55, 0x58, 0xf5, 0x55, 0x55, 0x10, 0xa, 0xff,
    0xff, 0xff, 0xff, 0xff, 0xf5, 0x0, 0x0, 0x0,
    0x5, 0xf0, 0x0, 0x0, 0x0, 0x77, 0x77, 0x77,
    0xaf, 0x77, 0x77, 0x77, 0x4e, 0xff, 0xee, 0xee,
    0xee, 0xee, 0xef, 0xe9, 0xa, 0xa0, 0x0, 0x0,
    0x0, 0x0, 0xf5, 0x0, 0xaa, 0x0, 0x4, 0xd0,
    0x0, 0xf, 0x50, 0xa, 0xa0, 0x0, 0x5f, 0x0,
    0x0, 0xf5, 0x0, 0x77, 0x5, 0x57, 0xa5, 0x53,
    0xa, 0x30, 0x55, 0x55, 0xff, 0xa0, 0xff, 0xc5,
    0x55, 0x3f, 0xff, 0xf0, 0x0, 0x0, 0x5, 0xff,
    0xfa,

    /* U+8D25 "败" */
    0xff, 0xff, 0xff, 0x70, 0xf5, 0x0, 0x0, 0xf,
    0x85, 0x55, 0xe7, 0xf, 0x50, 0x0, 0x0, 0xf5,
    0x27, 0xe, 0x70, 0xfa, 0x77, 0x77, 0x4f, 0x55,
    0xf0, 0xe8, 0x1e, 0xee, 0xef, 0xe9, 0xf5, 0x5f,
    0xe, 0xfc, 0x0, 0x0, 0xf5, 0xf, 0x55, 0xf0,
    0xe7, 0xf, 0x50, 0xf, 0x50, 0xf5, 0x5f, 0xe,
    0x70, 0xf5, 0x0, 0xf5, 0xf, 0x55, 0xf0, 0xe7,
    0xf, 0x50, 0x1e, 0x40, 0xf5, 0x5f, 0xe, 0x70,
    0xf5, 0x5f, 0x0, 0xf, 0x55, 0xf0, 0xe7, 0xf,
    0x55, 0xf0, 0x0, 0x51, 0x5f, 0x4, 0x20, 0x58,
    0x85, 0x0, 0x0, 0x37, 0xa5, 0x0, 0x5, 0x88,
    0x50, 0x0, 0x5c, 0xa0, 0xf6, 0x54, 0xf5, 0x5f,
    0x55, 0x3f, 0x50, 0x0, 0xef, 0xc0, 0x0, 0xf,
    0xfa,

    /* U+8D26 "账" */
    0xff, 0xff, 0xff, 0x70, 0xf5, 0x0, 0xf1, 0xf,
    0x85, 0x55, 0xe7, 0xf, 0x50, 0xf, 0x10, 0xf5,
    0x15, 0xe, 0x70, 0xf5, 0x15, 0xa1, 0xf, 0x55,
    0xf0, 0xe7, 0xf, 0x87, 0xa0, 0x0, 0xf5, 0x5f,
    0xe, 0x70, 0xff, 0xa0, 0x0, 0xf, 0x55, 0xf0,
    0xe7, 0xf, 0x50, 0x0, 0x0, 0xf5, 0x5f, 0xe,
    0xb7, 0xfa, 0x77, 0x77, 0x3f, 0x55, 0xf0, 0xef,
    0xef, 0xee, 0xfe, 0xe6, 0xf5, 0x5f, 0xe, 0x70,
    0xf5, 0x5f, 0x0, 0xf, 0x55, 0xf0, 0xe7, 0xf,
    0x55, 0xf0, 0x0, 0x82, 0x5f, 0x7, 0x30, 0xf5,
    0x28, 0xa1, 0x0, 0x37, 0xa5, 0x0, 0xf, 0x50,
    0xf, 0x10, 0x5c, 0xa0, 0xf6, 0x20, 0xf8, 0x30,
    0xf6, 0x2f, 0x50, 0x0, 0xe7, 0xf, 0xfa, 0x0,
    0xe7,

    /* U+8D34 "贴" */
    0xff, 0xff, 0xff, 0x70, 0x0, 0x5f, 0x0, 0xf,
    0x85, 0x55, 0xe7, 0x0, 0x5, 0xf0, 0x0, 0xf5,
    0x27, 0xe, 0x70, 0x0, 0x5f, 0x77, 0x3f, 0x55,
    0xf0, 0xe7, 0x0, 0x5, 0xfe, 0xe6, 0xf5, 0x5f,
    0xe, 0x70, 0x0, 0x5f, 0x0, 0xf, 0x55, 0xf0,
    0xe7, 0x0, 0x5, 0xf0, 0x0, 0xf5, 0x5f, 0xe,
    0x70, 0x0, 0x5f, 0x0, 0xf, 0x55, 0xf0, 0xe7,
    0x5, 0x58, 0xf5, 0x52, 0xf5, 0x5f, 0xe, 0x70,
    0xff, 0xff, 0xff, 0x7f, 0x55, 0xf0, 0xe7, 0xf,
    0x50, 0x0, 0xe7, 0xa3, 0x5f, 0x9, 0x40, 0xf5,
    0x0, 0xe, 0x70, 0x37, 0xa5, 0x0, 0xf, 0x50,
    0x0, 0xe7, 0x5c, 0xa0, 0xf6, 0x20, 0xf8, 0x55,
    0x5e, 0x7f, 0x50, 0x0, 0xe7, 0xf, 0xff, 0xff,
    0xf7,

    /* U+8D35 "贵" */
    0x0, 0x0, 0x0, 0x5f, 0x0, 0x0, 0x0, 0x0,
    0xaf, 0xff, 0xff, 0xff, 0xff, 0xff, 0x50, 0xa,
    0xc5, 0x55, 0x8f, 0x55, 0x55, 0xf5, 0x0, 0xac,
    0x55, 0x58, 0xf5, 0x55, 0x5f, 0x50, 0xa, 0xff,
    0xff, 0xff, 0xff, 0xff, 0xf5, 0x0, 0x0, 0x0,
    0x5, 0xf0, 0x0, 0x0, 0x0, 0x77, 0x77, 0x77,
    0xaf, 0x77, 0x77, 0x77, 0x4e, 0xff, 0xee, 0xee,
    0xee, 0xee, 0xef, 0xe9, 0xa, 0xa0, 0x0, 0x0,
    0x0, 0x0, 0xf5, 0x0, 0xaa, 0x0, 0x4, 0xd0,
    0x0, 0xf, 0x50, 0xa, 0xa0, 0x0, 0x5f, 0x0,
    0x0, 0xf5, 0x0, 0x77, 0x5, 0x57, 0xa5, 0x53,
    0xa, 0x30, 0x55, 0x55, 0xff, 0xa0, 0xff, 0xc5,
    0x55, 0x3f, 0xff, 0xf0, 0x0, 0x0, 0x5, 0xff,
    0xfa,

    /* U+8D44 "资" */
    0xa, 0xa0, 0x0, 0x5f, 0x0, 0x0, 0x0, 0x0,
    0x37, 0xa0, 0x5, 0xfa, 0xaa, 0xaa, 0xa9, 0x0,
    0x28, 0x4, 0x78, 0x8c, 0xf8, 0x8b, 0xe0, 0x0,
    0x10, 0x99, 0x1, 0x8c, 0x10, 0x6c, 0x0, 0x5f,
    0x0, 0x0, 0xf7, 0x1f, 0x30, 0xf, 0xfa, 0x0,
    0xaf, 0xf0, 0x0, 0xc, 0xfe, 0x55, 0x30, 0x3,
    0x55, 0x0, 0x0, 0x45, 0x40, 0x35, 0x55, 0x55,
    0x55, 0x55, 0x55, 0x20, 0xa, 0xff, 0xff, 0xff,
    0xff, 0xff, 0xf9, 0x0, 0xaa, 0x0, 0x5, 0xf0,
    0x0, 0xc, 0x90, 0xa, 0xa0, 0x0, 0x5f, 0x0,
    0x0, 0xc9, 0x0, 0x77, 0x5, 0x57, 0xa5, 0x54,
    0x8, 0x60, 0x55, 0x55, 0xff, 0xa0, 0xff, 0xe5,
    0x55, 0x4f, 0xff, 0xf0, 0x0, 0x0, 0x1, 0xff,
    0xfe,

    /* U+8D6B "赫" */
    0x0, 0x5f, 0x0, 0x0, 0x0, 0x5f, 0x0, 0xf,
    0xff, 0xff, 0xfa, 0xf, 0xff, 0xff, 0xfa, 0x55,
    0x8f, 0x55, 0x30, 0x55, 0x8f, 0x55, 0x30, 0x5,
    0xf0, 0x0, 0x0, 0x5, 0xf0, 0x0, 0x0, 0x5f,
    0x0, 0x0, 0x0, 0x5f, 0x0, 0xf, 0xff, 0xff,
    0xfa, 0xf, 0xff, 0xff, 0xfa, 0x5c, 0xea, 0xf8,
    0x30, 0x5c, 0xea, 0xf8, 0x30, 0xaa, 0xf, 0x50,
    0x0, 0xaa, 0xf, 0x50, 0xa, 0xa0, 0xf5, 0x0,
    0xa, 0xa0, 0xf5, 0xd, 0xfa, 0xf, 0xe9, 0xd,
    0xfa, 0xf, 0xe9, 0x8d, 0xa0, 0xfb, 0x87, 0x8d,
    0xa0, 0xfb, 0x50, 0xaa, 0xf, 0x54, 0xe0, 0xaa,
    0xf, 0x50, 0x5c, 0xc5, 0xf5, 0x0, 0x5c, 0xc5,
    0xf5, 0xf, 0x55, 0xff, 0x50, 0xf, 0x55, 0xff,
    0x50,

    /* U+8D77 "起" */
    0x0, 0x0, 0xf5, 0x0, 0xff, 0xff, 0xf5, 0x0,
    0xaf, 0xff, 0xfa, 0x5, 0x55, 0x5f, 0x50, 0x3,
    0x55, 0xf8, 0x30, 0x0, 0x0, 0xf5, 0x0, 0x0,
    0xf, 0x50, 0x0, 0x0, 0xf, 0x50, 0x0, 0x0,
    0xf5, 0x0, 0x0, 0x0, 0xf5, 0xf, 0xff, 0xff,
    0xfa, 0xf, 0xff, 0xff, 0x50, 0x55, 0x55, 0xf8,
    0x30, 0xf8, 0x55, 0x51, 0x0, 0x11, 0xf, 0x50,
    0xf, 0x50, 0x0, 0x11, 0xa, 0xa0, 0xf5, 0x0,
    0xf5, 0x0, 0xa, 0xa0, 0xaa, 0xf, 0xe9, 0xf,
    0x50, 0x0, 0xaa, 0xa, 0xa0, 0xf8, 0x30, 0x56,
    0x77, 0x7d, 0xaa, 0xdd, 0xaf, 0x50, 0x0, 0x9e,
    0xee, 0xe9, 0xf5, 0x3a, 0xa7, 0x55, 0x55, 0x55,
    0x55, 0x3f, 0x50, 0x0, 0xaf, 0xff, 0xff, 0xff,
    0xfa,

    /* U+8D85 "超" */
    0x0, 0x0, 0xf5, 0x0, 0xff, 0xff, 0xff, 0x70,
    0xaf, 0xff, 0xff, 0xf5, 0xea, 0x55, 0xe7, 0x3,
    0x55, 0xf8, 0x55, 0xe, 0x70, 0xe, 0x70, 0x0,
    0xf, 0x50, 0x5, 0xe7, 0x15, 0xe7, 0x0, 0x0,
    0xf5, 0x0, 0xf1, 0x3, 0xff, 0x7f, 0xff, 0xff,
    0xff, 0xf0, 0x0, 0x0, 0x0, 0x88, 0x88, 0xfb,
    0x88, 0x77, 0x77, 0x77, 0x30, 0x11, 0xf, 0x50,
    0xf, 0xee, 0xee, 0xf7, 0xa, 0xa0, 0xf5, 0x0,
    0xf1, 0x0, 0xe, 0x70, 0xaa, 0xf, 0xdc, 0xcf,
    0x10, 0x0, 0xe7, 0xa, 0xa0, 0xfb, 0x88, 0xf8,
    0x77, 0x7f, 0x7a, 0xdd, 0xaf, 0x50, 0xe, 0xee,
    0xee, 0xe6, 0xf5, 0x3a, 0xa7, 0x55, 0x55, 0x55,
    0x55, 0x2f, 0x50, 0x0, 0xaf, 0xff, 0xff, 0xff,
    0xf7,

    /* U+8D8B "趋" */
    0x0, 0x0, 0xf5, 0x0, 0xa, 0xa0, 0x0, 0x0,
    0x7b, 0xbf, 0xd7, 0x0, 0xae, 0xbb, 0xb7, 0x5,
    0x88, 0xfb, 0x50, 0x78, 0x88, 0x8d, 0xa0, 0x0,
    0xf, 0x50, 0xe, 0x40, 0x5, 0xb9, 0x0, 0x0,
    0xf5, 0x0, 0x0, 0x0, 0xf5, 0xf, 0xff, 0xff,
    0xfa, 0xf, 0xff, 0xff, 0xfa, 0x55, 0x55, 0xf8,
    0x30, 0x55, 0x55, 0x5c, 0xa0, 0x33, 0xf, 0x50,
    0x5, 0x55, 0x55, 0xca, 0xa, 0xa0, 0xf5, 0x0,
    0xff, 0xff, 0xff, 0xa0, 0xaa, 0xf, 0xfa, 0x0,
    0x0, 0x0, 0xaa, 0xa, 0xa0, 0xfb, 0x50, 0x77,
    0x77, 0x7d, 0xaa, 0xdd, 0xaf, 0x50, 0xe, 0xee,
    0xee, 0xe9, 0xf5, 0x3a, 0xa7, 0x55, 0x55, 0x55,
    0x55, 0x3f, 0x50, 0x0, 0xaf, 0xff, 0xff, 0xff,
    0xfa,

    /* U+8DB3 "足" */
    0xa, 0xff, 0xff, 0xff, 0xff, 0xff, 0xf5, 0x0,
    0xac, 0x55, 0x55, 0x55, 0x55, 0x5f, 0x50, 0xa,
    0xa0, 0x0, 0x0, 0x0, 0x0, 0xf5, 0x0, 0xaa,
    0x0, 0x0, 0x0, 0x0, 0xf, 0x50, 0xa, 0xa0,
    0x0, 0x0, 0x0, 0x0, 0xf5, 0x0, 0xaf, 0xff,
    0xff, 0xff, 0xff, 0xff, 0x50, 0x3, 0x55, 0x55,
    0x8f, 0x55, 0x55, 0x51, 0x0, 0x1, 0x50, 0x5,
    0xf0, 0x0, 0x0, 0x0, 0x0, 0x5f, 0x0, 0x5f,
    0x0, 0x0, 0x0, 0x0, 0x5, 0xf0, 0x5, 0xff,
    0xff, 0xff, 0x50, 0x0, 0x5f, 0x0, 0x5f, 0x55,
    0x55, 0x51, 0x0, 0x37, 0xa5, 0x58, 0xf0, 0x0,
    0x0, 0x0, 0x5c, 0xa0, 0xff, 0xff, 0x55, 0x55,
    0x55, 0x3f, 0x50, 0x0, 0x0, 0xf, 0xff, 0xff,
    0xfa,

    /* U+8DDD "距" */
    0xff, 0xff, 0xf5, 0x5f, 0xff, 0xff, 0xff, 0x7f,
    0x85, 0x5f, 0x55, 0xf5, 0x55, 0x55, 0x52, 0xf5,
    0x0, 0xf5, 0x5f, 0x0, 0x0, 0x0, 0xf, 0x85,
    0x5f, 0x55, 0xf5, 0x55, 0x55, 0x52, 0xff, 0xff,
    0xf5, 0x5f, 0xff, 0xff, 0xff, 0x70, 0x5, 0xf0,
    0x5, 0xf0, 0x0, 0x0, 0xe7, 0x0, 0x5f, 0x0,
    0x5f, 0x0, 0x0, 0xe, 0x75, 0x15, 0xf5, 0x15,
    0xf0, 0x0, 0x0, 0xe7, 0xf5, 0x5f, 0xf5, 0x5f,
    0x0, 0x0, 0xe, 0x7f, 0x55, 0xf0, 0x5, 0xff,
    0xff, 0xff, 0xf7, 0xf5, 0x5f, 0x0, 0x5f, 0x55,
    0x55, 0x55, 0x2f, 0x55, 0xf5, 0x15, 0xf0, 0x0,
    0x0, 0x0, 0xf8, 0x8f, 0xf5, 0x5f, 0x55, 0x55,
    0x55, 0x2f, 0xfa, 0x0, 0x5, 0xff, 0xff, 0xff,
    0xf7,

    /* U+8DDF "跟" */
    0xff, 0xff, 0xf5, 0x5f, 0xff, 0xff, 0xff, 0xaf,
    0x85, 0x5f, 0x55, 0xf5, 0x55, 0x55, 0xca, 0xf5,
    0x0, 0xf5, 0x5f, 0x88, 0x88, 0x8d, 0xaf, 0x85,
    0x5f, 0x55, 0xfa, 0xaa, 0xaa, 0xea, 0xff, 0xff,
    0xf5, 0x5f, 0x0, 0x0, 0xa, 0xa0, 0x5, 0xf0,
    0x5, 0xf0, 0x0, 0x0, 0xaa, 0x0, 0x5f, 0x0,
    0x5f, 0xaa, 0xaa, 0xae, 0xa5, 0x15, 0xf5, 0x15,
    0xfa, 0xad, 0xfa, 0xa7, 0xf5, 0x5f, 0xf5, 0x5f,
    0x0, 0x8f, 0x0, 0xf, 0x55, 0xf0, 0x5, 0xf0,
    0x8, 0xf0, 0xaa, 0xf5, 0x5f, 0x0, 0x5f, 0x0,
    0x25, 0xa7, 0x3f, 0x55, 0xf5, 0x15, 0xf0, 0x42,
    0xf, 0x50, 0xf8, 0x8f, 0xf5, 0x5f, 0x5f, 0x70,
    0xf8, 0x3f, 0xfa, 0x0, 0x5, 0xff, 0x50, 0x0,
    0xaa,

    /* U+8DEF "路" */
    0xff, 0xff, 0xf5, 0x0, 0xf1, 0x0, 0x0, 0xf,
    0x85, 0x5f, 0x50, 0xf, 0xff, 0xff, 0x50, 0xf5,
    0x0, 0xf5, 0x3a, 0x55, 0x55, 0xf5, 0xf, 0x85,
    0x5f, 0x87, 0xa5, 0x2, 0x5a, 0x30, 0xff, 0xff,
    0xff, 0xa0, 0xf1, 0x8f, 0x0, 0x0, 0x5, 0xf0,
    0x0, 0x0, 0xe7, 0x0, 0x0, 0x0, 0x5f, 0x0,
    0x0, 0x78, 0x77, 0x0, 0x1, 0x5, 0xf1, 0x11,
    0x1e, 0x17, 0xe1, 0x11, 0xf5, 0x5f, 0xff, 0xff,
    0x0, 0x0, 0xff, 0xaf, 0x55, 0xf0, 0x5, 0xff,
    0xff, 0xff, 0x50, 0xf5, 0x5f, 0x0, 0x5f, 0x55,
    0x55, 0xf5, 0xf, 0x55, 0xf5, 0x15, 0xf0, 0x0,
    0xf, 0x50, 0xf8, 0x8f, 0xf5, 0x5f, 0x55, 0x55,
    0xf5, 0xf, 0xfa, 0x0, 0x5, 0xff, 0xff, 0xff,
    0x50,

    /* U+8DF3 "跳" */
    0xff, 0xff, 0xf1, 0x0, 0xf5, 0x5f, 0x0, 0xf,
    0x85, 0x5f, 0x10, 0xf, 0x55, 0xf0, 0x0, 0xf5,
    0x0, 0xf8, 0x30, 0xf5, 0x5f, 0x7, 0x3f, 0x85,
    0x5f, 0xb7, 0x5f, 0x55, 0xf5, 0xb4, 0xff, 0xff,
    0xf1, 0x8f, 0xf5, 0x5f, 0xf5, 0x0, 0x5, 0xf0,
    0x0, 0xf, 0x55, 0xf0, 0x0, 0x0, 0x5f, 0x0,
    0x0, 0xf5, 0x5f, 0x0, 0x5, 0x15, 0xf5, 0x2,
    0x5f, 0x55, 0xf5, 0x10, 0xf5, 0x5f, 0xf1, 0x8f,
    0xf5, 0x5f, 0xf5, 0xf, 0x55, 0xf0, 0xe7, 0xf,
    0x55, 0xf0, 0xe7, 0xf5, 0x5f, 0x4, 0x20, 0xf5,
    0x5f, 0x4, 0x2f, 0x55, 0xf5, 0x2, 0x5f, 0x55,
    0xf0, 0x42, 0xf8, 0x8f, 0xf6, 0xbf, 0x0, 0x5f,
    0x5e, 0x7f, 0xfa, 0x0, 0xe7, 0x0, 0x5, 0xff,
    0xf7,

    /* U+8F6C "转" */
    0x0, 0x5f, 0x0, 0x0, 0x7, 0xe0, 0x0, 0xf,
    0xff, 0xff, 0x51, 0xff, 0xff, 0xff, 0x80, 0x5c,
    0xc5, 0x51, 0x5, 0x5a, 0xe5, 0x52, 0xa, 0xaa,
    0xa0, 0x0, 0x0, 0x7e, 0x0, 0x0, 0xf5, 0x5f,
    0x0, 0x11, 0x17, 0xe1, 0x11, 0xf, 0x55, 0xf0,
    0xaf, 0xff, 0xff, 0xff, 0xfe, 0xfa, 0xaf, 0x78,
    0x88, 0xec, 0x88, 0x88, 0x7e, 0xee, 0xfe, 0x40,
    0x1c, 0x91, 0x11, 0x0, 0x0, 0x5f, 0x0, 0x1f,
    0xff, 0xff, 0xf8, 0x0, 0x5, 0xff, 0x50, 0x0,
    0x0, 0xc, 0x80, 0xaa, 0xcf, 0x51, 0x0, 0x85,
    0x1a, 0x62, 0xa, 0xac, 0xf0, 0x0, 0x8, 0x85,
    0xa2, 0x0, 0x0, 0x5f, 0x0, 0x0, 0x7, 0xe5,
    0x10, 0x0, 0x5, 0xf0, 0x0, 0x0, 0x1, 0xf3,
    0x0,

    /* U+8F6F "软" */
    0x0, 0x5f, 0x0, 0x0, 0xf5, 0x0, 0x0, 0xb,
    0xbd, 0xfb, 0xb7, 0xf, 0x50, 0x0, 0x0, 0x8d,
    0xd8, 0x88, 0x50, 0xfa, 0x77, 0x77, 0x3a, 0xdd,
    0xa0, 0x3, 0xae, 0xee, 0xee, 0xf7, 0xf5, 0x5f,
    0x0, 0x5f, 0x0, 0x0, 0xe, 0x7f, 0x55, 0xf0,
    0x5, 0xf0, 0xaa, 0xf, 0x41, 0xfc, 0xcf, 0xaa,
    0x85, 0xa, 0xa0, 0x50, 0xa, 0xac, 0xfa, 0xa7,
    0x0, 0xaa, 0x0, 0x0, 0x0, 0x5f, 0x0, 0x0,
    0xa, 0xa0, 0x0, 0x0, 0x5, 0xff, 0xfa, 0xf,
    0x55, 0xf0, 0x0, 0xaa, 0xcf, 0x55, 0x30, 0xf5,
    0x5f, 0x0, 0xa, 0xac, 0xf0, 0x1, 0x5a, 0x33,
    0xa5, 0x0, 0x0, 0x5f, 0x3, 0x8f, 0x0, 0x0,
    0xf6, 0x20, 0x5, 0xf0, 0xaa, 0x0, 0x0, 0x0,
    0xe7,

    /* U+8F7D "载" */
    0x0, 0x0, 0xf5, 0x0, 0xe, 0x70, 0xf5, 0x0,
    0xaf, 0xff, 0xff, 0xf0, 0xe7, 0x5, 0xca, 0x3,
    0x55, 0xf8, 0x55, 0xe, 0x70, 0x3, 0x35, 0x55,
    0x5f, 0x85, 0x55, 0xea, 0x55, 0x53, 0xff, 0xff,
    0xff, 0xff, 0xff, 0xff, 0xff, 0xa0, 0x5, 0xf0,
    0x0, 0x0, 0xe7, 0x0, 0x0, 0xaa, 0xcf, 0xaa,
    0xaa, 0xe, 0x70, 0x7, 0x7a, 0xee, 0xaf, 0xca,
    0xa0, 0xe7, 0x5, 0x87, 0xa, 0xa0, 0xf5, 0x0,
    0xe, 0x70, 0xf5, 0x0, 0xae, 0xaf, 0xca, 0xa0,
    0x48, 0xa0, 0x0, 0x3, 0x55, 0xf8, 0x55, 0x0,
    0x8f, 0x7, 0x75, 0x55, 0x5f, 0x85, 0x50, 0x48,
    0xa5, 0xca, 0xff, 0xff, 0xff, 0xff, 0x5e, 0x70,
    0xff, 0xa0, 0x0, 0xf, 0x50, 0xf, 0x10, 0x0,
    0xaa,

    /* U+8F91 "辑" */
    0x0, 0x5f, 0x0, 0x6f, 0xff, 0xff, 0xf2, 0xa,
    0xac, 0xfa, 0x36, 0xe5, 0x55, 0x7f, 0x20, 0x8d,
    0xd8, 0x82, 0x6e, 0x77, 0x79, 0xf2, 0xa, 0xdd,
    0xa0, 0x5, 0xee, 0xee, 0xee, 0x10, 0xf5, 0x5f,
    0x0, 0x11, 0x11, 0x11, 0x11, 0xf, 0x55, 0xf0,
    0xaf, 0xff, 0xff, 0xff, 0xf7, 0xfa, 0xaf, 0x78,
    0xbe, 0x88, 0x8a, 0xf9, 0x3e, 0xee, 0xfe, 0x46,
    0xd1, 0x11, 0x4f, 0x20, 0x0, 0x5f, 0x0, 0x6f,
    0xff, 0xff, 0xf2, 0x0, 0x5, 0xff, 0x56, 0xd0,
    0x0, 0x3f, 0x20, 0xaa, 0xcf, 0x51, 0x6d, 0x9,
    0xab, 0xfb, 0x4a, 0xac, 0xf0, 0x39, 0xe5, 0xaa,
    0xbf, 0xb4, 0x0, 0x5f, 0xa, 0xff, 0xf1, 0x3,
    0xf2, 0x0, 0x5, 0xf0, 0x0, 0x0, 0x0, 0x3f,
    0x20,

    /* U+8F93 "输" */
    0x0, 0x5f, 0x0, 0x0, 0xa, 0xa0, 0x0, 0xf,
    0xff, 0xff, 0x50, 0xf, 0x88, 0xf0, 0x0, 0x5c,
    0xc5, 0x51, 0x3a, 0x51, 0x15, 0xa1, 0xa, 0x77,
    0xa0, 0x35, 0x55, 0x55, 0x55, 0x52, 0xf5, 0x5f,
    0xa, 0xa0, 0xff, 0xff, 0xe, 0x7f, 0x55, 0xf0,
    0x0, 0x0, 0x0, 0x0, 0x0, 0xfa, 0xaf, 0x77,
    0x77, 0x72, 0x27, 0x6, 0x3e, 0xee, 0xfe, 0xff,
    0xef, 0x55, 0xf0, 0xe7, 0x0, 0x5f, 0xa, 0xa0,
    0xf5, 0x5f, 0xe, 0x70, 0x5, 0xff, 0xff, 0xff,
    0x55, 0xf0, 0xe7, 0xaa, 0xcf, 0x5c, 0xc5, 0xf5,
    0x5f, 0xe, 0x7a, 0xac, 0xf0, 0xac, 0x5f, 0x53,
    0xa0, 0xe7, 0x0, 0x5f, 0xa, 0xff, 0xf5, 0x0,
    0x5e, 0x70, 0x5, 0xf0, 0xaa, 0xf, 0x50, 0xf,
    0xf7,

    /* U+8FB9 "边" */
    0xf5, 0x0, 0x0, 0x0, 0xf5, 0x0, 0x0, 0x5,
    0x87, 0x0, 0x0, 0xf, 0x50, 0x0, 0x0, 0x5,
    0x50, 0x6, 0x77, 0xfa, 0x77, 0x77, 0x60, 0x0,
    0x0, 0xce, 0xef, 0xee, 0xee, 0xfe, 0x0, 0x0,
    0x0, 0x0, 0xf5, 0x0, 0x7, 0xef, 0xfa, 0x0,
    0x0, 0xf, 0x50, 0x0, 0x7e, 0x5c, 0xa0, 0x0,
    0x0, 0xf5, 0x0, 0x7, 0xe0, 0xaa, 0x0, 0x0,
    0xf, 0x50, 0x0, 0x7e, 0xa, 0xa0, 0x0, 0x8f,
    0x0, 0x0, 0x7, 0xe0, 0xaa, 0x0, 0x8, 0xf0,
    0x0, 0x0, 0x7e, 0xa, 0xa0, 0x6, 0x88, 0x0,
    0x7, 0x77, 0x7a, 0xdd, 0xa0, 0xc6, 0x0, 0x1,
    0xee, 0x70, 0xf5, 0x3a, 0x55, 0x55, 0x55, 0x55,
    0x55, 0x4f, 0x50, 0xf, 0xff, 0xff, 0xff, 0xff,
    0xfe,

    /* U+8FBD "辽" */
    0xf5, 0x0, 0xff, 0xff, 0xff, 0xff, 0xf5, 0x5,
    0x87, 0x5, 0x55, 0x55, 0x55, 0x5f, 0x50, 0x5,
    0x50, 0x0, 0x0, 0x0, 0x37, 0x82, 0x0, 0x0,
    0x0, 0x0, 0x0, 0x18, 0xe0, 0x0, 0x0, 0x0,
    0x0, 0x0, 0xe, 0x70, 0x0, 0xf, 0xfa, 0x0,
    0x0, 0x0, 0xe7, 0x0, 0x0, 0x5c, 0xa0, 0x0,
    0x0, 0xe, 0x70, 0x0, 0x0, 0xaa, 0x0, 0x0,
    0x0, 0xe7, 0x0, 0x0, 0xa, 0xa0, 0x0, 0x0,
    0xe, 0x70, 0x0, 0x0, 0xaa, 0x0, 0x0, 0x0,
    0xe7, 0x0, 0x0, 0xa, 0xa0, 0x0, 0x37, 0x7f,
    0x70, 0x0, 0xa, 0xdd, 0xa0, 0x7, 0xee, 0xe6,
    0x0, 0x0, 0xf5, 0x3a, 0x55, 0x55, 0x55, 0x55,
    0x55, 0x3f, 0x50, 0xf, 0xff, 0xff, 0xff, 0xff,
    0xfa,

    /* U+8FC7 "过" */
    0xf5, 0x0, 0x0, 0x0, 0x0, 0x5f, 0x0, 0x5,
    0x87, 0x0, 0x0, 0x0, 0x5, 0xf0, 0x0, 0x5,
    0x50, 0x77, 0x77, 0x77, 0xaf, 0x77, 0x40, 0x0,
    0xe, 0xee, 0xee, 0xee, 0xfe, 0xe9, 0x0, 0x0,
    0x0, 0x0, 0x0, 0x5f, 0x0, 0xe, 0xe9, 0x0,
    0xc6, 0x0, 0x5, 0xf0, 0x0, 0x5c, 0xa0, 0x4,
    0x8a, 0x0, 0x5f, 0x0, 0x0, 0xaa, 0x0, 0x8,
    0xf0, 0x5, 0xf0, 0x0, 0xa, 0xa0, 0x0, 0x8f,
    0x0, 0x5f, 0x0, 0x0, 0xaa, 0x0, 0x0, 0x0,
    0x5, 0xf0, 0x0, 0xa, 0xa0, 0x0, 0x0, 0x77,
    0xaf, 0x0, 0xa, 0xdd, 0xa0, 0x0, 0xe, 0xee,
    0xe0, 0x0, 0xf5, 0x3a, 0x55, 0x55, 0x55, 0x55,
    0x55, 0x3f, 0x50, 0xf, 0xff, 0xff, 0xff, 0xff,
    0xfa,

    /* U+8FD0 "运" */
    0xf5, 0x0, 0xe, 0xff, 0xff, 0xff, 0xf1, 0x5,
    0xca, 0x0, 0x45, 0x55, 0x55, 0x55, 0x0, 0x3,
    0x30, 0x0, 0x0, 0x0, 0x0, 0x0, 0x0, 0x0,
    0x5, 0x55, 0x55, 0x55, 0x55, 0x52, 0x0, 0x0,
    0xff, 0xff, 0xff, 0xff, 0xff, 0x7f, 0xfa, 0x0,
    0x9, 0xc0, 0x0, 0x0, 0x0, 0x5c, 0xa0, 0x0,
    0x9c, 0x0, 0x2, 0xa1, 0x0, 0xaa, 0x0, 0x48,
    0x80, 0x0, 0x3f, 0x10, 0xa, 0xa0, 0xe, 0x70,
    0x0, 0x3, 0xf1, 0x0, 0xaa, 0x0, 0xe7, 0x0,
    0xef, 0xc0, 0xe7, 0xa, 0xa0, 0xaf, 0xda, 0xa5,
    0x54, 0xe, 0x7a, 0xaa, 0xaa, 0xaa, 0xaa, 0x10,
    0x0, 0x94, 0xf5, 0x3a, 0x55, 0x55, 0x55, 0x55,
    0x55, 0x2f, 0x50, 0xf, 0xff, 0xff, 0xff, 0xff,
    0xf7,

    /* U+8FD1 "近" */
    0xf5, 0x0, 0x0, 0x0, 0x0, 0x5f, 0xf5, 0x5,
    0xca, 0x0, 0xef, 0xff, 0xf8, 0x55, 0x10, 0x3,
    0x30, 0xe, 0xa5, 0x55, 0x20, 0x0, 0x0, 0x0,
    0x0, 0xe7, 0x0, 0x0, 0x0, 0x0, 0x0, 0x0,
    0xe, 0x70, 0x0, 0x0, 0x0, 0xf, 0xfa, 0x0,
    0xef, 0xff, 0xff, 0xff, 0xfa, 0x5c, 0xa0, 0xe,
    0xa5, 0x55, 0x8f, 0x55, 0x30, 0xaa, 0x0, 0xe7,
    0x0, 0x5, 0xf0, 0x0, 0xa, 0xa0, 0xe, 0x70,
    0x0, 0x5f, 0x0, 0x0, 0xaa, 0x0, 0xe7, 0x0,
    0x5, 0xf0, 0x0, 0xa, 0xa0, 0x75, 0x20, 0x0,
    0x5f, 0x0, 0xa, 0xdd, 0xae, 0x10, 0x0, 0x4,
    0xe0, 0x0, 0xf5, 0x3a, 0x55, 0x55, 0x55, 0x55,
    0x55, 0x3f, 0x50, 0xf, 0xff, 0xff, 0xff, 0xff,
    0xfa,

    /* U+8FD4 "返" */
    0xf5, 0x0, 0x0, 0x0, 0x0, 0x8f, 0xff, 0xa5,
    0xca, 0x0, 0xef, 0xff, 0xfa, 0x55, 0x53, 0x3,
    0x30, 0xe, 0xa5, 0x55, 0x20, 0x0, 0x0, 0x0,
    0x0, 0xe7, 0x0, 0x0, 0x0, 0x0, 0x0, 0x0,
    0xe, 0x70, 0x0, 0x0, 0x0, 0xf, 0xfa, 0x0,
    0xef, 0xff, 0xff, 0xff, 0xfa, 0x5c, 0xa0, 0xe,
    0xfd, 0x55, 0x55, 0x5c, 0xa0, 0xaa, 0x0, 0xed,
    0x95, 0x10, 0x5, 0x87, 0xa, 0xa0, 0xe, 0x73,
    0xf5, 0x0, 0xf5, 0x0, 0xaa, 0x0, 0xe7, 0x0,
    0xaf, 0xf0, 0x0, 0xa, 0xa0, 0x78, 0x77, 0x78,
    0x88, 0x77, 0x4a, 0xdd, 0xae, 0x17, 0xee, 0x40,
    0xe, 0xe9, 0xf5, 0x3a, 0x55, 0x55, 0x55, 0x55,
    0x55, 0x3f, 0x50, 0xf, 0xff, 0xff, 0xff, 0xff,
    0xfa,

    /* U+8FD8 "还" */
    0xf5, 0x0, 0xff, 0xff, 0xff, 0xff, 0xff, 0x75,
    0x87, 0x5, 0x55, 0x55, 0xcc, 0x55, 0x52, 0x5,
    0x50, 0x0, 0x0, 0x78, 0x50, 0x0, 0x0, 0x0,
    0x0, 0x0, 0xf, 0x50, 0x0, 0x0, 0x0, 0x0,
    0x0, 0x0, 0xf5, 0x0, 0x0, 0xc, 0xc8, 0x0,
    0x4, 0xcf, 0x54, 0xc0, 0x0, 0x8d, 0xa0, 0x6,
    0x68, 0xf5, 0x28, 0x70, 0x0, 0xaa, 0x1, 0xc6,
    0xf, 0x50, 0xe, 0x30, 0xa, 0xa0, 0xf1, 0x0,
    0xf5, 0x0, 0xe, 0x70, 0xaa, 0x3, 0x0, 0xf,
    0x50, 0x0, 0x31, 0xa, 0xa0, 0x0, 0x0, 0xf5,
    0x0, 0x0, 0xa, 0xdd, 0xa0, 0x0, 0xe, 0x40,
    0x0, 0x0, 0xf5, 0x3a, 0x55, 0x55, 0x55, 0x55,
    0x55, 0x2f, 0x50, 0xf, 0xff, 0xff, 0xff, 0xff,
    0xf7,

    /* U+8FD9 "这" */
    0xf5, 0x0, 0x0, 0x0, 0xf1, 0x0, 0x0, 0x5,
    0x87, 0x0, 0x0, 0x5, 0xa4, 0x0, 0x0, 0x5,
    0x50, 0x77, 0x77, 0x7f, 0xb7, 0x77, 0x40, 0x0,
    0xe, 0xee, 0xee, 0xee, 0xef, 0xe9, 0x0, 0x0,
    0x0, 0x0, 0x0, 0x0, 0xf5, 0xf, 0xfa, 0x0,
    0x5, 0xf0, 0x0, 0xf, 0x50, 0x5c, 0xa0, 0x0,
    0x15, 0xa1, 0x5a, 0x51, 0x0, 0xaa, 0x0, 0x0,
    0xa, 0x58, 0xa0, 0x0, 0xa, 0xa0, 0x0, 0x0,
    0xe, 0x70, 0x0, 0x0, 0xaa, 0x0, 0x0, 0xf,
    0x18, 0xf0, 0x0, 0xa, 0xa0, 0x4, 0x77, 0x80,
    0x48, 0x77, 0x4a, 0xdd, 0xa0, 0x9e, 0xe0, 0x0,
    0xe, 0xe9, 0xf5, 0x3a, 0x55, 0x55, 0x55, 0x55,
    0x55, 0x3f, 0x50, 0xf, 0xff, 0xff, 0xff, 0xff,
    0xfa,

    /* U+8FDB "进" */
    0xf5, 0x0, 0x0, 0x8d, 0x0, 0x5f, 0x0, 0x5,
    0x87, 0x0, 0x8, 0xd0, 0x5, 0xf0, 0x0, 0x5,
    0x50, 0x77, 0xce, 0x77, 0xaf, 0x77, 0x40, 0x0,
    0xe, 0xef, 0xfe, 0xee, 0xfe, 0xe9, 0x0, 0x0,
    0x0, 0x8d, 0x0, 0x5f, 0x0, 0xc, 0xc8, 0x0,
    0x8, 0xd0, 0x5, 0xf0, 0x0, 0x8d, 0xa0, 0x77,
    0xce, 0x77, 0xaf, 0x77, 0x40, 0xaa, 0xe, 0xef,
    0xfe, 0xee, 0xfe, 0xe9, 0xa, 0xa0, 0x0, 0x8d,
    0x0, 0x5f, 0x0, 0x0, 0xaa, 0x0, 0x8, 0xd0,
    0x5, 0xf0, 0x0, 0xa, 0xa0, 0x6, 0x99, 0x0,
    0x5f, 0x0, 0xa, 0xee, 0xa0, 0xc6, 0x0, 0x5,
    0xf0, 0x0, 0xf5, 0x3a, 0x55, 0x55, 0x55, 0x55,
    0x55, 0x3f, 0x50, 0xf, 0xff, 0xff, 0xff, 0xff,
    0xfa,

    /* U+8FDC "远" */
    0xf5, 0x0, 0xe, 0xff, 0xff, 0xff, 0xf1, 0x5,
    0xca, 0x0, 0x45, 0x55, 0x55, 0x55, 0x0, 0x3,
    0x30, 0x0, 0x0, 0x0, 0x0, 0x0, 0x0, 0x0,
    0x5, 0x55, 0x55, 0x55, 0x55, 0x52, 0x0, 0x0,
    0xff, 0xff, 0xff, 0xff, 0xff, 0x7f, 0xfa, 0x0,
    0x9, 0xc0, 0x9, 0xc0, 0x0, 0x5c, 0xa0, 0x0,
    0x9c, 0x0, 0x9c, 0x0, 0x0, 0xaa, 0x0, 0x48,
    0x80, 0x9, 0xc0, 0x0, 0xa, 0xa0, 0xe, 0x70,
    0x0, 0x9c, 0x0, 0x0, 0xaa, 0x0, 0xe7, 0x0,
    0x9, 0xc0, 0xb5, 0xa, 0xa0, 0x78, 0x30, 0x0,
    0x9e, 0x7f, 0x7a, 0xdd, 0xae, 0x10, 0x0, 0x8,
    0xee, 0xe6, 0xf5, 0x3a, 0x55, 0x55, 0x55, 0x55,
    0x55, 0x2f, 0x50, 0xf, 0xff, 0xff, 0xff, 0xff,
    0xf7,

    /* U+8FDE "连" */
    0xf5, 0x0, 0x0, 0x0, 0xf5, 0x0, 0x0, 0x5,
    0xca, 0xf, 0xff, 0xff, 0xff, 0xff, 0xfa, 0x3,
    0x30, 0x55, 0xbf, 0x55, 0x55, 0x55, 0x30, 0x0,
    0x0, 0x16, 0xa0, 0x11, 0x0, 0x0, 0x0, 0x0,
    0xe, 0x70, 0xa, 0xa0, 0x0, 0xc, 0xc8, 0x0,
    0xe7, 0x0, 0xaa, 0x0, 0x0, 0x8d, 0xa0, 0xe,
    0xb7, 0x7d, 0xd7, 0x77, 0x40, 0xaa, 0x0, 0xce,
    0xee, 0xff, 0xee, 0xe9, 0xa, 0xa0, 0x0, 0x0,
    0xa, 0xa0, 0x0, 0x0, 0xaa, 0xf, 0xff, 0xff,
    0xff, 0xff, 0xfa, 0xa, 0xa0, 0x55, 0x55, 0x5c,
    0xc5, 0x55, 0x35, 0x88, 0x50, 0x0, 0x0, 0xaa,
    0x0, 0x0, 0xf5, 0x5f, 0x55, 0x55, 0x5c, 0xc5,
    0x55, 0x3f, 0x50, 0xf, 0xff, 0xff, 0xff, 0xff,
    0xfa,

    /* U+8FDF "迟" */
    0xf5, 0x0, 0xe, 0xff, 0xff, 0xff, 0xf5, 0x5,
    0xca, 0x0, 0xea, 0x55, 0x55, 0x5f, 0x50, 0x3,
    0x30, 0xe, 0x70, 0x0, 0x0, 0xf5, 0x0, 0x0,
    0x0, 0xea, 0x55, 0x55, 0x5f, 0x50, 0x0, 0x0,
    0xe, 0xff, 0xff, 0xff, 0xf5, 0xf, 0xfa, 0x0,
    0xe7, 0x0, 0x0, 0x0, 0x0, 0x8d, 0xa0, 0xe,
    0x70, 0x6, 0x30, 0x0, 0x0, 0xaa, 0x0, 0xe7,
    0x0, 0xc7, 0x10, 0x0, 0xa, 0xa0, 0xe, 0x70,
    0x0, 0x8f, 0x0, 0x0, 0xaa, 0xf, 0x10, 0x0,
    0x0, 0xf, 0x50, 0xa, 0xa0, 0xf1, 0x0, 0x0,
    0x0, 0x58, 0x7a, 0xaa, 0xaa, 0x10, 0x0, 0x0,
    0x0, 0x77, 0xf5, 0x3a, 0x55, 0x55, 0x55, 0x55,
    0x55, 0x3f, 0x50, 0xf, 0xff, 0xff, 0xff, 0xff,
    0xfa,

    /* U+9000 "退" */
    0xf5, 0x0, 0xe, 0xff, 0xff, 0xff, 0xf5, 0x5,
    0x87, 0x0, 0xea, 0x55, 0x55, 0x5f, 0x50, 0x5,
    0x50, 0xe, 0xb7, 0x77, 0x77, 0xf5, 0x0, 0x0,
    0x0, 0xef, 0xee, 0xee, 0xef, 0x50, 0x0, 0x0,
    0xe, 0x70, 0x0, 0x0, 0xf5, 0xf, 0xfa, 0x0,
    0xef, 0xff, 0xff, 0xff, 0x50, 0x5c, 0xa0, 0xe,
    0xa5, 0xf8, 0x55, 0x58, 0x70, 0xaa, 0x0, 0xe7,
    0xa, 0x73, 0x5, 0x87, 0xa, 0xa0, 0xe, 0x70,
    0xa, 0xa0, 0xf5, 0x0, 0xaa, 0x0, 0xe7, 0xf,
    0x55, 0xf0, 0x0, 0xa, 0xa0, 0xe, 0xb5, 0x82,
    0x28, 0x77, 0x4a, 0xdd, 0xa0, 0xce, 0xb0, 0x0,
    0xe, 0xe9, 0xf5, 0x3a, 0x55, 0x55, 0x55, 0x55,
    0x55, 0x3f, 0x50, 0xf, 0xff, 0xff, 0xff, 0xff,
    0xfa,

    /* U+9002 "适" */
    0xf5, 0x0, 0x0, 0x0, 0x0, 0x8f, 0xf1, 0x5,
    0xca, 0x0, 0xef, 0xff, 0xfa, 0x55, 0x0, 0x3,
    0x30, 0x4, 0x55, 0x5e, 0x70, 0x0, 0x0, 0x0,
    0x5, 0x55, 0x55, 0xea, 0x55, 0x52, 0x0, 0x0,
    0xff, 0xff, 0xff, 0xff, 0xff, 0x7f, 0xfa, 0x0,
    0x0, 0x0, 0xe7, 0x0, 0x0, 0x8d, 0xa0, 0x6,
    0x77, 0x7f, 0xb7, 0x70, 0x0, 0xaa, 0x0, 0xef,
    0xee, 0xee, 0xef, 0x10, 0xa, 0xa0, 0xe, 0x70,
    0x0, 0x3, 0xf1, 0x0, 0xaa, 0x0, 0xe7, 0x0,
    0x0, 0x3f, 0x10, 0xa, 0xa0, 0xe, 0xb7, 0x77,
    0x79, 0xf1, 0xa, 0xdd, 0xa0, 0xce, 0xee, 0xee,
    0xee, 0x10, 0xf5, 0x3a, 0x55, 0x55, 0x55, 0x55,
    0x55, 0x2f, 0x50, 0xf, 0xff, 0xff, 0xff, 0xff,
    0xf7,

    /* U+9009 "选" */
    0xf5, 0x0, 0xe, 0x70, 0xe, 0x70, 0x0, 0x5,
    0x87, 0x0, 0xed, 0xaa, 0xfd, 0xaa, 0x10, 0x5,
    0x50, 0x78, 0x88, 0x8f, 0xc8, 0x80, 0x0, 0x0,
    0xe, 0x10, 0x0, 0xe7, 0x0, 0x0, 0x0, 0x0,
    0x0, 0x0, 0xe, 0x70, 0x0, 0xf, 0xfa, 0xf,
    0xff, 0xff, 0xff, 0xff, 0xf7, 0x5c, 0xa0, 0x55,
    0xbd, 0x55, 0xbd, 0x55, 0x20, 0xaa, 0x0, 0x8,
    0xc0, 0x8, 0xc0, 0x0, 0xa, 0xa0, 0x0, 0x8c,
    0x0, 0x8c, 0x0, 0x0, 0xaa, 0x0, 0xe7, 0x0,
    0x8, 0xc0, 0xe7, 0xa, 0xa0, 0x78, 0x30, 0x0,
    0x8e, 0x7f, 0x7a, 0xdd, 0xae, 0x10, 0x0, 0x7,
    0xee, 0xe6, 0xf5, 0x3a, 0x55, 0x55, 0x55, 0x55,
    0x55, 0x2f, 0x50, 0xf, 0xff, 0xff, 0xff, 0xff,
    0xf7,

    /* U+901A "通" */
    0xf5, 0x0, 0xe, 0xff, 0xff, 0xff, 0xf1, 0x5,
    0x87, 0x0, 0x45, 0x7f, 0x6b, 0xd5, 0x0, 0x5,
    0x50, 0x0, 0x1, 0x87, 0x86, 0x0, 0x0, 0x0,
    0x0, 0x12, 0x22, 0xe8, 0x22, 0x20, 0x0, 0x0,
    0xe, 0xff, 0xff, 0xff, 0xff, 0x7c, 0xc8, 0x0,
    0xe8, 0x33, 0xe8, 0x33, 0xe7, 0x8d, 0xa0, 0xe,
    0xb7, 0x7f, 0xb7, 0x7f, 0x70, 0xaa, 0x0, 0xef,
    0xee, 0xff, 0xee, 0xf7, 0xa, 0xa0, 0xe, 0x70,
    0xe, 0x70, 0xe, 0x70, 0xaa, 0x0, 0xee, 0xcc,
    0xfe, 0xcc, 0xf7, 0xa, 0xa0, 0xe, 0xc9, 0x9f,
    0xc9, 0x9f, 0x7a, 0xdd, 0xa0, 0xc6, 0x0, 0xc6,
    0x0, 0xc6, 0xf5, 0x3a, 0x55, 0x55, 0x55, 0x55,
    0x55, 0x2f, 0x50, 0xf, 0xff, 0xff, 0xff, 0xff,
    0xf7,

    /* U+901F "速" */
    0xf5, 0x0, 0x0, 0x0, 0xe, 0x70, 0x0, 0x5,
    0xca, 0xf, 0xff, 0xff, 0xff, 0xff, 0xfa, 0x3,
    0x30, 0x55, 0x55, 0x5e, 0xa5, 0x55, 0x30, 0x0,
    0x0, 0x35, 0x55, 0xea, 0x55, 0x53, 0x0, 0x0,
    0xa, 0xff, 0xff, 0xff, 0xff, 0xaf, 0xfa, 0x0,
    0xaa, 0x0, 0xe7, 0x0, 0xaa, 0x8d, 0xa0, 0xa,
    0xd7, 0x7f, 0xb7, 0x7d, 0xa0, 0xaa, 0x0, 0x9e,
    0xef, 0xff, 0xfe, 0xe9, 0xa, 0xa0, 0x0, 0x3,
    0xff, 0xfc, 0x0, 0x0, 0xaa, 0x0, 0x5, 0xf3,
    0xe9, 0x2f, 0x50, 0xa, 0xa0, 0xaa, 0x85, 0xe,
    0x70, 0x58, 0x75, 0x88, 0x5a, 0xa7, 0x0, 0xe7,
    0x0, 0x77, 0xf5, 0x5f, 0x55, 0x55, 0x5e, 0xa5,
    0x55, 0x3f, 0x50, 0xf, 0xff, 0xff, 0xff, 0xff,
    0xfa,

    /* U+9053 "道" */
    0xf5, 0x0, 0x0, 0x8f, 0x0, 0x5f, 0x0, 0x5,
    0xca, 0xf, 0xff, 0xff, 0xff, 0xff, 0xfa, 0x3,
    0x30, 0x55, 0x55, 0xf8, 0x55, 0x55, 0x30, 0x0,
    0x0, 0x45, 0x5f, 0x85, 0x55, 0x10, 0x0, 0x0,
    0xe, 0xff, 0xff, 0xff, 0xf5, 0xf, 0xfa, 0x0,
    0xe7, 0x0, 0x0, 0xf, 0x50, 0x8d, 0xa0, 0xe,
    0xb7, 0x77, 0x77, 0xf5, 0x0, 0xaa, 0x0, 0xef,
    0xee, 0xee, 0xef, 0x50, 0xa, 0xa0, 0xe, 0x70,
    0x0, 0x0, 0xf5, 0x0, 0xaa, 0x0, 0xe7, 0x0,
    0x0, 0xf, 0x50, 0xa, 0xa0, 0xe, 0xb7, 0x77,
    0x77, 0xf5, 0xa, 0xdd, 0xa0, 0xce, 0xee, 0xee,
    0xee, 0x40, 0xf5, 0x3a, 0x55, 0x55, 0x55, 0x55,
    0x55, 0x3f, 0x50, 0xf, 0xff, 0xff, 0xff, 0xff,
    0xfa,

    /* U+90E8 "部" */
    0x0, 0x0, 0xf, 0x50, 0x0, 0xef, 0xff, 0xfa,
    0x0, 0xaf, 0xff, 0xff, 0xf0, 0xea, 0x55, 0xca,
    0x0, 0x35, 0x55, 0x55, 0x50, 0xe7, 0x0, 0xaa,
    0x0, 0x55, 0x0, 0x2, 0x80, 0xe7, 0x8, 0xda,
    0x0, 0x89, 0x30, 0x26, 0xc0, 0xe7, 0xf, 0x50,
    0x0, 0x5, 0xf0, 0xaa, 0x0, 0xe7, 0xf, 0x50,
    0x2a, 0xac, 0xfa, 0xee, 0xaa, 0xf7, 0x1, 0x77,
    0x2b, 0xbb, 0xbb, 0xbb, 0xbb, 0xf7, 0x0, 0xaa,
    0x0, 0x0, 0x0, 0x0, 0x0, 0xe7, 0x0, 0xaa,
    0x0, 0x9d, 0xdd, 0xdd, 0xd0, 0xe7, 0x0, 0xaa,
    0x0, 0xad, 0x88, 0x8b, 0xf0, 0xeb, 0x77, 0x85,
    0x0, 0xaa, 0x0, 0x5, 0xf0, 0xef, 0xee, 0x40,
    0x0, 0xac, 0x55, 0x58, 0xf0, 0xe7, 0x0, 0x0,
    0x0, 0xaf, 0xff, 0xff, 0xf0, 0xe7, 0x0, 0x0,

    /* U+90FD "都" */
    0x0, 0x5f, 0x0, 0x0, 0xe, 0xff, 0xff, 0xaf,
    0xff, 0xff, 0x55, 0xf0, 0xea, 0x55, 0xca, 0x55,
    0x8f, 0x58, 0x85, 0xe, 0x70, 0xa, 0xa0, 0x5,
    0xf8, 0x74, 0x0, 0xe7, 0x8, 0x74, 0x33, 0x7f,
    0xf7, 0x33, 0xe, 0x70, 0xf5, 0xf, 0xff, 0xff,
    0xff, 0xf0, 0xe7, 0xf, 0x50, 0x11, 0x6f, 0x11,
    0x11, 0xe, 0x70, 0x1a, 0x90, 0x7c, 0xfa, 0xaa,
    0xa0, 0xe7, 0x0, 0xaa, 0x1b, 0xff, 0xff, 0xff,
    0xe, 0x70, 0xa, 0xaf, 0xfa, 0x0, 0x5, 0xf0,
    0xe7, 0x0, 0xaa, 0x8d, 0xc7, 0x77, 0xaf, 0xe,
    0xb7, 0x78, 0x50, 0xaf, 0xee, 0xee, 0xf0, 0xef,
    0xee, 0x40, 0xa, 0xc5, 0x55, 0x8f, 0xe, 0x70,
    0x0, 0x0, 0xaf, 0xff, 0xff, 0xf0, 0xe7, 0x0,
    0x0,

    /* U+914D "配" */
    0xff, 0xff, 0xff, 0x70, 0xff, 0xff, 0xff, 0x75,
    0xcc, 0x5f, 0x62, 0x5, 0x55, 0x55, 0xe7, 0xa,
    0xa0, 0xf1, 0x0, 0x0, 0x0, 0xe, 0x75, 0xcc,
    0x5f, 0x62, 0x0, 0x0, 0x0, 0xe7, 0xff, 0xff,
    0xff, 0x70, 0x0, 0x0, 0xe, 0x7f, 0x88, 0xf5,
    0xe7, 0x0, 0x0, 0x0, 0xe7, 0xf5, 0x5f, 0xe,
    0x70, 0x88, 0x88, 0x8f, 0x7f, 0x87, 0xa5, 0xe7,
    0xf, 0xca, 0xaa, 0xa4, 0xff, 0xa0, 0xff, 0x70,
    0xf5, 0x0, 0x0, 0xf, 0x50, 0x0, 0xe7, 0xf,
    0x50, 0x0, 0x0, 0xfa, 0x77, 0x7f, 0x70, 0xf5,
    0x0, 0x6, 0x3f, 0xee, 0xee, 0xf7, 0xf, 0x50,
    0x0, 0xe7, 0xf8, 0x55, 0x5e, 0x70, 0xf9, 0x55,
    0x5e, 0x7f, 0xff, 0xff, 0xf7, 0x0, 0xef, 0xff,
    0xf7,

    /* U+91C7 "采" */
    0x0, 0x0, 0x0, 0x0, 0xa, 0xff, 0xf5, 0x0,
    0x7a, 0xaa, 0xaa, 0xaa, 0x75, 0x55, 0x10, 0x5,
    0x88, 0x8d, 0xd8, 0x83, 0x0, 0x72, 0x0, 0x11,
    0x0, 0x9a, 0x10, 0x0, 0x1e, 0x40, 0xa, 0xa0,
    0x0, 0x5f, 0x0, 0x5f, 0x0, 0x0, 0x5, 0xf0,
    0x0, 0x0, 0xaa, 0x0, 0x0, 0x0, 0x15, 0x0,
    0x5f, 0x3, 0x30, 0x0, 0x5, 0x55, 0x55, 0x58,
    0xf5, 0x55, 0x55, 0x53, 0xff, 0xff, 0xff, 0xff,
    0xff, 0xff, 0xff, 0xa0, 0x0, 0xf, 0x55, 0xf0,
    0xaa, 0x0, 0x0, 0x0, 0x3a, 0x51, 0x5f, 0x3,
    0x7a, 0x0, 0x5, 0x57, 0xa0, 0x5, 0xf0, 0x3,
    0xa5, 0x53, 0xff, 0xa0, 0x0, 0x5f, 0x0, 0x0,
    0xff, 0xa0, 0x0, 0x0, 0x5, 0xf0, 0x0, 0x0,
    0x0,

    /* U+91CC "里" */
    0xa, 0xff, 0xff, 0xff, 0xff, 0xff, 0xf5, 0x0,
    0xac, 0x55, 0x58, 0xf5, 0x55, 0x5f, 0x50, 0xa,
    0xa0, 0x0, 0x5f, 0x0, 0x0, 0xf5, 0x0, 0xac,
    0x55, 0x58, 0xf5, 0x55, 0x5f, 0x50, 0xa, 0xff,
    0xff, 0xff, 0xff, 0xff, 0xf5, 0x0, 0xaa, 0x0,
    0x5, 0xf0, 0x0, 0xf, 0x50, 0xa, 0xa0, 0x0,
    0x5f, 0x0, 0x0, 0xf5, 0x0, 0xac, 0x55, 0x58,
    0xf5, 0x55, 0x5f, 0x50, 0xa, 0xff, 0xff, 0xff,
    0xff, 0xff, 0xf5, 0x0, 0x0, 0x0, 0x5, 0xf0,
    0x0, 0x0, 0x0, 0x4, 0x77, 0x77, 0xaf, 0x77,
    0x77, 0x72, 0x0, 0x9e, 0xee, 0xee, 0xfe, 0xee,
    0xee, 0x40, 0x55, 0x55, 0x55, 0x8f, 0x55, 0x55,
    0x55, 0x3f, 0xff, 0xff, 0xff, 0xff, 0xff, 0xff,
    0xfa,

    /* U+91CD "重" */
    0xa, 0xff, 0xff, 0xff, 0xff, 0xff, 0xf5, 0x0,
    0x35, 0x55, 0x58, 0xf5, 0x55, 0x55, 0x10, 0x77,
    0x77, 0x77, 0xaf, 0x77, 0x77, 0x77, 0x4e, 0xff,
    0xee, 0xee, 0xfe, 0xee, 0xef, 0xe9, 0xa, 0xa0,
    0x0, 0x5f, 0x0, 0x0, 0xf5, 0x0, 0xaf, 0xff,
    0xff, 0xff, 0xff, 0xff, 0x50, 0xa, 0xc5, 0x55,
    0x8f, 0x55, 0x55, 0xf5, 0x0, 0xac, 0x55, 0x58,
    0xf5, 0x55, 0x5f, 0x50, 0xa, 0xff, 0xff, 0xff,
    0xff, 0xff, 0xf5, 0x0, 0x0, 0x0, 0x5, 0xf0,
    0x0, 0x0, 0x0, 0x4, 0x77, 0x77, 0xaf, 0x77,
    0x77, 0x72, 0x0, 0x9e, 0xee, 0xee, 0xfe, 0xee,
    0xee, 0x40, 0x55, 0x55, 0x55, 0x8f, 0x55, 0x55,
    0x55, 0x3f, 0xff, 0xff, 0xff, 0xff, 0xff, 0xff,
    0xfa,

    /* U+91CF "量" */
    0xa, 0xff, 0xff, 0xff, 0xff, 0xff, 0xf5, 0x0,
    0xac, 0x55, 0x55, 0x55, 0x55, 0x5f, 0x50, 0xa,
    0xd7, 0x77, 0x77, 0x77, 0x77, 0xf5, 0x0, 0xaf,
    0xee, 0xee, 0xee, 0xee, 0xef, 0x50, 0xa, 0xa0,
    0x0, 0x0, 0x0, 0x0, 0xf5, 0xf, 0xff, 0xff,
    0xff, 0xff, 0xff, 0xff, 0xfa, 0x5c, 0xc5, 0x55,
    0x8f, 0x55, 0x55, 0xf8, 0x30, 0xac, 0x55, 0x58,
    0xf5, 0x55, 0x5f, 0x50, 0xa, 0xff, 0xff, 0xff,
    0xff, 0xff, 0xf5, 0x0, 0xaa, 0x0, 0x5, 0xf0,
    0x0, 0xf, 0x50, 0xa, 0xd7, 0x77, 0xaf, 0x77,
    0x77, 0xf5, 0x0, 0x9e, 0xee, 0xee, 0xfe, 0xee,
    0xee, 0x40, 0x55, 0x55, 0x55, 0x8f, 0x55, 0x55,
    0x55, 0x3f, 0xff, 0xff, 0xff, 0xff, 0xff, 0xff,
    0xfa,

    /* U+949F "钟" */
    0xa, 0xa0, 0x0, 0x0, 0xe, 0x70, 0x0, 0x0,
    0xaf, 0xd0, 0x0, 0x0, 0xe7, 0x0, 0x0, 0xa7,
    0x55, 0x9, 0xaa, 0xaf, 0xda, 0xaa, 0x4f, 0x85,
    0x50, 0xec, 0xaa, 0xfc, 0xaa, 0xf7, 0xff, 0xff,
    0xe, 0x70, 0xe, 0x70, 0xe, 0x70, 0xaa, 0x0,
    0xe7, 0x0, 0xe7, 0x0, 0xe7, 0xa, 0xa0, 0xe,
    0x70, 0xe, 0x70, 0xe, 0x75, 0xcc, 0x50, 0xea,
    0x55, 0xea, 0x55, 0xe7, 0xff, 0xff, 0xe, 0xff,
    0xff, 0xff, 0xff, 0x70, 0xaa, 0x0, 0x0, 0x0,
    0xe7, 0x0, 0x0, 0xa, 0xa0, 0x0, 0x0, 0xe,
    0x70, 0x0, 0x0, 0xac, 0x50, 0x0, 0x0, 0xe7,
    0x0, 0x0, 0xa, 0xff, 0x0, 0x0, 0xe, 0x70,
    0x0, 0x0, 0xaa, 0x0, 0x0, 0x0, 0xe7, 0x0,
    0x0,

    /* U+94AE "钮" */
    0xa, 0xa0, 0xa, 0xff, 0xff, 0xff, 0xf5, 0x0,
    0xae, 0xa0, 0x35, 0x5f, 0x85, 0x5f, 0x50, 0xa7,
    0x55, 0x0, 0x0, 0xf5, 0x0, 0xf5, 0xf, 0x85,
    0x50, 0x0, 0xf, 0x50, 0xf, 0x50, 0xff, 0xff,
    0x0, 0x0, 0xf5, 0x0, 0xf5, 0x0, 0xaa, 0x0,
    0x0, 0xf, 0x50, 0xf, 0x50, 0xa, 0xa0, 0x7,
    0xaa, 0xfc, 0xaa, 0xf5, 0x5, 0xcc, 0x50, 0x7c,
    0xfa, 0xaa, 0xaf, 0x50, 0xff, 0xff, 0x0, 0x5f,
    0x0, 0x0, 0xf5, 0x0, 0xaa, 0x0, 0x5, 0xf0,
    0x0, 0xf, 0x50, 0xa, 0xa0, 0x0, 0x5f, 0x0,
    0x0, 0xf5, 0x0, 0xac, 0x50, 0x5, 0xf0, 0x0,
    0xf, 0x50, 0xa, 0xff, 0x55, 0x8f, 0x55, 0x55,
    0xf8, 0x30, 0xaa, 0xf, 0xff, 0xff, 0xff, 0xff,
    0xfa,

    /* U+9501 "锁" */
    0xa, 0xa0, 0xe, 0x70, 0xa, 0xa0, 0xe, 0x70,
    0xae, 0xa0, 0x48, 0xa0, 0xaa, 0xa, 0x52, 0xa7,
    0x55, 0x0, 0x25, 0xa, 0xa0, 0x50, 0xf, 0x85,
    0x50, 0x45, 0x55, 0xcc, 0x55, 0x52, 0xff, 0xff,
    0xe, 0xff, 0xff, 0xff, 0xff, 0x70, 0xaa, 0x0,
    0xe7, 0x0, 0x0, 0x0, 0xe7, 0xa, 0xa0, 0xe,
    0x70, 0x9, 0x90, 0xe, 0x79, 0xdd, 0x90, 0xe7,
    0x0, 0xaa, 0x0, 0xe7, 0xce, 0xec, 0xe, 0x70,
    0xa, 0xa0, 0xe, 0x70, 0xaa, 0x0, 0xe7, 0x0,
    0xaa, 0x0, 0xe7, 0xa, 0xa0, 0x1, 0x0, 0xe5,
    0x5e, 0x1, 0x0, 0xac, 0x50, 0x2, 0x5a, 0x33,
    0xa5, 0x0, 0xa, 0xff, 0x4, 0xbf, 0x0, 0x0,
    0xf6, 0x20, 0xaa, 0x0, 0xe7, 0x0, 0x0, 0x0,
    0xe7,

    /* U+9519 "错" */
    0xa, 0xa0, 0x0, 0x9c, 0x0, 0x9c, 0x0, 0x0,
    0xaf, 0xf0, 0xef, 0xff, 0xff, 0xff, 0x10, 0xa7,
    0x55, 0x4, 0xbd, 0x55, 0xbd, 0x50, 0xf, 0x85,
    0x50, 0x9, 0xc0, 0x9, 0xc0, 0x0, 0xff, 0xff,
    0x0, 0x9c, 0x0, 0x9c, 0x0, 0x0, 0xaa, 0xf,
    0xff, 0xff, 0xff, 0xff, 0xf7, 0xa, 0xa0, 0x55,
    0x55, 0x55, 0x55, 0x55, 0x25, 0xcc, 0x50, 0x45,
    0x55, 0x55, 0x55, 0x0, 0xff, 0xff, 0xe, 0xff,
    0xff, 0xff, 0xf1, 0x0, 0xaa, 0x0, 0xe7, 0x0,
    0x0, 0x3f, 0x10, 0xa, 0xa0, 0xe, 0xda, 0xaa,
    0xab, 0xf1, 0x0, 0xac, 0x50, 0xed, 0xaa, 0xaa,
    0xbf, 0x10, 0xa, 0xff, 0xe, 0x95, 0x55, 0x57,
    0xf1, 0x0, 0xaa, 0x0, 0xef, 0xff, 0xff, 0xff,
    0x10,

    /* U+952E "键" */
    0xa, 0xa0, 0x0, 0x0, 0x0, 0x5f, 0x0, 0x0,
    0xaf, 0xff, 0xfa, 0xf, 0xff, 0xff, 0xf7, 0xa7,
    0x55, 0x5c, 0xa0, 0x55, 0x8f, 0x5e, 0x7f, 0x85,
    0x50, 0xac, 0x55, 0x58, 0xf5, 0xe7, 0xff, 0xff,
    0xa, 0xff, 0xff, 0xff, 0xff, 0x70, 0xaa, 0xf,
    0x50, 0x0, 0x5, 0xf0, 0xe7, 0xa, 0xa0, 0xfc,
    0x70, 0xaa, 0xcf, 0xaf, 0x75, 0xcc, 0x5a, 0xea,
    0xa, 0xac, 0xfa, 0xa4, 0xff, 0xff, 0xa, 0xa0,
    0x0, 0x5f, 0x0, 0x0, 0xaa, 0x0, 0xaa, 0xf,
    0xff, 0xff, 0xf7, 0xa, 0xa0, 0xae, 0xa0, 0x55,
    0x8f, 0x55, 0x20, 0xac, 0x5a, 0xec, 0x50, 0x5,
    0xf0, 0x0, 0xa, 0xff, 0x5c, 0xff, 0x55, 0x8f,
    0x55, 0x20, 0xaa, 0xf, 0x50, 0xf, 0xff, 0xff,
    0xf7,

    /* U+955C "镜" */
    0xa, 0xa0, 0x0, 0x0, 0xe, 0x70, 0x0, 0x0,
    0xaf, 0xd0, 0xcd, 0xdd, 0xfe, 0xdd, 0x40, 0xa7,
    0x55, 0x4, 0xbd, 0x55, 0xbf, 0x51, 0xf, 0x85,
    0x55, 0x5b, 0xd5, 0x5b, 0xf5, 0x53, 0xff, 0xff,
    0xff, 0xff, 0xff, 0xff, 0xff, 0xa0, 0xaa, 0x0,
    0xe7, 0x0, 0x0, 0xf, 0x50, 0xa, 0xa0, 0xe,
    0xb7, 0x77, 0x77, 0xf5, 0x1, 0xbb, 0x10, 0xef,
    0xee, 0xee, 0xef, 0x50, 0xff, 0xff, 0xe, 0x70,
    0x0, 0x0, 0xf5, 0x0, 0xaa, 0x0, 0xef, 0xff,
    0xff, 0xff, 0x50, 0xa, 0xa0, 0x4, 0xbd, 0x55,
    0xbf, 0x51, 0x0, 0xac, 0x50, 0x48, 0x80, 0x8,
    0xf0, 0x33, 0xa, 0xff, 0x5e, 0x70, 0x0, 0x8f,
    0x5c, 0xa0, 0xaa, 0xf, 0x10, 0x0, 0x8, 0xff,
    0xfa,

    /* U+957F "长" */
    0x0, 0x5f, 0x0, 0x0, 0x0, 0x5f, 0x0, 0x0,
    0x5, 0xf0, 0x0, 0x0, 0xac, 0x50, 0x0, 0x0,
    0x5f, 0x0, 0x0, 0xa7, 0x30, 0x0, 0x0, 0x5,
    0xf0, 0x35, 0x5a, 0x30, 0x0, 0x0, 0x0, 0x5f,
    0xa, 0xff, 0x0, 0x0, 0x0, 0x0, 0x5, 0xf0,
    0x0, 0x0, 0x0, 0x0, 0x0, 0x77, 0xaf, 0x77,
    0x77, 0x77, 0x77, 0x77, 0x4e, 0xee, 0xfe, 0xee,
    0xfe, 0xee, 0xee, 0xe9, 0x0, 0x5f, 0x0, 0x5f,
    0x0, 0x0, 0x0, 0x0, 0x5, 0xf0, 0x1, 0x3f,
    0x50, 0x0, 0x0, 0x0, 0x5f, 0x0, 0x0, 0x58,
    0x70, 0x0, 0x0, 0x5, 0xf0, 0x33, 0x0, 0x78,
    0x50, 0x0, 0x0, 0x5f, 0x5c, 0xa0, 0x0, 0x5f,
    0x55, 0x30, 0x5, 0xff, 0x50, 0x0, 0x0, 0xf,
    0xfa,

    /* U+95E8 "门" */
    0xf5, 0x3, 0xff, 0xff, 0xff, 0xff, 0xff, 0x75,
    0xc9, 0x15, 0x55, 0x55, 0x55, 0x55, 0xe7, 0x3,
    0x20, 0x0, 0x0, 0x0, 0x0, 0xe, 0x7a, 0x30,
    0x0, 0x0, 0x0, 0x0, 0x0, 0xe7, 0xf5, 0x0,
    0x0, 0x0, 0x0, 0x0, 0xe, 0x7f, 0x50, 0x0,
    0x0, 0x0, 0x0, 0x0, 0xe7, 0xf5, 0x0, 0x0,
    0x0, 0x0, 0x0, 0xe, 0x7f, 0x50, 0x0, 0x0,
    0x0, 0x0, 0x0, 0xe7, 0xf5, 0x0, 0x0, 0x0,
    0x0, 0x0, 0xe, 0x7f, 0x50, 0x0, 0x0, 0x0,
    0x0, 0x0, 0xe7, 0xf5, 0x0, 0x0, 0x0, 0x0,
    0x0, 0xe, 0x7f, 0x50, 0x0, 0x0, 0x0, 0x0,
    0x0, 0xe7, 0xf5, 0x0, 0x0, 0x0, 0x0, 0x25,
    0x5e, 0x7f, 0x50, 0x0, 0x0, 0x0, 0x8, 0xff,
    0xf7,

    /* U+95ED "闭" */
    0xf5, 0x3, 0xff, 0xff, 0xff, 0xff, 0xff, 0x75,
    0xca, 0x15, 0x55, 0x55, 0x55, 0x55, 0xe7, 0x3,
    0x30, 0x0, 0x0, 0xa2, 0x0, 0xe, 0x7a, 0x30,
    0x0, 0x0, 0x1f, 0x30, 0x0, 0xe7, 0xf5, 0x0,
    0x0, 0x1, 0xf3, 0x0, 0xe, 0x7f, 0x55, 0xff,
    0xff, 0xff, 0xff, 0xf0, 0xe7, 0xf5, 0x15, 0x55,
    0x55, 0xf7, 0x55, 0xe, 0x7f, 0x50, 0x0, 0x1,
    0x6f, 0x30, 0x0, 0xe7, 0xf5, 0x0, 0x0, 0x5f,
    0xf3, 0x0, 0xe, 0x7f, 0x50, 0x0, 0xca, 0x1f,
    0x30, 0x0, 0xe7, 0xf5, 0x3a, 0xa6, 0x31, 0xf3,
    0x0, 0xe, 0x7f, 0x53, 0xaa, 0x21, 0x5f, 0x30,
    0x0, 0xe7, 0xf5, 0x0, 0x0, 0x5f, 0xf3, 0x25,
    0x5e, 0x7f, 0x50, 0x0, 0x0, 0x0, 0x8, 0xff,
    0xf7,

    /* U+95F2 "闲" */
    0xf5, 0x0, 0xff, 0xff, 0xff, 0xff, 0xff, 0x75,
    0x87, 0x5, 0x55, 0x55, 0x55, 0x55, 0xe7, 0x3,
    0x30, 0x0, 0x3a, 0x0, 0x0, 0xe, 0x7a, 0x30,
    0x0, 0x5, 0xf0, 0x0, 0x0, 0xe7, 0xf5, 0x14,
    0x44, 0x8f, 0x44, 0x44, 0xe, 0x7f, 0x55, 0xff,
    0xff, 0xff, 0xff, 0xf0, 0xe7, 0xf5, 0x1, 0x11,
    0x6f, 0x11, 0x11, 0xe, 0x7f, 0x50, 0x0, 0x5a,
    0xf8, 0x20, 0x0, 0xe7, 0xf5, 0x0, 0x29, 0xef,
    0xd6, 0x10, 0xe, 0x7f, 0x50, 0xf, 0x55, 0xf0,
    0xaa, 0x0, 0xe7, 0xf5, 0x4c, 0x31, 0x5f, 0x2,
    0x6c, 0xe, 0x7f, 0x53, 0xa0, 0x5, 0xf0, 0x3,
    0xa0, 0xe7, 0xf5, 0x0, 0x0, 0x5f, 0x0, 0x15,
    0x5e, 0x7f, 0x50, 0x0, 0x0, 0x0, 0x5, 0xff,
    0xf7,

    /* U+95F4 "间" */
    0xf5, 0x0, 0xff, 0xff, 0xff, 0xff, 0xff, 0x75,
    0xca, 0x5, 0x55, 0x55, 0x55, 0x55, 0xe7, 0x3,
    0x30, 0x0, 0x0, 0x0, 0x0, 0xe, 0x7a, 0x30,
    0x5, 0x55, 0x55, 0x52, 0x0, 0xe7, 0xf5, 0x0,
    0xff, 0xff, 0xff, 0x70, 0xe, 0x7f, 0x50, 0xf,
    0x50, 0x0, 0xe7, 0x0, 0xe7, 0xf5, 0x0, 0xf5,
    0x0, 0xe, 0x70, 0xe, 0x7f, 0x50, 0xf, 0x85,
    0x55, 0xe7, 0x0, 0xe7, 0xf5, 0x0, 0xff, 0xff,
    0xff, 0x70, 0xe, 0x7f, 0x50, 0xf, 0x50, 0x0,
    0xe7, 0x0, 0xe7, 0xf5, 0x0, 0xf5, 0x0, 0xe,
    0x70, 0xe, 0x7f, 0x50, 0xf, 0x85, 0x55, 0xe7,
    0x0, 0xe7, 0xf5, 0x0, 0xff, 0xff, 0xff, 0x71,
    0x5e, 0x7f, 0x50, 0x0, 0x0, 0x0, 0x0, 0x3f,
    0xf7,

    /* U+95FB "闻" */
    0xf5, 0x0, 0xff, 0xff, 0xff, 0xff, 0xff, 0x75,
    0xca, 0x5, 0x55, 0x55, 0x55, 0x55, 0xe7, 0x3,
    0x30, 0x0, 0x0, 0x0, 0x0, 0xe, 0x7a, 0x31,
    0x55, 0x55, 0x55, 0x55, 0x50, 0xe7, 0xf5, 0x5f,
    0xff, 0xff, 0xff, 0xff, 0xe, 0x7f, 0x50, 0xf,
    0x50, 0x0, 0xaa, 0x0, 0xe7, 0xf5, 0x0, 0xfa,
    0x77, 0x7d, 0xa0, 0xe, 0x7f, 0x50, 0xf, 0xee,
    0xee, 0xfa, 0x0, 0xe7, 0xf5, 0x0, 0xf5, 0x0,
    0xa, 0xa0, 0xe, 0x7f, 0x50, 0xf, 0xff, 0xff,
    0xfa, 0x0, 0xe7, 0xf5, 0x0, 0xf8, 0x55, 0x5c,
    0xea, 0xe, 0x7f, 0x51, 0x5f, 0x85, 0x55, 0xce,
    0xa0, 0xe7, 0xf5, 0x5f, 0xff, 0xff, 0xff, 0xa1,
    0x5e, 0x7f, 0x50, 0x0, 0x0, 0x0, 0xaa, 0x3f,
    0xf7,

    /* U+9636 "阶" */
    0xff, 0xff, 0x0, 0x0, 0xa, 0xa0, 0x0, 0xf,
    0x88, 0xf0, 0x0, 0xa, 0x77, 0xa0, 0x0, 0xf5,
    0x5f, 0x0, 0x37, 0x82, 0x28, 0x70, 0xf, 0x55,
    0xf1, 0x18, 0xe0, 0x0, 0xe, 0x30, 0xf5, 0x5f,
    0xff, 0x70, 0x0, 0x0, 0x5e, 0x7f, 0xfa, 0x0,
    0x8, 0xf0, 0x0, 0xf, 0x10, 0xf8, 0x7a, 0x0,
    0x8f, 0x0, 0x0, 0xf1, 0xf, 0x55, 0xf0, 0x8,
    0xf0, 0x0, 0xf, 0x10, 0xf5, 0x5f, 0x0, 0x8f,
    0x0, 0x0, 0xf1, 0xf, 0x55, 0xf0, 0x8, 0xf0,
    0x0, 0xf, 0x10, 0xfc, 0xcf, 0x0, 0x8f, 0x0,
    0x0, 0xf1, 0xf, 0xca, 0xa0, 0x8, 0xf0, 0x0,
    0xf, 0x10, 0xf5, 0x0, 0x4, 0xbf, 0x0, 0x0,
    0xf1, 0xf, 0x50, 0x0, 0xe7, 0x0, 0x0, 0xf,
    0x10,

    /* U+9644 "附" */
    0xff, 0xff, 0x0, 0x8f, 0x0, 0x0, 0xf5, 0xf,
    0x88, 0xf0, 0x8, 0xf0, 0x0, 0xf, 0x50, 0xf5,
    0x5f, 0xe, 0xca, 0x77, 0x77, 0xfa, 0x4f, 0x55,
    0xf0, 0xe7, 0xe, 0xee, 0xef, 0xe9, 0xf5, 0x5f,
    0xe, 0x70, 0x0, 0x0, 0xf5, 0xf, 0xd9, 0x6c,
    0xf7, 0x0, 0x0, 0xf, 0x50, 0xfb, 0x89, 0x8f,
    0x70, 0x72, 0x0, 0xf5, 0xf, 0x55, 0xf0, 0xe7,
    0xe, 0x61, 0xf, 0x50, 0xf5, 0x5f, 0xe, 0x70,
    0xa, 0xa0, 0xf5, 0xf, 0x55, 0xf0, 0xe7, 0x0,
    0xaa, 0xf, 0x50, 0xfa, 0xaf, 0xe, 0x70, 0x5,
    0x50, 0xf5, 0xf, 0xee, 0xe0, 0xe7, 0x0, 0x0,
    0xf, 0x50, 0xf5, 0x0, 0xe, 0x70, 0x0, 0x15,
    0xf5, 0xf, 0x50, 0x0, 0xe7, 0x0, 0x5, 0xff,
    0x50,

    /* U+964D "降" */
    0xff, 0xff, 0x0, 0x0, 0xf5, 0x0, 0x0, 0xf,
    0x88, 0xf0, 0x0, 0xf, 0xca, 0xaa, 0x30, 0xf5,
    0x5f, 0x4, 0x77, 0x88, 0x88, 0xf5, 0xf, 0x55,
    0xf0, 0x9e, 0xe1, 0x11, 0x1e, 0x40, 0xf5, 0x5f,
    0x0, 0x0, 0xff, 0xff, 0x0, 0xf, 0xfa, 0xf,
    0xff, 0xf0, 0x0, 0xf, 0xfa, 0xf8, 0x8f, 0x55,
    0x55, 0xa, 0xa0, 0x55, 0x3f, 0x55, 0xf5, 0x55,
    0x55, 0xcc, 0x55, 0x53, 0xf5, 0x5f, 0xff, 0xff,
    0xff, 0xff, 0xff, 0xaf, 0x55, 0xf0, 0xaa, 0x0,
    0xaa, 0x0, 0x0, 0xfc, 0xcf, 0xa, 0xa0, 0xa,
    0xa0, 0x0, 0xf, 0xca, 0xa0, 0xac, 0x55, 0xcc,
    0x55, 0x53, 0xf5, 0x0, 0xa, 0xff, 0xff, 0xff,
    0xff, 0xaf, 0x50, 0x0, 0x0, 0x0, 0xaa, 0x0,
    0x0,

    /* U+9655 "陕" */
    0xff, 0xff, 0x0, 0x0, 0xe, 0x70, 0x0, 0xf,
    0x88, 0xf0, 0xef, 0xff, 0xff, 0xff, 0xf7, 0xf5,
    0x5f, 0x4, 0x55, 0x5e, 0xa5, 0x55, 0x2f, 0x55,
    0xf0, 0x42, 0x0, 0xe7, 0x0, 0x42, 0xf5, 0x5f,
    0xe, 0x70, 0xe, 0x70, 0xe, 0x7f, 0xfa, 0x0,
    0x9, 0xc0, 0xe7, 0x3f, 0x20, 0xf8, 0x7a, 0x0,
    0x24, 0xe, 0x71, 0x50, 0xf, 0x55, 0xf0, 0x45,
    0x55, 0xea, 0x55, 0x52, 0xf5, 0x5f, 0xe, 0xff,
    0xff, 0xff, 0xff, 0x7f, 0x55, 0xf0, 0x0, 0x0,
    0xe7, 0x0, 0x0, 0xf8, 0x8f, 0x0, 0x1, 0x59,
    0x74, 0x0, 0xf, 0xca, 0xa0, 0x2, 0x6a, 0x15,
    0x95, 0x0, 0xf5, 0x0, 0x55, 0xbc, 0x0, 0x3,
    0xf6, 0x2f, 0x50, 0xf, 0xf7, 0x0, 0x0, 0x0,
    0xe7,

    /* U+9669 "险" */
    0xff, 0xff, 0x0, 0x0, 0xa, 0xa0, 0x0, 0xf,
    0x88, 0xf0, 0x0, 0xa, 0x77, 0xa0, 0x0, 0xf5,
    0x5f, 0x0, 0x37, 0x82, 0x28, 0x70, 0xf, 0x55,
    0xf0, 0x18, 0xe0, 0x0, 0xe, 0x30, 0xf5, 0x5f,
    0xe, 0x70, 0x0, 0x0, 0xe, 0x7f, 0xfa, 0x0,
    0x8, 0xff, 0xff, 0xff, 0x10, 0xf8, 0x7a, 0x0,
    0x25, 0x55, 0x55, 0x50, 0xf, 0x55, 0xf0, 0x42,
    0x5, 0x10, 0x0, 0x42, 0xf5, 0x5f, 0xe, 0x70,
    0xf5, 0x0, 0xe, 0x7f, 0x55, 0xf0, 0x8, 0xf0,
    0xaa, 0xf, 0x10, 0xfc, 0xcf, 0x0, 0x8f, 0xa,
    0xa0, 0xf1, 0xf, 0xca, 0xa0, 0x5, 0xa0, 0x7a,
    0xaa, 0x10, 0xf5, 0x0, 0x4, 0x55, 0x55, 0x8f,
    0x55, 0x2f, 0x50, 0x0, 0xef, 0xff, 0xff, 0xff,
    0xf7,

    /* U+9690 "隐" */
    0xff, 0xff, 0x0, 0x0, 0xff, 0xff, 0xf5, 0xf,
    0x88, 0xf0, 0x4, 0xc5, 0x55, 0x5f, 0x50, 0xf5,
    0x5f, 0x4, 0xaf, 0x77, 0x77, 0xfa, 0x4f, 0x55,
    0xf0, 0x9e, 0xee, 0xee, 0xee, 0xfa, 0xf5, 0x5f,
    0x0, 0x0, 0x0, 0x0, 0xa, 0xaf, 0xfc, 0x50,
    0xaf, 0xff, 0xff, 0xff, 0xfa, 0xf8, 0x57, 0x3,
    0x55, 0x55, 0x55, 0x5c, 0xaf, 0x55, 0xf0, 0x35,
    0x55, 0x55, 0x55, 0xca, 0xf5, 0x5f, 0xa, 0xff,
    0xff, 0xff, 0xff, 0xaf, 0x55, 0xf0, 0x0, 0xf,
    0x10, 0x0, 0x0, 0xfa, 0xaf, 0x0, 0x27, 0x57,
    0x30, 0x72, 0xf, 0xee, 0xe0, 0x7c, 0xf0, 0xcc,
    0xae, 0xb7, 0xf5, 0x0, 0x58, 0xcf, 0x55, 0xbf,
    0xa, 0xaf, 0x50, 0xf, 0x55, 0xff, 0xff, 0xf0,
    0xaa,

    /* U+96C6 "集" */
    0x0, 0x5f, 0x0, 0x5f, 0x0, 0x0, 0x0, 0x0,
    0xaf, 0xff, 0xff, 0xff, 0xff, 0xff, 0x50, 0xae,
    0xc5, 0x55, 0x8f, 0x55, 0x55, 0x51, 0xa, 0xec,
    0x55, 0x58, 0xf5, 0x55, 0x55, 0x10, 0xa, 0xff,
    0xff, 0xff, 0xff, 0xff, 0xf5, 0x0, 0xaa, 0x0,
    0x5, 0xf0, 0x0, 0x0, 0x0, 0xa, 0xd7, 0x77,
    0xaf, 0x77, 0x77, 0x72, 0x0, 0x9e, 0xee, 0xee,
    0xfe, 0xee, 0xee, 0x40, 0x0, 0x0, 0x0, 0x5f,
    0x0, 0x0, 0x0, 0xf, 0xff, 0xff, 0xff, 0xff,
    0xff, 0xff, 0xfa, 0x55, 0x55, 0xf8, 0x8f, 0x5c,
    0xc5, 0x55, 0x30, 0x1, 0x5a, 0x35, 0xf0, 0x78,
    0x50, 0x0, 0x55, 0x8f, 0x0, 0x5f, 0x0, 0x5f,
    0x55, 0x3f, 0xfa, 0x0, 0x5, 0xf0, 0x0, 0xf,
    0xfa,

    /* U+9752 "青" */
    0x0, 0x0, 0x0, 0x5f, 0x0, 0x0, 0x0, 0x0,
    0xaf, 0xff, 0xff, 0xff, 0xff, 0xff, 0x50, 0x3,
    0x55, 0x55, 0x8f, 0x55, 0x55, 0x51, 0x0, 0x35,
    0x55, 0x58, 0xf5, 0x55, 0x55, 0x10, 0xa, 0xff,
    0xff, 0xff, 0xff, 0xff, 0xf5, 0x0, 0x0, 0x0,
    0x5, 0xf0, 0x0, 0x0, 0x0, 0x77, 0x77, 0x77,
    0xaf, 0x77, 0x77, 0x77, 0x4e, 0xee, 0xfe, 0xee,
    0xee, 0xee, 0xfe, 0xe9, 0x0, 0x5f, 0x0, 0x0,
    0x0, 0x5f, 0x0, 0x0, 0x5, 0xff, 0xff, 0xff,
    0xff, 0xf0, 0x0, 0x0, 0x5f, 0x55, 0x55, 0x55,
    0x8f, 0x0, 0x0, 0x5, 0xf5, 0x55, 0x55, 0x58,
    0xf0, 0x0, 0x0, 0x5f, 0xff, 0xff, 0xff, 0xff,
    0x0, 0x0, 0x5, 0xf0, 0x0, 0x0, 0x5, 0xf0,
    0x0,

    /* U+975E "非" */
    0x0, 0x0, 0xf5, 0x0, 0xe, 0x70, 0x0, 0x0,
    0x0, 0xf, 0x50, 0x0, 0xe7, 0x0, 0x0, 0x77,
    0x77, 0xf5, 0x0, 0xe, 0xb7, 0x77, 0x3e, 0xee,
    0xef, 0x50, 0x0, 0xef, 0xee, 0xe6, 0x0, 0x0,
    0xf5, 0x0, 0xe, 0x70, 0x0, 0x0, 0x0, 0xf,
    0x50, 0x0, 0xe7, 0x0, 0x0, 0x77, 0x77, 0xf5,
    0x0, 0xe, 0xb7, 0x77, 0x3e, 0xee, 0xef, 0x50,
    0x0, 0xef, 0xee, 0xe6, 0x0, 0x0, 0xf5, 0x0,
    0xe, 0x70, 0x0, 0x0, 0x0, 0xf, 0x50, 0x0,
    0xe7, 0x0, 0x0, 0x77, 0x77, 0xf5, 0x0, 0xe,
    0xb7, 0x77, 0x3e, 0xee, 0xef, 0x50, 0x0, 0xef,
    0xee, 0xe6, 0x0, 0x0, 0xf5, 0x0, 0xe, 0x70,
    0x0, 0x0, 0x0, 0xf, 0x50, 0x0, 0xe7, 0x0,
    0x0,

    /* U+9762 "面" */
    0xff, 0xff, 0xff, 0xff, 0xff, 0xff, 0xff, 0xa5,
    0x55, 0x55, 0x58, 0xf5, 0x55, 0x55, 0x53, 0x0,
    0x0, 0x7, 0xaa, 0x0, 0x0, 0x0, 0x5, 0x55,
    0x55, 0xcc, 0x55, 0x55, 0x55, 0x53, 0xff, 0xff,
    0xff, 0xff, 0xff, 0xff, 0xff, 0xaf, 0x50, 0xf,
    0x50, 0x0, 0xaa, 0x0, 0xaa, 0xf5, 0x0, 0xfa,
    0x77, 0x7c, 0xa0, 0xa, 0xaf, 0x50, 0xf, 0xee,
    0xee, 0xfa, 0x0, 0xaa, 0xf5, 0x0, 0xf5, 0x0,
    0xa, 0xa0, 0xa, 0xaf, 0x50, 0xf, 0x50, 0x0,
    0xaa, 0x0, 0xaa, 0xf5, 0x0, 0xfa, 0x77, 0x7c,
    0xa0, 0xa, 0xaf, 0x50, 0xf, 0xee, 0xee, 0xfa,
    0x0, 0xaa, 0xf8, 0x55, 0xf8, 0x55, 0x5c, 0xc5,
    0x5c, 0xaf, 0xff, 0xff, 0xff, 0xff, 0xff, 0xff,
    0xfa,

    /* U+97E9 "韩" */
    0x0, 0x5f, 0x0, 0x0, 0x0, 0x5f, 0x0, 0xf,
    0xff, 0xff, 0xfa, 0x0, 0x5, 0xf0, 0x0, 0x55,
    0x8f, 0x55, 0x30, 0xaa, 0xcf, 0xaa, 0x75, 0x58,
    0xf5, 0x53, 0xa, 0xac, 0xfa, 0xa7, 0xff, 0xff,
    0xff, 0xa0, 0x0, 0x5f, 0x0, 0xf, 0x50, 0x0,
    0xaa, 0xf, 0xff, 0xff, 0xfa, 0xfa, 0x77, 0x7c,
    0xa0, 0x88, 0xbf, 0x88, 0x5f, 0xee, 0xee, 0xfa,
    0x1, 0x16, 0xf1, 0x11, 0xf5, 0x0, 0xa, 0xa0,
    0xff, 0xff, 0xff, 0xaf, 0xff, 0xff, 0xfa, 0x0,
    0x5, 0xf0, 0xaa, 0x55, 0x8f, 0x55, 0x30, 0x0,
    0x5f, 0xa, 0xa5, 0x58, 0xf5, 0x53, 0x0, 0x5,
    0xf5, 0xca, 0xff, 0xff, 0xff, 0xa0, 0x0, 0x5f,
    0xff, 0xa0, 0x5, 0xf0, 0x0, 0x0, 0x5, 0xf0,
    0x0,

    /* U+97F3 "音" */
    0x0, 0x0, 0x0, 0x5f, 0x0, 0x0, 0x0, 0x0,
    0xaf, 0xff, 0xff, 0xff, 0xff, 0xff, 0x50, 0x3,
    0x8f, 0x55, 0x55, 0x55, 0x8f, 0x51, 0x0, 0x3,
    0xa5, 0x10, 0x0, 0x37, 0xa0, 0x0, 0x0, 0x0,
    0xf5, 0x0, 0xa, 0xa0, 0x0, 0xf, 0xff, 0xff,
    0xff, 0xff, 0xff, 0xff, 0xfa, 0x55, 0x55, 0x55,
    0x55, 0x55, 0x55, 0x55, 0x30, 0x1, 0x55, 0x55,
    0x55, 0x55, 0x50, 0x0, 0x0, 0x5f, 0xff, 0xff,
    0xff, 0xff, 0x0, 0x0, 0x5, 0xf0, 0x0, 0x0,
    0x5, 0xf0, 0x0, 0x0, 0x5f, 0x77, 0x77, 0x77,
    0xaf, 0x0, 0x0, 0x5, 0xfe, 0xee, 0xee, 0xee,
    0xf0, 0x0, 0x0, 0x5f, 0x55, 0x55, 0x55, 0x8f,
    0x0, 0x0, 0x5, 0xff, 0xff, 0xff, 0xff, 0xf0,
    0x0,

    /* U+9875 "页" */
    0xff, 0xff, 0xff, 0xff, 0xff, 0xff, 0xff, 0xa5,
    0x55, 0x55, 0x58, 0xf5, 0x55, 0x55, 0x53, 0x4,
    0x77, 0x77, 0xaf, 0x77, 0x77, 0x72, 0x0, 0xaf,
    0xee, 0xee, 0xee, 0xee, 0xef, 0x50, 0xa, 0xa0,
    0x0, 0x0, 0x0, 0x0, 0xf5, 0x0, 0xaa, 0x0,
    0x5, 0xf0, 0x0, 0xf, 0x50, 0xa, 0xa0, 0x0,
    0x5f, 0x0, 0x0, 0xf5, 0x0, 0xaa, 0x0, 0x5,
    0xf0, 0x0, 0xf, 0x50, 0xa, 0xa0, 0x0, 0x5f,
    0x0, 0x0, 0xf5, 0x0, 0xaa, 0x0, 0x5, 0xf0,
    0x0, 0xf, 0x50, 0x3, 0x30, 0x7, 0x85, 0xa3,
    0x0, 0x51, 0x0, 0x1, 0x55, 0x87, 0xa, 0x75,
    0x50, 0x0, 0x55, 0x8f, 0xf5, 0x0, 0xa, 0xff,
    0x55, 0x3f, 0xfa, 0x0, 0x0, 0x0, 0x0, 0xf,
    0xfa,

    /* U+9876 "顶" */
    0x3f, 0xff, 0xc0, 0xef, 0xff, 0xff, 0xff, 0xf6,
    0x15, 0xea, 0x40, 0x45, 0x55, 0xeb, 0x55, 0x52,
    0x0, 0xe7, 0x0, 0x67, 0x77, 0xfc, 0x77, 0x73,
    0x0, 0xe7, 0x0, 0xee, 0xee, 0xee, 0xee, 0xf6,
    0x0, 0xe7, 0x0, 0xe6, 0x0, 0x0, 0x0, 0xe6,
    0x0, 0xe7, 0x0, 0xe6, 0x0, 0xe9, 0x0, 0xe6,
    0x0, 0xe7, 0x0, 0xe6, 0x0, 0xe9, 0x0, 0xe6,
    0x0, 0xe7, 0x0, 0xe6, 0x0, 0xe9, 0x0, 0xe6,
    0x0, 0xe7, 0x0, 0xe6, 0x0, 0xe9, 0x0, 0xe6,
    0x0, 0xe7, 0x0, 0xe6, 0x0, 0xe9, 0x0, 0xe6,
    0x0, 0xe7, 0x0, 0x42, 0x2a, 0x57, 0x90, 0x42,
    0x0, 0xe7, 0x0, 0x3, 0x6a, 0x14, 0xa5, 0x0,
    0x15, 0xe7, 0x0, 0x4b, 0xc0, 0x0, 0x1f, 0x62,
    0x3f, 0xf7, 0x0, 0xe6, 0x0, 0x0, 0x0, 0xe6,

    /* U+9879 "项" */
    0x0, 0x0, 0x0, 0xef, 0xff, 0xff, 0xff, 0xf6,
    0x2a, 0xaa, 0x80, 0x45, 0x55, 0xeb, 0x55, 0x52,
    0x18, 0xfc, 0x60, 0x67, 0x77, 0xfc, 0x77, 0x73,
    0x0, 0xe7, 0x0, 0xee, 0xee, 0xee, 0xee, 0xf6,
    0x0, 0xe7, 0x0, 0xe6, 0x0, 0x0, 0x0, 0xe6,
    0x0, 0xe7, 0x0, 0xe6, 0x0, 0xb7, 0x0, 0xe6,
    0x0, 0xe7, 0x0, 0xe6, 0x0, 0xe9, 0x0, 0xe6,
    0x0, 0xe7, 0x0, 0xe6, 0x0, 0xe9, 0x0, 0xe6,
    0x0, 0xe7, 0x0, 0xe6, 0x0, 0xe9, 0x0, 0xe6,
    0x0, 0xef, 0xc0, 0xe6, 0x0, 0xe9, 0x0, 0xe6,
    0x2a, 0xfa, 0x40, 0x42, 0x2a, 0x57, 0x90, 0x42,
    0x2a, 0xa4, 0x0, 0x3, 0x6a, 0x14, 0xa5, 0x0,
    0x0, 0x0, 0x0, 0x4b, 0xc0, 0x0, 0x1f, 0x62,
    0x0, 0x0, 0x0, 0xe6, 0x0, 0x0, 0x0, 0xe6,

    /* U+987B "须" */
    0x0, 0x5f, 0xe, 0xff, 0xff, 0xff, 0xff, 0x70,
    0x78, 0x50, 0x45, 0x55, 0xcc, 0x55, 0x52, 0x78,
    0x50, 0x6, 0x77, 0x7d, 0xd7, 0x77, 0x3e, 0x40,
    0x0, 0xef, 0xee, 0xee, 0xee, 0xf7, 0x0, 0x0,
    0xe, 0x70, 0x0, 0x0, 0xe, 0x70, 0x5, 0xf0,
    0xe7, 0x0, 0xaa, 0x0, 0xe7, 0x7, 0x85, 0xe,
    0x70, 0xa, 0xa0, 0xe, 0x75, 0x87, 0x0, 0xe7,
    0x0, 0xaa, 0x0, 0xe7, 0xf5, 0x0, 0xe, 0x70,
    0xa, 0xa0, 0xe, 0x70, 0x0, 0x0, 0xe7, 0x0,
    0xaa, 0x0, 0xe7, 0x0, 0x3a, 0x4, 0x20, 0xa7,
    0x7a, 0x4, 0x20, 0x37, 0xa0, 0x2, 0x5a, 0x33,
    0xa5, 0x0, 0x5c, 0xa0, 0x4, 0xbf, 0x0, 0x0,
    0xf6, 0x2f, 0x50, 0x0, 0xe7, 0x0, 0x0, 0x0,
    0xe7,

    /* U+9891 "频" */
    0x0, 0x5f, 0x0, 0x0, 0xff, 0xff, 0xff, 0x7a,
    0x35, 0xfa, 0xa4, 0x5, 0x58, 0xf5, 0x52, 0xf5,
    0x5f, 0x88, 0x30, 0x77, 0xaf, 0x77, 0x3f, 0x55,
    0xf0, 0x0, 0xf, 0xee, 0xee, 0xf7, 0xf5, 0x5f,
    0x0, 0x0, 0xf5, 0x0, 0xe, 0x7f, 0xff, 0xff,
    0xf7, 0xf, 0x55, 0xf0, 0xe7, 0x55, 0x8f, 0x55,
    0x20, 0xf5, 0x5f, 0xe, 0x70, 0x38, 0xf0, 0x42,
    0xf, 0x55, 0xf0, 0xe7, 0xa, 0xff, 0xe, 0x70,
    0xf5, 0x5f, 0xe, 0x7f, 0x55, 0xf0, 0xe7, 0xf,
    0x55, 0xf0, 0xe7, 0x51, 0x3a, 0x59, 0x40, 0xa3,
    0x5f, 0x9, 0x40, 0x1, 0x5a, 0x10, 0x0, 0x37,
    0xa5, 0x0, 0x55, 0x8f, 0x0, 0x0, 0x5c, 0xa0,
    0xf6, 0x2f, 0xfa, 0x0, 0x0, 0xf, 0x50, 0x0,
    0xe7,

    /* U+9970 "饰" */
    0xa, 0xa0, 0x0, 0x8c, 0x0, 0x0, 0x0, 0x0,
    0xae, 0xb0, 0x8, 0xfb, 0xbb, 0xbb, 0xb5, 0x78,
    0xbf, 0x6, 0x88, 0x8f, 0xc8, 0x88, 0x3e, 0x44,
    0xe0, 0xc6, 0x0, 0xe7, 0x0, 0x0, 0x3, 0x30,
    0x0, 0x0, 0xe, 0x70, 0x0, 0x0, 0xaa, 0x0,
    0xef, 0xff, 0xff, 0xff, 0xf7, 0xa, 0xa0, 0xe,
    0xa5, 0x5e, 0xa5, 0x5e, 0x70, 0xaa, 0x0, 0xe7,
    0x0, 0xe7, 0x0, 0xe7, 0xa, 0xa0, 0xe, 0x70,
    0xe, 0x70, 0xe, 0x70, 0xaa, 0x0, 0xe7, 0x0,
    0xe7, 0x0, 0xe7, 0xa, 0xa0, 0xe, 0x70, 0xe,
    0x70, 0xe, 0x70, 0xac, 0x50, 0xe7, 0x0, 0xe7,
    0x15, 0xe7, 0xa, 0xff, 0xe, 0x70, 0xe, 0x73,
    0xff, 0x70, 0xaa, 0x0, 0x0, 0x0, 0xe7, 0x0,
    0x0,

    /* U+9996 "首" */
    0x0, 0x5f, 0x0, 0x0, 0x0, 0x5f, 0x0, 0x0,
    0x1, 0x5c, 0x40, 0x0, 0x8a, 0x50, 0x0, 0x77,
    0x77, 0xfa, 0x77, 0x7c, 0xd7, 0x77, 0x4e, 0xee,
    0xee, 0xee, 0xfe, 0xee, 0xee, 0xe9, 0x0, 0x0,
    0x0, 0x5f, 0x0, 0x0, 0x0, 0x0, 0xaf, 0xff,
    0xff, 0xff, 0xff, 0xff, 0x50, 0xa, 0xc5, 0x55,
    0x55, 0x55, 0x55, 0xf5, 0x0, 0xac, 0x55, 0x55,
    0x55, 0x55, 0x5f, 0x50, 0xa, 0xff, 0xff, 0xff,
    0xff, 0xff, 0xf5, 0x0, 0xaa, 0x0, 0x0, 0x0,
    0x0, 0xf, 0x50, 0xa, 0xd7, 0x77, 0x77, 0x77,
    0x77, 0xf5, 0x0, 0xaf, 0xee, 0xee, 0xee, 0xee,
    0xef, 0x50, 0xa, 0xc5, 0x55, 0x55, 0x55, 0x55,
    0xf5, 0x0, 0xaf, 0xff, 0xff, 0xff, 0xff, 0xff,
    0x50,

    /* U+9999 "香" */
    0x0, 0x0, 0x0, 0x0, 0xff, 0xff, 0xf5, 0x0,
    0xaf, 0xff, 0xff, 0xf5, 0x55, 0x55, 0x10, 0x3,
    0x55, 0x55, 0x8f, 0x0, 0x0, 0x0, 0x5, 0x55,
    0x55, 0x58, 0xf5, 0x55, 0x55, 0x53, 0xff, 0xff,
    0xff, 0xff, 0xff, 0xff, 0xff, 0xa0, 0x0, 0xf,
    0x55, 0xf0, 0xaa, 0x0, 0x0, 0x0, 0x5f, 0x51,
    0x5f, 0x3, 0x8f, 0x0, 0x5, 0x58, 0xf5, 0x58,
    0xf5, 0x58, 0xf5, 0x53, 0xff, 0xff, 0xff, 0xff,
    0xff, 0xff, 0xff, 0xa0, 0x5, 0xf0, 0x0, 0x0,
    0x5, 0xf0, 0x0, 0x0, 0x5f, 0x77, 0x77, 0x77,
    0xaf, 0x0, 0x0, 0x5, 0xfe, 0xee, 0xee, 0xee,
    0xf0, 0x0, 0x0, 0x5f, 0x55, 0x55, 0x55, 0x8f,
    0x0, 0x0, 0x5, 0xff, 0xff, 0xff, 0xff, 0xf0,
    0x0,

    /* U+9A6C "马" */
    0xa, 0xff, 0xff, 0xff, 0xff, 0xff, 0x0, 0x0,
    0x35, 0x55, 0x55, 0x55, 0x58, 0xf0, 0x0, 0x0,
    0x27, 0x0, 0x0, 0x0, 0x5f, 0x0, 0x0, 0x5,
    0xf0, 0x0, 0x0, 0x5, 0xf0, 0x0, 0x0, 0x5f,
    0x0, 0x0, 0x0, 0x5f, 0x0, 0x0, 0x5, 0xf0,
    0x0, 0x0, 0x5, 0xf0, 0x0, 0x0, 0x5f, 0x77,
    0x77, 0x77, 0xaf, 0x77, 0x30, 0x4, 0xee, 0xee,
    0xee, 0xee, 0xee, 0xf7, 0x0, 0x0, 0x0, 0x0,
    0x0, 0x0, 0xe, 0x70, 0x0, 0x0, 0x0, 0x0,
    0x0, 0x0, 0xe7, 0x77, 0x77, 0x77, 0x77, 0x77,
    0x40, 0xe, 0x7e, 0xee, 0xee, 0xee, 0xee, 0xe9,
    0x0, 0xe7, 0x0, 0x0, 0x0, 0x0, 0x3, 0x55,
    0x5b, 0x40, 0x0, 0x0, 0x0, 0x0, 0xaf, 0xff,
    0x50,

    /* U+9ED1 "黑" */
    0xa, 0xff, 0xff, 0xff, 0xff, 0xff, 0xf5, 0x0,
    0xac, 0x55, 0x58, 0xf5, 0x55, 0x5f, 0x50, 0xa,
    0xa0, 0x72, 0x5f, 0x4, 0x40, 0xf5, 0x0, 0xaa,
    0xe, 0x45, 0xf0, 0x99, 0xf, 0x50, 0xa, 0xa0,
    0x0, 0x5f, 0x0, 0x0, 0xf5, 0x0, 0xaf, 0xff,
    0xff, 0xff, 0xff, 0xff, 0x50, 0x3, 0x55, 0x55,
    0x8f, 0x55, 0x55, 0x51, 0x0, 0x35, 0x55, 0x58,
    0xf5, 0x55, 0x55, 0x10, 0xa, 0xff, 0xff, 0xff,
    0xff, 0xff, 0xf5, 0x0, 0x0, 0x0, 0x5, 0xf0,
    0x0, 0x0, 0x0, 0x77, 0x77, 0x77, 0xaf, 0x77,
    0x77, 0x77, 0x4e, 0xff, 0xef, 0xee, 0xef, 0xee,
    0xef, 0xe9, 0x5c, 0xa0, 0xf8, 0x30, 0xf8, 0x30,
    0xf8, 0x3f, 0x72, 0x3, 0xba, 0x3, 0xba, 0x3,
    0xba,

    /* U+9F99 "龙" */
    0x0, 0x0, 0xa, 0xa0, 0xa, 0xa0, 0x0, 0x0,
    0x0, 0x0, 0xaa, 0x0, 0x37, 0xc0, 0x0, 0x77,
    0x77, 0x7d, 0xd7, 0x77, 0xaf, 0x77, 0x4e, 0xee,
    0xee, 0xff, 0xef, 0xee, 0xee, 0xe9, 0x0, 0x0,
    0xa, 0xa0, 0xf5, 0x0, 0x0, 0x0, 0x0, 0x0,
    0xaa, 0xf, 0x50, 0x0, 0x0, 0x0, 0x0, 0xaa,
    0x70, 0xf5, 0x0, 0xa3, 0x0, 0x0, 0xf, 0x50,
    0xf, 0x51, 0x5a, 0x30, 0x0, 0x0, 0xf5, 0x0,
    0xf5, 0x5f, 0x0, 0x0, 0x5, 0xf0, 0x0, 0xf,
    0xfa, 0x0, 0x0, 0x0, 0x5f, 0x0, 0x0, 0xf5,
    0x0, 0xa, 0xa0, 0x37, 0xa0, 0x1, 0x5f, 0x50,
    0x0, 0xaa, 0x5c, 0xa0, 0x3, 0x8f, 0xf8, 0x55,
    0x5c, 0xaf, 0x50, 0x0, 0xaa, 0x0, 0xaf, 0xff,
    0xfa,

    /* U+FF01 "！" */
    0x9, 0xc0, 0x9, 0xde, 0xa1, 0xef, 0xff, 0x1e,
    0xff, 0xf1, 0xef, 0xff, 0x14, 0xbd, 0x50, 0x9,
    0xc0, 0x0, 0x9c, 0x0, 0x9, 0xc0, 0x0, 0x24,
    0x0, 0x2, 0x40, 0x0, 0x9c, 0x0,

    /* U+FF08 "（" */
    0x0, 0xc, 0x90, 0x8f, 0x72, 0x8, 0xf3, 0x4,
    0x8a, 0x20, 0xe7, 0x0, 0xe, 0x70, 0x0, 0xe7,
    0x0, 0xe, 0x70, 0x0, 0xe7, 0x0, 0xe, 0x70,
    0x0, 0x48, 0xa2, 0x0, 0x8f, 0x30, 0x8, 0xf7,
    0x20, 0x0, 0xc9,

    /* U+FF09 "）" */
    0xe7, 0x0, 0x4, 0xbf, 0x30, 0x8, 0xf3, 0x0,
    0x5a, 0x62, 0x0, 0xc, 0x90, 0x0, 0xc9, 0x0,
    0xc, 0x90, 0x0, 0xc9, 0x0, 0xc, 0x90, 0x0,
    0xc9, 0x5, 0xa6, 0x20, 0x8f, 0x30, 0x4b, 0xf3,
    0xe, 0x70, 0x0,

    /* U+FF0C "，" */
    0x5f, 0xf5, 0x5f, 0xf5, 0x3a, 0xf5, 0x15, 0xf5,
    0x5f, 0x0,

    /* U+FF1A "：" */
    0x1a, 0xa5, 0x1f, 0xf8, 0x1f, 0xf8, 0x0, 0x0,
    0x0, 0x0, 0x0, 0x0, 0x0, 0x0, 0x0, 0x0,
    0x1a, 0xa5, 0x1f, 0xf8, 0x1f, 0xf8,

    /* U+FF1B "；" */
    0x1a, 0xa5, 0x1f, 0xf8, 0x1f, 0xf8, 0x0, 0x0,
    0x0, 0x0, 0x0, 0x0, 0x0, 0x0, 0x1f, 0xf8,
    0x1f, 0xf8, 0x1a, 0xe8, 0x5, 0xd8, 0x1f, 0x30,

    /* U+FF1F "？" */
    0x2, 0x33, 0x30, 0x0, 0xaf, 0xff, 0x10, 0xe5,
    0x11, 0x1c, 0x6f, 0x50, 0x0, 0xe7, 0xc4, 0x0,
    0xe, 0x70, 0x0, 0x0, 0xe7, 0x0, 0x2, 0xe3,
    0x0, 0x3, 0x87, 0x0, 0x0, 0x6d, 0x0, 0x0,
    0x6, 0xd0, 0x0, 0x0, 0x1, 0x0, 0x0, 0x2,
    0x40, 0x0, 0x0, 0x6d, 0x0, 0x0,

    /* U+FF5C "｜" */
    0x5f, 0x5f, 0x5f, 0x5f, 0x5f, 0x5f, 0x5f, 0x5f,
    0x5f, 0x5f, 0x5f, 0x5f, 0x5f, 0x5f
};


/*---------------------
 *  GLYPH DESCRIPTION
 *--------------------*/

static const lv_font_fmt_txt_glyph_dsc_t glyph_dsc[] = {
    {.bitmap_index = 0, .adv_w = 0, .box_w = 0, .box_h = 0, .ofs_x = 0, .ofs_y = 0} /* id = 0 reserved */,
    {.bitmap_index = 0, .adv_w = 128, .box_w = 0, .box_h = 0, .ofs_x = 0, .ofs_y = 0},
    {.bitmap_index = 0, .adv_w = 85, .box_w = 2, .box_h = 12, .ofs_x = 1, .ofs_y = 0},
    {.bitmap_index = 12, .adv_w = 128, .box_w = 5, .box_h = 4, .ofs_x = 1, .ofs_y = 8},
    {.bitmap_index = 22, .adv_w = 149, .box_w = 8, .box_h = 12, .ofs_x = 0, .ofs_y = 0},
    {.bitmap_index = 70, .adv_w = 128, .box_w = 7, .box_h = 16, .ofs_x = 0, .ofs_y = -2},
    {.bitmap_index = 126, .adv_w = 171, .box_w = 10, .box_h = 12, .ofs_x = 0, .ofs_y = 0},
    {.bitmap_index = 186, .adv_w = 149, .box_w = 8, .box_h = 12, .ofs_x = 0, .ofs_y = 0},
    {.bitmap_index = 234, .adv_w = 85, .box_w = 2, .box_h = 4, .ofs_x = 1, .ofs_y = 8},
    {.bitmap_index = 238, .adv_w = 128, .box_w = 5, .box_h = 16, .ofs_x = 1, .ofs_y = -2},
    {.bitmap_index = 278, .adv_w = 128, .box_w = 5, .box_h = 16, .ofs_x = 1, .ofs_y = -2},
    {.bitmap_index = 318, .adv_w = 128, .box_w = 7, .box_h = 7, .ofs_x = 0, .ofs_y = 1},
    {.bitmap_index = 343, .adv_w = 128, .box_w = 7, .box_h = 7, .ofs_x = 0, .ofs_y = 1},
    {.bitmap_index = 368, .adv_w = 85, .box_w = 3, .box_h = 4, .ofs_x = 0, .ofs_y = -3},
    {.bitmap_index = 374, .adv_w = 128, .box_w = 7, .box_h = 3, .ofs_x = 0, .ofs_y = 3},
    {.bitmap_index = 385, .adv_w = 85, .box_w = 2, .box_h = 2, .ofs_x = 1, .ofs_y = 0},
    {.bitmap_index = 387, .adv_w = 128, .box_w = 7, .box_h = 15, .ofs_x = 0, .ofs_y = -2},
    {.bitmap_index = 440, .adv_w = 128, .box_w = 7, .box_h = 12, .ofs_x = 0, .ofs_y = 0},
    {.bitmap_index = 482, .adv_w = 128, .box_w = 5, .box_h = 12, .ofs_x = 1, .ofs_y = 0},
    {.bitmap_index = 512, .adv_w = 128, .box_w = 7, .box_h = 12, .ofs_x = 0, .ofs_y = 0},
    {.bitmap_index = 554, .adv_w = 128, .box_w = 7, .box_h = 12, .ofs_x = 0, .ofs_y = 0},
    {.bitmap_index = 596, .adv_w = 128, .box_w = 7, .box_h = 12, .ofs_x = 0, .ofs_y = 0},
    {.bitmap_index = 638, .adv_w = 128, .box_w = 7, .box_h = 12, .ofs_x = 0, .ofs_y = 0},
    {.bitmap_index = 680, .adv_w = 128, .box_w = 7, .box_h = 12, .ofs_x = 0, .ofs_y = 0},
    {.bitmap_index = 722, .adv_w = 128, .box_w = 7, .box_h = 12, .ofs_x = 0, .ofs_y = 0},
    {.bitmap_index = 764, .adv_w = 128, .box_w = 7, .box_h = 12, .ofs_x = 0, .ofs_y = 0},
    {.bitmap_index = 806, .adv_w = 128, .box_w = 7, .box_h = 12, .ofs_x = 0, .ofs_y = 0},
    {.bitmap_index = 848, .adv_w = 85, .box_w = 2, .box_h = 8, .ofs_x = 1, .ofs_y = 0},
    {.bitmap_index = 856, .adv_w = 85, .box_w = 3, .box_h = 11, .ofs_x = 0, .ofs_y = -3},
    {.bitmap_index = 873, .adv_w = 107, .box_w = 6, .box_h = 10, .ofs_x = 0, .ofs_y = 0},
    {.bitmap_index = 903, .adv_w = 128, .box_w = 7, .box_h = 6, .ofs_x = 0, .ofs_y = 2},
    {.bitmap_index = 924, .adv_w = 107, .box_w = 6, .box_h = 10, .ofs_x = 0, .ofs_y = 0},
    {.bitmap_index = 954, .adv_w = 128, .box_w = 7, .box_h = 12, .ofs_x = 0, .ofs_y = 0},
    {.bitmap_index = 996, .adv_w = 171, .box_w = 10, .box_h = 14, .ofs_x = 0, .ofs_y = -2},
    {.bitmap_index = 1066, .adv_w = 171, .box_w = 10, .box_h = 12, .ofs_x = 0, .ofs_y = 0},
    {.bitmap_index = 1126, .adv_w = 149, .box_w = 8, .box_h = 12, .ofs_x = 0, .ofs_y = 0},
    {.bitmap_index = 1174, .adv_w = 149, .box_w = 8, .box_h = 12, .ofs_x = 0, .ofs_y = 0},
    {.bitmap_index = 1222, .adv_w = 149, .box_w = 8, .box_h = 12, .ofs_x = 0, .ofs_y = 0},
    {.bitmap_index = 1270, .adv_w = 149, .box_w = 8, .box_h = 12, .ofs_x = 0, .ofs_y = 0},
    {.bitmap_index = 1318, .adv_w = 149, .box_w = 8, .box_h = 12, .ofs_x = 0, .ofs_y = 0},
    {.bitmap_index = 1366, .adv_w = 149, .box_w = 8, .box_h = 12, .ofs_x = 0, .ofs_y = 0},
    {.bitmap_index = 1414, .adv_w = 149, .box_w = 8, .box_h = 12, .ofs_x = 0, .ofs_y = 0},
    {.bitmap_index = 1462, .adv_w = 85, .box_w = 4, .box_h = 12, .ofs_x = 0, .ofs_y = 0},
    {.bitmap_index = 1486, .adv_w = 128, .box_w = 7, .box_h = 12, .ofs_x = 0, .ofs_y = 0},
    {.bitmap_index = 1528, .adv_w = 149, .box_w = 8, .box_h = 12, .ofs_x = 0, .ofs_y = 0},
    {.bitmap_index = 1576, .adv_w = 128, .box_w = 7, .box_h = 12, .ofs_x = 0, .ofs_y = 0},
    {.bitmap_index = 1618, .adv_w = 171, .box_w = 10, .box_h = 12, .ofs_x = 0, .ofs_y = 0},
    {.bitmap_index = 1678, .adv_w = 149, .box_w = 8, .box_h = 12, .ofs_x = 0, .ofs_y = 0},
    {.bitmap_index = 1726, .adv_w = 171, .box_w = 10, .box_h = 12, .ofs_x = 0, .ofs_y = 0},
    {.bitmap_index = 1786, .adv_w = 149, .box_w = 8, .box_h = 12, .ofs_x = 0, .ofs_y = 0},
    {.bitmap_index = 1834, .adv_w = 171, .box_w = 10, .box_h = 12, .ofs_x = 0, .ofs_y = 0},
    {.bitmap_index = 1894, .adv_w = 149, .box_w = 8, .box_h = 12, .ofs_x = 0, .ofs_y = 0},
    {.bitmap_index = 1942, .adv_w = 149, .box_w = 8, .box_h = 12, .ofs_x = 0, .ofs_y = 0},
    {.bitmap_index = 1990, .adv_w = 171, .box_w = 10, .box_h = 12, .ofs_x = 0, .ofs_y = 0},
    {.bitmap_index = 2050, .adv_w = 149, .box_w = 8, .box_h = 12, .ofs_x = 0, .ofs_y = 0},
    {.bitmap_index = 2098, .adv_w = 171, .box_w = 10, .box_h = 12, .ofs_x = 0, .ofs_y = 0},
    {.bitmap_index = 2158, .adv_w = 213, .box_w = 12, .box_h = 12, .ofs_x = 0, .ofs_y = 0},
    {.bitmap_index = 2230, .adv_w = 171, .box_w = 10, .box_h = 12, .ofs_x = 0, .ofs_y = 0},
    {.bitmap_index = 2290, .adv_w = 171, .box_w = 10, .box_h = 12, .ofs_x = 0, .ofs_y = 0},
    {.bitmap_index = 2350, .adv_w = 149, .box_w = 8, .box_h = 12, .ofs_x = 0, .ofs_y = 0},
    {.bitmap_index = 2398, .adv_w = 128, .box_w = 5, .box_h = 16, .ofs_x = 1, .ofs_y = -2},
    {.bitmap_index = 2438, .adv_w = 128, .box_w = 7, .box_h = 15, .ofs_x = 0, .ofs_y = -2},
    {.bitmap_index = 2491, .adv_w = 128, .box_w = 5, .box_h = 16, .ofs_x = 1, .ofs_y = -2},
    {.bitmap_index = 2531, .adv_w = 128, .box_w = 7, .box_h = 6, .ofs_x = 0, .ofs_y = 7},
    {.bitmap_index = 2552, .adv_w = 128, .box_w = 7, .box_h = 3, .ofs_x = 0, .ofs_y = -3},
    {.bitmap_index = 2563, .adv_w = 107, .box_w = 3, .box_h = 4, .ofs_x = 1, .ofs_y = 9},
    {.bitmap_index = 2569, .adv_w = 128, .box_w = 7, .box_h = 8, .ofs_x = 0, .ofs_y = 0},
    {.bitmap_index = 2597, .adv_w = 128, .box_w = 7, .box_h = 12, .ofs_x = 0, .ofs_y = 0},
    {.bitmap_index = 2639, .adv_w = 128, .box_w = 7, .box_h = 8, .ofs_x = 0, .ofs_y = 0},
    {.bitmap_index = 2667, .adv_w = 128, .box_w = 7, .box_h = 12, .ofs_x = 0, .ofs_y = 0},
    {.bitmap_index = 2709, .adv_w = 128, .box_w = 7, .box_h = 8, .ofs_x = 0, .ofs_y = 0},
    {.bitmap_index = 2737, .adv_w = 107, .box_w = 6, .box_h = 12, .ofs_x = 0, .ofs_y = 0},
    {.bitmap_index = 2773, .adv_w = 128, .box_w = 7, .box_h = 11, .ofs_x = 0, .ofs_y = -3},
    {.bitmap_index = 2812, .adv_w = 128, .box_w = 7, .box_h = 12, .ofs_x = 0, .ofs_y = 0},
    {.bitmap_index = 2854, .adv_w = 85, .box_w = 4, .box_h = 12, .ofs_x = 0, .ofs_y = 0},
    {.bitmap_index = 2878, .adv_w = 85, .box_w = 4, .box_h = 15, .ofs_x = 0, .ofs_y = -3},
    {.bitmap_index = 2908, .adv_w = 128, .box_w = 7, .box_h = 12, .ofs_x = 0, .ofs_y = 0},
    {.bitmap_index = 2950, .adv_w = 85, .box_w = 4, .box_h = 12, .ofs_x = 0, .ofs_y = 0},
    {.bitmap_index = 2974, .adv_w = 171, .box_w = 10, .box_h = 8, .ofs_x = 0, .ofs_y = 0},
    {.bitmap_index = 3014, .adv_w = 128, .box_w = 7, .box_h = 8, .ofs_x = 0, .ofs_y = 0},
    {.bitmap_index = 3042, .adv_w = 128, .box_w = 7, .box_h = 8, .ofs_x = 0, .ofs_y = 0},
    {.bitmap_index = 3070, .adv_w = 128, .box_w = 7, .box_h = 11, .ofs_x = 0, .ofs_y = -3},
    {.bitmap_index = 3109, .adv_w = 128, .box_w = 7, .box_h = 11, .ofs_x = 0, .ofs_y = -3},
    {.bitmap_index = 3148, .adv_w = 107, .box_w = 6, .box_h = 8, .ofs_x = 0, .ofs_y = 0},
    {.bitmap_index = 3172, .adv_w = 128, .box_w = 7, .box_h = 8, .ofs_x = 0, .ofs_y = 0},
    {.bitmap_index = 3200, .adv_w = 107, .box_w = 6, .box_h = 12, .ofs_x = 0, .ofs_y = 0},
    {.bitmap_index = 3236, .adv_w = 128, .box_w = 7, .box_h = 8, .ofs_x = 0, .ofs_y = 0},
    {.bitmap_index = 3264, .adv_w = 128, .box_w = 7, .box_h = 8, .ofs_x = 0, .ofs_y = 0},
    {.bitmap_index = 3292, .adv_w = 171, .box_w = 10, .box_h = 8, .ofs_x = 0, .ofs_y = 0},
    {.bitmap_index = 3332, .adv_w = 128, .box_w = 7, .box_h = 8, .ofs_x = 0, .ofs_y = 0},
    {.bitmap_index = 3360, .adv_w = 128, .box_w = 7, .box_h = 11, .ofs_x = 0, .ofs_y = -3},
    {.bitmap_index = 3399, .adv_w = 128, .box_w = 7, .box_h = 8, .ofs_x = 0, .ofs_y = 0},
    {.bitmap_index = 3427, .adv_w = 149, .box_w = 6, .box_h = 16, .ofs_x = 1, .ofs_y = -2},
    {.bitmap_index = 3475, .adv_w = 85, .box_w = 2, .box_h = 15, .ofs_x = 1, .ofs_y = -1},
    {.bitmap_index = 3490, .adv_w = 149, .box_w = 6, .box_h = 16, .ofs_x = 1, .ofs_y = -2},
    {.bitmap_index = 3538, .adv_w = 128, .box_w = 7, .box_h = 6, .ofs_x = 0, .ofs_y = 3},
    {.bitmap_index = 3559, .adv_w = 256, .box_w = 13, .box_h = 14, .ofs_x = 1, .ofs_y = -1},
    {.bitmap_index = 3650, .adv_w = 256, .box_w = 4, .box_h = 3, .ofs_x = 6, .ofs_y = 4},
    {.bitmap_index = 3656, .adv_w = 128, .box_w = 7, .box_h = 7, .ofs_x = 0, .ofs_y = 1},
    {.bitmap_index = 3681, .adv_w = 256, .box_w = 15, .box_h = 3, .ofs_x = 0, .ofs_y = 5},
    {.bitmap_index = 3704, .adv_w = 256, .box_w = 5, .box_h = 15, .ofs_x = 5, .ofs_y = -1},
    {.bitmap_index = 3742, .adv_w = 256, .box_w = 14, .box_h = 3, .ofs_x = 1, .ofs_y = 4},
    {.bitmap_index = 3763, .adv_w = 77, .box_w = 4, .box_h = 7, .ofs_x = 0, .ofs_y = 1},
    {.bitmap_index = 3777, .adv_w = 256, .box_w = 15, .box_h = 8, .ofs_x = 0, .ofs_y = 2},
    {.bitmap_index = 3837, .adv_w = 256, .box_w = 15, .box_h = 8, .ofs_x = 0, .ofs_y = 2},
    {.bitmap_index = 3897, .adv_w = 256, .box_w = 15, .box_h = 14, .ofs_x = 0, .ofs_y = -1},
    {.bitmap_index = 4002, .adv_w = 256, .box_w = 15, .box_h = 14, .ofs_x = 0, .ofs_y = -1},
    {.bitmap_index = 4107, .adv_w = 256, .box_w = 15, .box_h = 14, .ofs_x = 0, .ofs_y = -1},
    {.bitmap_index = 4212, .adv_w = 256, .box_w = 15, .box_h = 14, .ofs_x = 0, .ofs_y = -1},
    {.bitmap_index = 4317, .adv_w = 256, .box_w = 15, .box_h = 14, .ofs_x = 0, .ofs_y = -1},
    {.bitmap_index = 4422, .adv_w = 256, .box_w = 15, .box_h = 14, .ofs_x = 0, .ofs_y = -1},
    {.bitmap_index = 4527, .adv_w = 256, .box_w = 15, .box_h = 14, .ofs_x = 0, .ofs_y = -1},
    {.bitmap_index = 4632, .adv_w = 256, .box_w = 0, .box_h = 0, .ofs_x = 0, .ofs_y = 0},
    {.bitmap_index = 4632, .adv_w = 256, .box_w = 5, .box_h = 4, .ofs_x = 1, .ofs_y = -1},
    {.bitmap_index = 4642, .adv_w = 256, .box_w = 6, .box_h = 5, .ofs_x = 1, .ofs_y = -1},
    {.bitmap_index = 4657, .adv_w = 256, .box_w = 6, .box_h = 11, .ofs_x = 8, .ofs_y = 2},
    {.bitmap_index = 4690, .adv_w = 256, .box_w = 6, .box_h = 11, .ofs_x = 1, .ofs_y = -1},
    {.bitmap_index = 4723, .adv_w = 256, .box_w = 8, .box_h = 14, .ofs_x = 6, .ofs_y = -1},
    {.bitmap_index = 4779, .adv_w = 256, .box_w = 7, .box_h = 14, .ofs_x = 1, .ofs_y = -1},
    {.bitmap_index = 4828, .adv_w = 256, .box_w = 15, .box_h = 2, .ofs_x = 0, .ofs_y = 5},
    {.bitmap_index = 4843, .adv_w = 256, .box_w = 15, .box_h = 14, .ofs_x = 0, .ofs_y = -1},
    {.bitmap_index = 4948, .adv_w = 256, .box_w = 15, .box_h = 14, .ofs_x = 0, .ofs_y = -1},
    {.bitmap_index = 5053, .adv_w = 256, .box_w = 15, .box_h = 14, .ofs_x = 0, .ofs_y = -1},
    {.bitmap_index = 5158, .adv_w = 256, .box_w = 15, .box_h = 14, .ofs_x = 0, .ofs_y = -1},
    {.bitmap_index = 5263, .adv_w = 256, .box_w = 15, .box_h = 14, .ofs_x = 0, .ofs_y = -1},
    {.bitmap_index = 5368, .adv_w = 256, .box_w = 15, .box_h = 14, .ofs_x = 0, .ofs_y = -1},
    {.bitmap_index = 5473, .adv_w = 256, .box_w = 15, .box_h = 14, .ofs_x = 0, .ofs_y = -1},
    {.bitmap_index = 5578, .adv_w = 256, .box_w = 15, .box_h = 14, .ofs_x = 0, .ofs_y = -1},
    {.bitmap_index = 5683, .adv_w = 256, .box_w = 15, .box_h = 14, .ofs_x = 0, .ofs_y = -1},
    {.bitmap_index = 5788, .adv_w = 256, .box_w = 15, .box_h = 14, .ofs_x = 0, .ofs_y = -1},
    {.bitmap_index = 5893, .adv_w = 256, .box_w = 15, .box_h = 14, .ofs_x = 0, .ofs_y = -1},
    {.bitmap_index = 5998, .adv_w = 256, .box_w = 15, .box_h = 14, .ofs_x = 0, .ofs_y = -1},
    {.bitmap_index = 6103, .adv_w = 256, .box_w = 15, .box_h = 14, .ofs_x = 0, .ofs_y = -1},
    {.bitmap_index = 6208, .adv_w = 256, .box_w = 15, .box_h = 14, .ofs_x = 0, .ofs_y = -1},
    {.bitmap_index = 6313, .adv_w = 256, .box_w = 15, .box_h = 14, .ofs_x = 0, .ofs_y = -1},
    {.bitmap_index = 6418, .adv_w = 256, .box_w = 15, .box_h = 14, .ofs_x = 0, .ofs_y = -1},
    {.bitmap_index = 6523, .adv_w = 256, .box_w = 15, .box_h = 14, .ofs_x = 0, .ofs_y = -1},
    {.bitmap_index = 6628, .adv_w = 256, .box_w = 15, .box_h = 14, .ofs_x = 0, .ofs_y = -1},
    {.bitmap_index = 6733, .adv_w = 256, .box_w = 15, .box_h = 14, .ofs_x = 0, .ofs_y = -1},
    {.bitmap_index = 6838, .adv_w = 256, .box_w = 13, .box_h = 14, .ofs_x = 1, .ofs_y = -1},
    {.bitmap_index = 6929, .adv_w = 256, .box_w = 15, .box_h = 14, .ofs_x = 0, .ofs_y = -1},
    {.bitmap_index = 7034, .adv_w = 256, .box_w = 15, .box_h = 12, .ofs_x = 0, .ofs_y = 0},
    {.bitmap_index = 7124, .adv_w = 256, .box_w = 15, .box_h = 14, .ofs_x = 0, .ofs_y = -1},
    {.bitmap_index = 7229, .adv_w = 256, .box_w = 15, .box_h = 14, .ofs_x = 0, .ofs_y = -1},
    {.bitmap_index = 7334, .adv_w = 256, .box_w = 15, .box_h = 14, .ofs_x = 0, .ofs_y = -1},
    {.bitmap_index = 7439, .adv_w = 256, .box_w = 15, .box_h = 14, .ofs_x = 0, .ofs_y = -1},
    {.bitmap_index = 7544, .adv_w = 256, .box_w = 15, .box_h = 14, .ofs_x = 0, .ofs_y = -1},
    {.bitmap_index = 7649, .adv_w = 256, .box_w = 15, .box_h = 14, .ofs_x = 0, .ofs_y = -1},
    {.bitmap_index = 7754, .adv_w = 256, .box_w = 15, .box_h = 14, .ofs_x = 0, .ofs_y = -1},
    {.bitmap_index = 7859, .adv_w = 256, .box_w = 15, .box_h = 14, .ofs_x = 0, .ofs_y = -1},
    {.bitmap_index = 7964, .adv_w = 256, .box_w = 15, .box_h = 14, .ofs_x = 0, .ofs_y = -1},
    {.bitmap_index = 8069, .adv_w = 256, .box_w = 16, .box_h = 14, .ofs_x = -1, .ofs_y = -1},
    {.bitmap_index = 8181, .adv_w = 256, .box_w = 15, .box_h = 14, .ofs_x = 0, .ofs_y = -1},
    {.bitmap_index = 8286, .adv_w = 256, .box_w = 16, .box_h = 14, .ofs_x = -1, .ofs_y = -1},
    {.bitmap_index = 8398, .adv_w = 256, .box_w = 15, .box_h = 14, .ofs_x = 0, .ofs_y = -1},
    {.bitmap_index = 8503, .adv_w = 256, .box_w = 16, .box_h = 14, .ofs_x = -1, .ofs_y = -1},
    {.bitmap_index = 8615, .adv_w = 256, .box_w = 14, .box_h = 14, .ofs_x = 1, .ofs_y = -1},
    {.bitmap_index = 8713, .adv_w = 256, .box_w = 16, .box_h = 14, .ofs_x = -1, .ofs_y = -1},
    {.bitmap_index = 8825, .adv_w = 256, .box_w = 16, .box_h = 14, .ofs_x = -1, .ofs_y = -1},
    {.bitmap_index = 8937, .adv_w = 256, .box_w = 16, .box_h = 14, .ofs_x = -1, .ofs_y = -1},
    {.bitmap_index = 9049, .adv_w = 256, .box_w = 16, .box_h = 14, .ofs_x = -1, .ofs_y = -1},
    {.bitmap_index = 9161, .adv_w = 256, .box_w = 15, .box_h = 14, .ofs_x = 0, .ofs_y = -1},
    {.bitmap_index = 9266, .adv_w = 256, .box_w = 16, .box_h = 14, .ofs_x = -1, .ofs_y = -1},
    {.bitmap_index = 9378, .adv_w = 256, .box_w = 16, .box_h = 14, .ofs_x = -1, .ofs_y = -1},
    {.bitmap_index = 9490, .adv_w = 256, .box_w = 16, .box_h = 14, .ofs_x = -1, .ofs_y = -1},
    {.bitmap_index = 9602, .adv_w = 256, .box_w = 16, .box_h = 14, .ofs_x = -1, .ofs_y = -1},
    {.bitmap_index = 9714, .adv_w = 256, .box_w = 16, .box_h = 14, .ofs_x = -1, .ofs_y = -1},
    {.bitmap_index = 9826, .adv_w = 256, .box_w = 16, .box_h = 14, .ofs_x = -1, .ofs_y = -1},
    {.bitmap_index = 9938, .adv_w = 256, .box_w = 16, .box_h = 14, .ofs_x = -1, .ofs_y = -1},
    {.bitmap_index = 10050, .adv_w = 256, .box_w = 15, .box_h = 14, .ofs_x = 0, .ofs_y = -1},
    {.bitmap_index = 10155, .adv_w = 256, .box_w = 16, .box_h = 14, .ofs_x = -1, .ofs_y = -1},
    {.bitmap_index = 10267, .adv_w = 256, .box_w = 16, .box_h = 14, .ofs_x = -1, .ofs_y = -1},
    {.bitmap_index = 10379, .adv_w = 256, .box_w = 16, .box_h = 14, .ofs_x = -1, .ofs_y = -1},
    {.bitmap_index = 10491, .adv_w = 256, .box_w = 16, .box_h = 14, .ofs_x = -1, .ofs_y = -1},
    {.bitmap_index = 10603, .adv_w = 256, .box_w = 16, .box_h = 14, .ofs_x = -1, .ofs_y = -1},
    {.bitmap_index = 10715, .adv_w = 256, .box_w = 16, .box_h = 14, .ofs_x = -1, .ofs_y = -1},
    {.bitmap_index = 10827, .adv_w = 256, .box_w = 16, .box_h = 14, .ofs_x = -1, .ofs_y = -1},
    {.bitmap_index = 10939, .adv_w = 256, .box_w = 16, .box_h = 14, .ofs_x = -1, .ofs_y = -1},
    {.bitmap_index = 11051, .adv_w = 256, .box_w = 16, .box_h = 14, .ofs_x = -1, .ofs_y = -1},
    {.bitmap_index = 11163, .adv_w = 256, .box_w = 16, .box_h = 14, .ofs_x = -1, .ofs_y = -1},
    {.bitmap_index = 11275, .adv_w = 256, .box_w = 16, .box_h = 14, .ofs_x = -1, .ofs_y = -1},
    {.bitmap_index = 11387, .adv_w = 256, .box_w = 16, .box_h = 14, .ofs_x = -1, .ofs_y = -1},
    {.bitmap_index = 11499, .adv_w = 256, .box_w = 16, .box_h = 14, .ofs_x = -1, .ofs_y = -1},
    {.bitmap_index = 11611, .adv_w = 256, .box_w = 16, .box_h = 14, .ofs_x = -1, .ofs_y = -1},
    {.bitmap_index = 11723, .adv_w = 256, .box_w = 16, .box_h = 14, .ofs_x = -1, .ofs_y = -1},
    {.bitmap_index = 11835, .adv_w = 256, .box_w = 15, .box_h = 14, .ofs_x = 0, .ofs_y = -1},
    {.bitmap_index = 11940, .adv_w = 256, .box_w = 15, .box_h = 14, .ofs_x = 0, .ofs_y = -1},
    {.bitmap_index = 12045, .adv_w = 256, .box_w = 15, .box_h = 14, .ofs_x = 0, .ofs_y = -1},
    {.bitmap_index = 12150, .adv_w = 256, .box_w = 15, .box_h = 14, .ofs_x = 0, .ofs_y = -1},
    {.bitmap_index = 12255, .adv_w = 256, .box_w = 15, .box_h = 14, .ofs_x = 0, .ofs_y = -1},
    {.bitmap_index = 12360, .adv_w = 256, .box_w = 15, .box_h = 14, .ofs_x = 0, .ofs_y = -1},
    {.bitmap_index = 12465, .adv_w = 256, .box_w = 15, .box_h = 14, .ofs_x = 0, .ofs_y = -1},
    {.bitmap_index = 12570, .adv_w = 256, .box_w = 15, .box_h = 14, .ofs_x = 0, .ofs_y = -1},
    {.bitmap_index = 12675, .adv_w = 256, .box_w = 15, .box_h = 14, .ofs_x = 0, .ofs_y = -1},
    {.bitmap_index = 12780, .adv_w = 256, .box_w = 15, .box_h = 14, .ofs_x = 0, .ofs_y = -1},
    {.bitmap_index = 12885, .adv_w = 256, .box_w = 15, .box_h = 14, .ofs_x = 0, .ofs_y = -1},
    {.bitmap_index = 12990, .adv_w = 256, .box_w = 15, .box_h = 14, .ofs_x = 0, .ofs_y = -1},
    {.bitmap_index = 13095, .adv_w = 256, .box_w = 15, .box_h = 14, .ofs_x = 0, .ofs_y = -1},
    {.bitmap_index = 13200, .adv_w = 256, .box_w = 15, .box_h = 14, .ofs_x = 0, .ofs_y = -1},
    {.bitmap_index = 13305, .adv_w = 256, .box_w = 15, .box_h = 14, .ofs_x = 0, .ofs_y = -1},
    {.bitmap_index = 13410, .adv_w = 256, .box_w = 15, .box_h = 14, .ofs_x = 0, .ofs_y = -1},
    {.bitmap_index = 13515, .adv_w = 256, .box_w = 15, .box_h = 14, .ofs_x = 0, .ofs_y = -1},
    {.bitmap_index = 13620, .adv_w = 256, .box_w = 15, .box_h = 14, .ofs_x = 0, .ofs_y = -1},
    {.bitmap_index = 13725, .adv_w = 256, .box_w = 15, .box_h = 14, .ofs_x = 0, .ofs_y = -1},
    {.bitmap_index = 13830, .adv_w = 256, .box_w = 15, .box_h = 14, .ofs_x = 0, .ofs_y = -1},
    {.bitmap_index = 13935, .adv_w = 256, .box_w = 15, .box_h = 14, .ofs_x = 0, .ofs_y = -1},
    {.bitmap_index = 14040, .adv_w = 256, .box_w = 15, .box_h = 14, .ofs_x = 0, .ofs_y = -1},
    {.bitmap_index = 14145, .adv_w = 256, .box_w = 15, .box_h = 14, .ofs_x = 0, .ofs_y = -1},
    {.bitmap_index = 14250, .adv_w = 256, .box_w = 16, .box_h = 14, .ofs_x = -1, .ofs_y = -1},
    {.bitmap_index = 14362, .adv_w = 256, .box_w = 15, .box_h = 14, .ofs_x = 0, .ofs_y = -1},
    {.bitmap_index = 14467, .adv_w = 256, .box_w = 15, .box_h = 14, .ofs_x = 0, .ofs_y = -1},
    {.bitmap_index = 14572, .adv_w = 256, .box_w = 15, .box_h = 14, .ofs_x = 0, .ofs_y = -1},
    {.bitmap_index = 14677, .adv_w = 256, .box_w = 15, .box_h = 14, .ofs_x = 0, .ofs_y = -1},
    {.bitmap_index = 14782, .adv_w = 256, .box_w = 15, .box_h = 14, .ofs_x = 0, .ofs_y = -1},
    {.bitmap_index = 14887, .adv_w = 256, .box_w = 15, .box_h = 14, .ofs_x = 0, .ofs_y = -1},
    {.bitmap_index = 14992, .adv_w = 256, .box_w = 15, .box_h = 14, .ofs_x = 0, .ofs_y = -1},
    {.bitmap_index = 15097, .adv_w = 256, .box_w = 15, .box_h = 14, .ofs_x = 0, .ofs_y = -1},
    {.bitmap_index = 15202, .adv_w = 256, .box_w = 15, .box_h = 14, .ofs_x = 0, .ofs_y = -1},
    {.bitmap_index = 15307, .adv_w = 256, .box_w = 15, .box_h = 14, .ofs_x = 0, .ofs_y = -1},
    {.bitmap_index = 15412, .adv_w = 256, .box_w = 15, .box_h = 14, .ofs_x = 0, .ofs_y = -1},
    {.bitmap_index = 15517, .adv_w = 256, .box_w = 15, .box_h = 14, .ofs_x = 0, .ofs_y = -1},
    {.bitmap_index = 15622, .adv_w = 256, .box_w = 15, .box_h = 14, .ofs_x = 0, .ofs_y = -1},
    {.bitmap_index = 15727, .adv_w = 256, .box_w = 15, .box_h = 14, .ofs_x = 0, .ofs_y = -1},
    {.bitmap_index = 15832, .adv_w = 256, .box_w = 15, .box_h = 14, .ofs_x = 0, .ofs_y = -1},
    {.bitmap_index = 15937, .adv_w = 256, .box_w = 15, .box_h = 14, .ofs_x = 0, .ofs_y = -1},
    {.bitmap_index = 16042, .adv_w = 256, .box_w = 16, .box_h = 15, .ofs_x = 0, .ofs_y = -2},
    {.bitmap_index = 16162, .adv_w = 256, .box_w = 16, .box_h = 14, .ofs_x = -1, .ofs_y = -1},
    {.bitmap_index = 16274, .adv_w = 256, .box_w = 15, .box_h = 14, .ofs_x = 0, .ofs_y = -1},
    {.bitmap_index = 16379, .adv_w = 256, .box_w = 15, .box_h = 14, .ofs_x = 0, .ofs_y = -1},
    {.bitmap_index = 16484, .adv_w = 256, .box_w = 15, .box_h = 14, .ofs_x = 0, .ofs_y = -1},
    {.bitmap_index = 16589, .adv_w = 256, .box_w = 15, .box_h = 14, .ofs_x = 0, .ofs_y = -1},
    {.bitmap_index = 16694, .adv_w = 256, .box_w = 15, .box_h = 14, .ofs_x = 0, .ofs_y = -1},
    {.bitmap_index = 16799, .adv_w = 256, .box_w = 15, .box_h = 14, .ofs_x = 0, .ofs_y = -1},
    {.bitmap_index = 16904, .adv_w = 256, .box_w = 15, .box_h = 14, .ofs_x = 0, .ofs_y = -1},
    {.bitmap_index = 17009, .adv_w = 256, .box_w = 15, .box_h = 14, .ofs_x = 0, .ofs_y = -1},
    {.bitmap_index = 17114, .adv_w = 256, .box_w = 14, .box_h = 14, .ofs_x = 1, .ofs_y = -1},
    {.bitmap_index = 17212, .adv_w = 256, .box_w = 15, .box_h = 14, .ofs_x = 0, .ofs_y = -1},
    {.bitmap_index = 17317, .adv_w = 256, .box_w = 15, .box_h = 14, .ofs_x = 0, .ofs_y = -1},
    {.bitmap_index = 17422, .adv_w = 256, .box_w = 14, .box_h = 14, .ofs_x = 1, .ofs_y = -1},
    {.bitmap_index = 17520, .adv_w = 256, .box_w = 15, .box_h = 14, .ofs_x = 0, .ofs_y = -1},
    {.bitmap_index = 17625, .adv_w = 256, .box_w = 15, .box_h = 14, .ofs_x = 0, .ofs_y = -1},
    {.bitmap_index = 17730, .adv_w = 256, .box_w = 15, .box_h = 14, .ofs_x = 0, .ofs_y = -1},
    {.bitmap_index = 17835, .adv_w = 256, .box_w = 15, .box_h = 14, .ofs_x = 0, .ofs_y = -1},
    {.bitmap_index = 17940, .adv_w = 256, .box_w = 15, .box_h = 14, .ofs_x = 0, .ofs_y = -1},
    {.bitmap_index = 18045, .adv_w = 256, .box_w = 15, .box_h = 14, .ofs_x = 0, .ofs_y = -1},
    {.bitmap_index = 18150, .adv_w = 256, .box_w = 15, .box_h = 14, .ofs_x = 0, .ofs_y = -1},
    {.bitmap_index = 18255, .adv_w = 256, .box_w = 15, .box_h = 14, .ofs_x = 0, .ofs_y = -1},
    {.bitmap_index = 18360, .adv_w = 256, .box_w = 15, .box_h = 14, .ofs_x = 0, .ofs_y = -1},
    {.bitmap_index = 18465, .adv_w = 256, .box_w = 15, .box_h = 14, .ofs_x = 0, .ofs_y = -1},
    {.bitmap_index = 18570, .adv_w = 256, .box_w = 15, .box_h = 14, .ofs_x = 0, .ofs_y = -1},
    {.bitmap_index = 18675, .adv_w = 256, .box_w = 15, .box_h = 14, .ofs_x = 0, .ofs_y = -1},
    {.bitmap_index = 18780, .adv_w = 256, .box_w = 15, .box_h = 14, .ofs_x = 0, .ofs_y = -1},
    {.bitmap_index = 18885, .adv_w = 256, .box_w = 15, .box_h = 14, .ofs_x = 0, .ofs_y = -1},
    {.bitmap_index = 18990, .adv_w = 256, .box_w = 15, .box_h = 14, .ofs_x = 0, .ofs_y = -1},
    {.bitmap_index = 19095, .adv_w = 256, .box_w = 16, .box_h = 14, .ofs_x = -1, .ofs_y = -1},
    {.bitmap_index = 19207, .adv_w = 256, .box_w = 15, .box_h = 14, .ofs_x = 0, .ofs_y = -1},
    {.bitmap_index = 19312, .adv_w = 256, .box_w = 15, .box_h = 14, .ofs_x = 0, .ofs_y = -1},
    {.bitmap_index = 19417, .adv_w = 256, .box_w = 16, .box_h = 14, .ofs_x = -1, .ofs_y = -1},
    {.bitmap_index = 19529, .adv_w = 256, .box_w = 15, .box_h = 14, .ofs_x = 0, .ofs_y = -1},
    {.bitmap_index = 19634, .adv_w = 256, .box_w = 15, .box_h = 14, .ofs_x = 0, .ofs_y = -1},
    {.bitmap_index = 19739, .adv_w = 256, .box_w = 15, .box_h = 14, .ofs_x = 0, .ofs_y = -1},
    {.bitmap_index = 19844, .adv_w = 256, .box_w = 15, .box_h = 14, .ofs_x = 0, .ofs_y = -1},
    {.bitmap_index = 19949, .adv_w = 256, .box_w = 15, .box_h = 14, .ofs_x = 0, .ofs_y = -1},
    {.bitmap_index = 20054, .adv_w = 256, .box_w = 15, .box_h = 14, .ofs_x = 0, .ofs_y = -1},
    {.bitmap_index = 20159, .adv_w = 256, .box_w = 15, .box_h = 14, .ofs_x = 0, .ofs_y = -1},
    {.bitmap_index = 20264, .adv_w = 256, .box_w = 15, .box_h = 14, .ofs_x = 0, .ofs_y = -1},
    {.bitmap_index = 20369, .adv_w = 256, .box_w = 15, .box_h = 14, .ofs_x = 0, .ofs_y = -1},
    {.bitmap_index = 20474, .adv_w = 256, .box_w = 15, .box_h = 14, .ofs_x = 0, .ofs_y = -1},
    {.bitmap_index = 20579, .adv_w = 256, .box_w = 16, .box_h = 14, .ofs_x = -1, .ofs_y = -1},
    {.bitmap_index = 20691, .adv_w = 256, .box_w = 15, .box_h = 14, .ofs_x = 0, .ofs_y = -1},
    {.bitmap_index = 20796, .adv_w = 256, .box_w = 15, .box_h = 14, .ofs_x = 0, .ofs_y = -1},
    {.bitmap_index = 20901, .adv_w = 256, .box_w = 15, .box_h = 14, .ofs_x = 0, .ofs_y = -1},
    {.bitmap_index = 21006, .adv_w = 256, .box_w = 15, .box_h = 14, .ofs_x = 0, .ofs_y = -1},
    {.bitmap_index = 21111, .adv_w = 256, .box_w = 15, .box_h = 14, .ofs_x = 0, .ofs_y = -1},
    {.bitmap_index = 21216, .adv_w = 256, .box_w = 15, .box_h = 14, .ofs_x = 0, .ofs_y = -1},
    {.bitmap_index = 21321, .adv_w = 256, .box_w = 15, .box_h = 14, .ofs_x = 0, .ofs_y = -1},
    {.bitmap_index = 21426, .adv_w = 256, .box_w = 15, .box_h = 14, .ofs_x = 0, .ofs_y = -1},
    {.bitmap_index = 21531, .adv_w = 256, .box_w = 15, .box_h = 14, .ofs_x = 0, .ofs_y = -1},
    {.bitmap_index = 21636, .adv_w = 256, .box_w = 15, .box_h = 14, .ofs_x = 0, .ofs_y = -1},
    {.bitmap_index = 21741, .adv_w = 256, .box_w = 15, .box_h = 14, .ofs_x = 0, .ofs_y = -1},
    {.bitmap_index = 21846, .adv_w = 256, .box_w = 15, .box_h = 14, .ofs_x = 0, .ofs_y = -1},
    {.bitmap_index = 21951, .adv_w = 256, .box_w = 15, .box_h = 14, .ofs_x = 0, .ofs_y = -1},
    {.bitmap_index = 22056, .adv_w = 256, .box_w = 15, .box_h = 14, .ofs_x = 0, .ofs_y = -1},
    {.bitmap_index = 22161, .adv_w = 256, .box_w = 16, .box_h = 14, .ofs_x = -1, .ofs_y = -1},
    {.bitmap_index = 22273, .adv_w = 256, .box_w = 15, .box_h = 14, .ofs_x = 0, .ofs_y = -1},
    {.bitmap_index = 22378, .adv_w = 256, .box_w = 16, .box_h = 14, .ofs_x = -1, .ofs_y = -1},
    {.bitmap_index = 22490, .adv_w = 256, .box_w = 16, .box_h = 14, .ofs_x = -1, .ofs_y = -1},
    {.bitmap_index = 22602, .adv_w = 256, .box_w = 15, .box_h = 14, .ofs_x = 0, .ofs_y = -1},
    {.bitmap_index = 22707, .adv_w = 256, .box_w = 15, .box_h = 14, .ofs_x = 0, .ofs_y = -1},
    {.bitmap_index = 22812, .adv_w = 256, .box_w = 16, .box_h = 14, .ofs_x = -1, .ofs_y = -1},
    {.bitmap_index = 22924, .adv_w = 256, .box_w = 15, .box_h = 14, .ofs_x = 0, .ofs_y = -1},
    {.bitmap_index = 23029, .adv_w = 256, .box_w = 15, .box_h = 14, .ofs_x = 0, .ofs_y = -1},
    {.bitmap_index = 23134, .adv_w = 256, .box_w = 15, .box_h = 14, .ofs_x = 0, .ofs_y = -1},
    {.bitmap_index = 23239, .adv_w = 256, .box_w = 15, .box_h = 14, .ofs_x = 0, .ofs_y = -1},
    {.bitmap_index = 23344, .adv_w = 256, .box_w = 15, .box_h = 14, .ofs_x = 0, .ofs_y = -1},
    {.bitmap_index = 23449, .adv_w = 256, .box_w = 15, .box_h = 14, .ofs_x = 0, .ofs_y = -1},
    {.bitmap_index = 23554, .adv_w = 256, .box_w = 15, .box_h = 14, .ofs_x = 0, .ofs_y = -1},
    {.bitmap_index = 23659, .adv_w = 256, .box_w = 15, .box_h = 14, .ofs_x = 0, .ofs_y = -1},
    {.bitmap_index = 23764, .adv_w = 256, .box_w = 15, .box_h = 14, .ofs_x = 0, .ofs_y = -1},
    {.bitmap_index = 23869, .adv_w = 256, .box_w = 15, .box_h = 14, .ofs_x = 0, .ofs_y = -1},
    {.bitmap_index = 23974, .adv_w = 256, .box_w = 15, .box_h = 14, .ofs_x = 0, .ofs_y = -1},
    {.bitmap_index = 24079, .adv_w = 256, .box_w = 15, .box_h = 14, .ofs_x = 0, .ofs_y = -1},
    {.bitmap_index = 24184, .adv_w = 256, .box_w = 15, .box_h = 14, .ofs_x = 0, .ofs_y = -1},
    {.bitmap_index = 24289, .adv_w = 256, .box_w = 15, .box_h = 14, .ofs_x = 0, .ofs_y = -1},
    {.bitmap_index = 24394, .adv_w = 256, .box_w = 15, .box_h = 14, .ofs_x = 0, .ofs_y = -1},
    {.bitmap_index = 24499, .adv_w = 256, .box_w = 15, .box_h = 14, .ofs_x = 0, .ofs_y = -1},
    {.bitmap_index = 24604, .adv_w = 256, .box_w = 15, .box_h = 14, .ofs_x = 0, .ofs_y = -1},
    {.bitmap_index = 24709, .adv_w = 256, .box_w = 15, .box_h = 14, .ofs_x = 0, .ofs_y = -1},
    {.bitmap_index = 24814, .adv_w = 256, .box_w = 15, .box_h = 14, .ofs_x = 0, .ofs_y = -1},
    {.bitmap_index = 24919, .adv_w = 256, .box_w = 15, .box_h = 14, .ofs_x = 0, .ofs_y = -1},
    {.bitmap_index = 25024, .adv_w = 256, .box_w = 15, .box_h = 14, .ofs_x = 0, .ofs_y = -1},
    {.bitmap_index = 25129, .adv_w = 256, .box_w = 15, .box_h = 14, .ofs_x = 0, .ofs_y = -1},
    {.bitmap_index = 25234, .adv_w = 256, .box_w = 15, .box_h = 14, .ofs_x = 0, .ofs_y = -1},
    {.bitmap_index = 25339, .adv_w = 256, .box_w = 15, .box_h = 14, .ofs_x = 0, .ofs_y = -1},
    {.bitmap_index = 25444, .adv_w = 256, .box_w = 15, .box_h = 14, .ofs_x = 0, .ofs_y = -1},
    {.bitmap_index = 25549, .adv_w = 256, .box_w = 15, .box_h = 14, .ofs_x = 0, .ofs_y = -1},
    {.bitmap_index = 25654, .adv_w = 256, .box_w = 15, .box_h = 14, .ofs_x = 0, .ofs_y = -1},
    {.bitmap_index = 25759, .adv_w = 256, .box_w = 15, .box_h = 14, .ofs_x = 0, .ofs_y = -1},
    {.bitmap_index = 25864, .adv_w = 256, .box_w = 15, .box_h = 14, .ofs_x = 0, .ofs_y = -1},
    {.bitmap_index = 25969, .adv_w = 256, .box_w = 15, .box_h = 14, .ofs_x = 0, .ofs_y = -1},
    {.bitmap_index = 26074, .adv_w = 256, .box_w = 15, .box_h = 14, .ofs_x = 0, .ofs_y = -1},
    {.bitmap_index = 26179, .adv_w = 256, .box_w = 15, .box_h = 14, .ofs_x = 0, .ofs_y = -1},
    {.bitmap_index = 26284, .adv_w = 256, .box_w = 15, .box_h = 14, .ofs_x = 0, .ofs_y = -1},
    {.bitmap_index = 26389, .adv_w = 256, .box_w = 15, .box_h = 14, .ofs_x = 0, .ofs_y = -1},
    {.bitmap_index = 26494, .adv_w = 256, .box_w = 15, .box_h = 14, .ofs_x = 0, .ofs_y = -1},
    {.bitmap_index = 26599, .adv_w = 256, .box_w = 15, .box_h = 14, .ofs_x = 0, .ofs_y = -1},
    {.bitmap_index = 26704, .adv_w = 256, .box_w = 15, .box_h = 14, .ofs_x = 0, .ofs_y = -1},
    {.bitmap_index = 26809, .adv_w = 256, .box_w = 15, .box_h = 14, .ofs_x = 0, .ofs_y = -1},
    {.bitmap_index = 26914, .adv_w = 256, .box_w = 15, .box_h = 14, .ofs_x = 0, .ofs_y = -1},
    {.bitmap_index = 27019, .adv_w = 256, .box_w = 15, .box_h = 14, .ofs_x = 0, .ofs_y = -1},
    {.bitmap_index = 27124, .adv_w = 256, .box_w = 15, .box_h = 14, .ofs_x = 0, .ofs_y = -1},
    {.bitmap_index = 27229, .adv_w = 256, .box_w = 15, .box_h = 14, .ofs_x = 0, .ofs_y = -1},
    {.bitmap_index = 27334, .adv_w = 256, .box_w = 15, .box_h = 14, .ofs_x = 0, .ofs_y = -1},
    {.bitmap_index = 27439, .adv_w = 256, .box_w = 15, .box_h = 14, .ofs_x = 0, .ofs_y = -1},
    {.bitmap_index = 27544, .adv_w = 256, .box_w = 15, .box_h = 14, .ofs_x = 0, .ofs_y = -1},
    {.bitmap_index = 27649, .adv_w = 256, .box_w = 15, .box_h = 14, .ofs_x = 0, .ofs_y = -1},
    {.bitmap_index = 27754, .adv_w = 256, .box_w = 14, .box_h = 14, .ofs_x = 1, .ofs_y = -1},
    {.bitmap_index = 27852, .adv_w = 256, .box_w = 14, .box_h = 14, .ofs_x = 1, .ofs_y = -1},
    {.bitmap_index = 27950, .adv_w = 256, .box_w = 15, .box_h = 14, .ofs_x = 0, .ofs_y = -1},
    {.bitmap_index = 28055, .adv_w = 256, .box_w = 15, .box_h = 14, .ofs_x = 0, .ofs_y = -1},
    {.bitmap_index = 28160, .adv_w = 256, .box_w = 15, .box_h = 14, .ofs_x = 0, .ofs_y = -1},
    {.bitmap_index = 28265, .adv_w = 256, .box_w = 15, .box_h = 14, .ofs_x = 0, .ofs_y = -1},
    {.bitmap_index = 28370, .adv_w = 256, .box_w = 15, .box_h = 14, .ofs_x = 0, .ofs_y = -1},
    {.bitmap_index = 28475, .adv_w = 256, .box_w = 15, .box_h = 14, .ofs_x = 0, .ofs_y = -1},
    {.bitmap_index = 28580, .adv_w = 256, .box_w = 15, .box_h = 14, .ofs_x = 0, .ofs_y = -1},
    {.bitmap_index = 28685, .adv_w = 256, .box_w = 15, .box_h = 14, .ofs_x = 0, .ofs_y = -1},
    {.bitmap_index = 28790, .adv_w = 256, .box_w = 15, .box_h = 14, .ofs_x = 0, .ofs_y = -1},
    {.bitmap_index = 28895, .adv_w = 256, .box_w = 15, .box_h = 14, .ofs_x = 0, .ofs_y = -1},
    {.bitmap_index = 29000, .adv_w = 256, .box_w = 15, .box_h = 14, .ofs_x = 0, .ofs_y = -1},
    {.bitmap_index = 29105, .adv_w = 256, .box_w = 15, .box_h = 14, .ofs_x = 0, .ofs_y = -1},
    {.bitmap_index = 29210, .adv_w = 256, .box_w = 15, .box_h = 14, .ofs_x = 0, .ofs_y = -1},
    {.bitmap_index = 29315, .adv_w = 256, .box_w = 15, .box_h = 14, .ofs_x = 0, .ofs_y = -1},
    {.bitmap_index = 29420, .adv_w = 256, .box_w = 15, .box_h = 14, .ofs_x = 0, .ofs_y = -1},
    {.bitmap_index = 29525, .adv_w = 256, .box_w = 15, .box_h = 14, .ofs_x = 0, .ofs_y = -1},
    {.bitmap_index = 29630, .adv_w = 256, .box_w = 15, .box_h = 14, .ofs_x = 0, .ofs_y = -1},
    {.bitmap_index = 29735, .adv_w = 256, .box_w = 15, .box_h = 14, .ofs_x = 0, .ofs_y = -1},
    {.bitmap_index = 29840, .adv_w = 256, .box_w = 15, .box_h = 14, .ofs_x = 0, .ofs_y = -1},
    {.bitmap_index = 29945, .adv_w = 256, .box_w = 15, .box_h = 14, .ofs_x = 0, .ofs_y = -1},
    {.bitmap_index = 30050, .adv_w = 256, .box_w = 15, .box_h = 14, .ofs_x = 0, .ofs_y = -1},
    {.bitmap_index = 30155, .adv_w = 256, .box_w = 15, .box_h = 14, .ofs_x = 0, .ofs_y = -1},
    {.bitmap_index = 30260, .adv_w = 256, .box_w = 15, .box_h = 14, .ofs_x = 0, .ofs_y = -1},
    {.bitmap_index = 30365, .adv_w = 256, .box_w = 15, .box_h = 14, .ofs_x = 0, .ofs_y = -1},
    {.bitmap_index = 30470, .adv_w = 256, .box_w = 15, .box_h = 14, .ofs_x = 0, .ofs_y = -1},
    {.bitmap_index = 30575, .adv_w = 256, .box_w = 15, .box_h = 14, .ofs_x = 0, .ofs_y = -1},
    {.bitmap_index = 30680, .adv_w = 256, .box_w = 13, .box_h = 14, .ofs_x = 1, .ofs_y = -1},
    {.bitmap_index = 30771, .adv_w = 256, .box_w = 15, .box_h = 14, .ofs_x = 0, .ofs_y = -1},
    {.bitmap_index = 30876, .adv_w = 256, .box_w = 15, .box_h = 14, .ofs_x = 0, .ofs_y = -1},
    {.bitmap_index = 30981, .adv_w = 256, .box_w = 15, .box_h = 14, .ofs_x = 0, .ofs_y = -1},
    {.bitmap_index = 31086, .adv_w = 256, .box_w = 15, .box_h = 14, .ofs_x = 0, .ofs_y = -1},
    {.bitmap_index = 31191, .adv_w = 256, .box_w = 15, .box_h = 14, .ofs_x = 0, .ofs_y = -1},
    {.bitmap_index = 31296, .adv_w = 256, .box_w = 16, .box_h = 16, .ofs_x = 0, .ofs_y = -2},
    {.bitmap_index = 31424, .adv_w = 256, .box_w = 15, .box_h = 14, .ofs_x = 0, .ofs_y = -1},
    {.bitmap_index = 31529, .adv_w = 256, .box_w = 15, .box_h = 14, .ofs_x = 0, .ofs_y = -1},
    {.bitmap_index = 31634, .adv_w = 256, .box_w = 15, .box_h = 14, .ofs_x = 0, .ofs_y = -1},
    {.bitmap_index = 31739, .adv_w = 256, .box_w = 15, .box_h = 14, .ofs_x = 0, .ofs_y = -1},
    {.bitmap_index = 31844, .adv_w = 256, .box_w = 15, .box_h = 14, .ofs_x = 0, .ofs_y = -1},
    {.bitmap_index = 31949, .adv_w = 256, .box_w = 15, .box_h = 14, .ofs_x = 0, .ofs_y = -1},
    {.bitmap_index = 32054, .adv_w = 256, .box_w = 15, .box_h = 14, .ofs_x = 0, .ofs_y = -1},
    {.bitmap_index = 32159, .adv_w = 256, .box_w = 15, .box_h = 14, .ofs_x = 0, .ofs_y = -1},
    {.bitmap_index = 32264, .adv_w = 256, .box_w = 15, .box_h = 14, .ofs_x = 0, .ofs_y = -1},
    {.bitmap_index = 32369, .adv_w = 256, .box_w = 15, .box_h = 14, .ofs_x = 0, .ofs_y = -1},
    {.bitmap_index = 32474, .adv_w = 256, .box_w = 15, .box_h = 14, .ofs_x = 0, .ofs_y = -1},
    {.bitmap_index = 32579, .adv_w = 256, .box_w = 15, .box_h = 14, .ofs_x = 0, .ofs_y = -1},
    {.bitmap_index = 32684, .adv_w = 256, .box_w = 15, .box_h = 14, .ofs_x = 0, .ofs_y = -1},
    {.bitmap_index = 32789, .adv_w = 256, .box_w = 15, .box_h = 14, .ofs_x = 0, .ofs_y = -1},
    {.bitmap_index = 32894, .adv_w = 256, .box_w = 15, .box_h = 14, .ofs_x = 0, .ofs_y = -1},
    {.bitmap_index = 32999, .adv_w = 256, .box_w = 15, .box_h = 14, .ofs_x = 0, .ofs_y = -1},
    {.bitmap_index = 33104, .adv_w = 256, .box_w = 15, .box_h = 14, .ofs_x = 0, .ofs_y = -1},
    {.bitmap_index = 33209, .adv_w = 256, .box_w = 15, .box_h = 14, .ofs_x = 0, .ofs_y = -1},
    {.bitmap_index = 33314, .adv_w = 256, .box_w = 15, .box_h = 14, .ofs_x = 0, .ofs_y = -1},
    {.bitmap_index = 33419, .adv_w = 256, .box_w = 16, .box_h = 14, .ofs_x = -1, .ofs_y = -1},
    {.bitmap_index = 33531, .adv_w = 256, .box_w = 16, .box_h = 14, .ofs_x = -1, .ofs_y = -1},
    {.bitmap_index = 33643, .adv_w = 256, .box_w = 16, .box_h = 14, .ofs_x = -1, .ofs_y = -1},
    {.bitmap_index = 33755, .adv_w = 256, .box_w = 16, .box_h = 14, .ofs_x = -1, .ofs_y = -1},
    {.bitmap_index = 33867, .adv_w = 256, .box_w = 16, .box_h = 14, .ofs_x = -1, .ofs_y = -1},
    {.bitmap_index = 33979, .adv_w = 256, .box_w = 16, .box_h = 14, .ofs_x = -1, .ofs_y = -1},
    {.bitmap_index = 34091, .adv_w = 256, .box_w = 16, .box_h = 14, .ofs_x = -1, .ofs_y = -1},
    {.bitmap_index = 34203, .adv_w = 256, .box_w = 16, .box_h = 15, .ofs_x = 0, .ofs_y = -1},
    {.bitmap_index = 34323, .adv_w = 256, .box_w = 16, .box_h = 14, .ofs_x = -1, .ofs_y = -1},
    {.bitmap_index = 34435, .adv_w = 256, .box_w = 16, .box_h = 14, .ofs_x = -1, .ofs_y = -1},
    {.bitmap_index = 34547, .adv_w = 256, .box_w = 16, .box_h = 14, .ofs_x = -1, .ofs_y = -1},
    {.bitmap_index = 34659, .adv_w = 256, .box_w = 15, .box_h = 14, .ofs_x = 0, .ofs_y = -1},
    {.bitmap_index = 34764, .adv_w = 256, .box_w = 16, .box_h = 14, .ofs_x = -1, .ofs_y = -1},
    {.bitmap_index = 34876, .adv_w = 256, .box_w = 16, .box_h = 14, .ofs_x = -1, .ofs_y = -1},
    {.bitmap_index = 34988, .adv_w = 256, .box_w = 16, .box_h = 14, .ofs_x = -1, .ofs_y = -1},
    {.bitmap_index = 35100, .adv_w = 256, .box_w = 16, .box_h = 14, .ofs_x = -1, .ofs_y = -1},
    {.bitmap_index = 35212, .adv_w = 256, .box_w = 16, .box_h = 14, .ofs_x = -1, .ofs_y = -1},
    {.bitmap_index = 35324, .adv_w = 256, .box_w = 16, .box_h = 14, .ofs_x = -1, .ofs_y = -1},
    {.bitmap_index = 35436, .adv_w = 256, .box_w = 16, .box_h = 14, .ofs_x = -1, .ofs_y = -1},
    {.bitmap_index = 35548, .adv_w = 256, .box_w = 16, .box_h = 14, .ofs_x = -1, .ofs_y = -1},
    {.bitmap_index = 35660, .adv_w = 256, .box_w = 16, .box_h = 14, .ofs_x = -1, .ofs_y = -1},
    {.bitmap_index = 35772, .adv_w = 256, .box_w = 16, .box_h = 14, .ofs_x = -1, .ofs_y = -1},
    {.bitmap_index = 35884, .adv_w = 256, .box_w = 16, .box_h = 14, .ofs_x = -1, .ofs_y = -1},
    {.bitmap_index = 35996, .adv_w = 256, .box_w = 16, .box_h = 14, .ofs_x = -1, .ofs_y = -1},
    {.bitmap_index = 36108, .adv_w = 256, .box_w = 16, .box_h = 14, .ofs_x = -1, .ofs_y = -1},
    {.bitmap_index = 36220, .adv_w = 256, .box_w = 16, .box_h = 14, .ofs_x = -1, .ofs_y = -1},
    {.bitmap_index = 36332, .adv_w = 256, .box_w = 16, .box_h = 14, .ofs_x = -1, .ofs_y = -1},
    {.bitmap_index = 36444, .adv_w = 256, .box_w = 16, .box_h = 14, .ofs_x = -1, .ofs_y = -1},
    {.bitmap_index = 36556, .adv_w = 256, .box_w = 15, .box_h = 14, .ofs_x = 0, .ofs_y = -1},
    {.bitmap_index = 36661, .adv_w = 256, .box_w = 15, .box_h = 14, .ofs_x = 0, .ofs_y = -1},
    {.bitmap_index = 36766, .adv_w = 256, .box_w = 15, .box_h = 14, .ofs_x = 0, .ofs_y = -1},
    {.bitmap_index = 36871, .adv_w = 256, .box_w = 15, .box_h = 14, .ofs_x = 0, .ofs_y = -1},
    {.bitmap_index = 36976, .adv_w = 256, .box_w = 15, .box_h = 14, .ofs_x = 0, .ofs_y = -1},
    {.bitmap_index = 37081, .adv_w = 256, .box_w = 15, .box_h = 14, .ofs_x = 0, .ofs_y = -1},
    {.bitmap_index = 37186, .adv_w = 256, .box_w = 15, .box_h = 14, .ofs_x = 0, .ofs_y = -1},
    {.bitmap_index = 37291, .adv_w = 256, .box_w = 15, .box_h = 14, .ofs_x = 0, .ofs_y = -1},
    {.bitmap_index = 37396, .adv_w = 256, .box_w = 15, .box_h = 14, .ofs_x = 0, .ofs_y = -1},
    {.bitmap_index = 37501, .adv_w = 256, .box_w = 15, .box_h = 14, .ofs_x = 0, .ofs_y = -1},
    {.bitmap_index = 37606, .adv_w = 256, .box_w = 15, .box_h = 14, .ofs_x = 0, .ofs_y = -1},
    {.bitmap_index = 37711, .adv_w = 256, .box_w = 15, .box_h = 14, .ofs_x = 0, .ofs_y = -1},
    {.bitmap_index = 37816, .adv_w = 256, .box_w = 15, .box_h = 14, .ofs_x = 0, .ofs_y = -1},
    {.bitmap_index = 37921, .adv_w = 256, .box_w = 15, .box_h = 14, .ofs_x = 0, .ofs_y = -1},
    {.bitmap_index = 38026, .adv_w = 256, .box_w = 15, .box_h = 14, .ofs_x = 0, .ofs_y = -1},
    {.bitmap_index = 38131, .adv_w = 256, .box_w = 15, .box_h = 14, .ofs_x = 0, .ofs_y = -1},
    {.bitmap_index = 38236, .adv_w = 256, .box_w = 13, .box_h = 14, .ofs_x = 1, .ofs_y = -1},
    {.bitmap_index = 38327, .adv_w = 256, .box_w = 14, .box_h = 14, .ofs_x = 1, .ofs_y = -1},
    {.bitmap_index = 38425, .adv_w = 256, .box_w = 15, .box_h = 14, .ofs_x = 0, .ofs_y = -1},
    {.bitmap_index = 38530, .adv_w = 256, .box_w = 15, .box_h = 14, .ofs_x = 0, .ofs_y = -1},
    {.bitmap_index = 38635, .adv_w = 256, .box_w = 15, .box_h = 14, .ofs_x = 0, .ofs_y = -1},
    {.bitmap_index = 38740, .adv_w = 256, .box_w = 15, .box_h = 14, .ofs_x = 0, .ofs_y = -1},
    {.bitmap_index = 38845, .adv_w = 256, .box_w = 15, .box_h = 14, .ofs_x = 0, .ofs_y = -1},
    {.bitmap_index = 38950, .adv_w = 256, .box_w = 15, .box_h = 14, .ofs_x = 0, .ofs_y = -1},
    {.bitmap_index = 39055, .adv_w = 256, .box_w = 15, .box_h = 14, .ofs_x = 0, .ofs_y = -1},
    {.bitmap_index = 39160, .adv_w = 256, .box_w = 15, .box_h = 14, .ofs_x = 0, .ofs_y = -1},
    {.bitmap_index = 39265, .adv_w = 256, .box_w = 15, .box_h = 14, .ofs_x = 0, .ofs_y = -1},
    {.bitmap_index = 39370, .adv_w = 256, .box_w = 15, .box_h = 14, .ofs_x = 0, .ofs_y = -1},
    {.bitmap_index = 39475, .adv_w = 256, .box_w = 15, .box_h = 14, .ofs_x = 0, .ofs_y = -1},
    {.bitmap_index = 39580, .adv_w = 256, .box_w = 15, .box_h = 14, .ofs_x = 0, .ofs_y = -1},
    {.bitmap_index = 39685, .adv_w = 256, .box_w = 15, .box_h = 14, .ofs_x = 0, .ofs_y = -1},
    {.bitmap_index = 39790, .adv_w = 256, .box_w = 15, .box_h = 14, .ofs_x = 0, .ofs_y = -1},
    {.bitmap_index = 39895, .adv_w = 256, .box_w = 14, .box_h = 14, .ofs_x = 0, .ofs_y = -1},
    {.bitmap_index = 39993, .adv_w = 256, .box_w = 15, .box_h = 14, .ofs_x = 0, .ofs_y = -1},
    {.bitmap_index = 40098, .adv_w = 256, .box_w = 15, .box_h = 14, .ofs_x = 0, .ofs_y = -1},
    {.bitmap_index = 40203, .adv_w = 256, .box_w = 15, .box_h = 14, .ofs_x = 0, .ofs_y = -1},
    {.bitmap_index = 40308, .adv_w = 256, .box_w = 15, .box_h = 14, .ofs_x = 0, .ofs_y = -1},
    {.bitmap_index = 40413, .adv_w = 256, .box_w = 15, .box_h = 14, .ofs_x = 0, .ofs_y = -1},
    {.bitmap_index = 40518, .adv_w = 256, .box_w = 15, .box_h = 14, .ofs_x = 0, .ofs_y = -1},
    {.bitmap_index = 40623, .adv_w = 256, .box_w = 15, .box_h = 14, .ofs_x = 0, .ofs_y = -1},
    {.bitmap_index = 40728, .adv_w = 256, .box_w = 15, .box_h = 14, .ofs_x = 0, .ofs_y = -1},
    {.bitmap_index = 40833, .adv_w = 256, .box_w = 15, .box_h = 14, .ofs_x = 0, .ofs_y = -1},
    {.bitmap_index = 40938, .adv_w = 256, .box_w = 15, .box_h = 14, .ofs_x = 0, .ofs_y = -1},
    {.bitmap_index = 41043, .adv_w = 256, .box_w = 15, .box_h = 14, .ofs_x = 0, .ofs_y = -1},
    {.bitmap_index = 41148, .adv_w = 256, .box_w = 15, .box_h = 14, .ofs_x = 0, .ofs_y = -1},
    {.bitmap_index = 41253, .adv_w = 256, .box_w = 15, .box_h = 14, .ofs_x = 0, .ofs_y = -1},
    {.bitmap_index = 41358, .adv_w = 256, .box_w = 15, .box_h = 14, .ofs_x = 0, .ofs_y = -1},
    {.bitmap_index = 41463, .adv_w = 256, .box_w = 15, .box_h = 14, .ofs_x = 0, .ofs_y = -1},
    {.bitmap_index = 41568, .adv_w = 256, .box_w = 15, .box_h = 14, .ofs_x = 0, .ofs_y = -1},
    {.bitmap_index = 41673, .adv_w = 256, .box_w = 15, .box_h = 14, .ofs_x = 0, .ofs_y = -1},
    {.bitmap_index = 41778, .adv_w = 256, .box_w = 15, .box_h = 14, .ofs_x = 0, .ofs_y = -1},
    {.bitmap_index = 41883, .adv_w = 256, .box_w = 15, .box_h = 14, .ofs_x = 0, .ofs_y = -1},
    {.bitmap_index = 41988, .adv_w = 256, .box_w = 15, .box_h = 14, .ofs_x = 0, .ofs_y = -1},
    {.bitmap_index = 42093, .adv_w = 256, .box_w = 15, .box_h = 14, .ofs_x = 0, .ofs_y = -1},
    {.bitmap_index = 42198, .adv_w = 256, .box_w = 15, .box_h = 14, .ofs_x = 0, .ofs_y = -1},
    {.bitmap_index = 42303, .adv_w = 256, .box_w = 15, .box_h = 14, .ofs_x = 0, .ofs_y = -1},
    {.bitmap_index = 42408, .adv_w = 256, .box_w = 15, .box_h = 14, .ofs_x = 0, .ofs_y = -1},
    {.bitmap_index = 42513, .adv_w = 256, .box_w = 15, .box_h = 14, .ofs_x = 0, .ofs_y = -1},
    {.bitmap_index = 42618, .adv_w = 256, .box_w = 15, .box_h = 14, .ofs_x = 0, .ofs_y = -1},
    {.bitmap_index = 42723, .adv_w = 256, .box_w = 15, .box_h = 14, .ofs_x = 0, .ofs_y = -1},
    {.bitmap_index = 42828, .adv_w = 256, .box_w = 15, .box_h = 14, .ofs_x = 0, .ofs_y = -1},
    {.bitmap_index = 42933, .adv_w = 256, .box_w = 15, .box_h = 14, .ofs_x = 0, .ofs_y = -1},
    {.bitmap_index = 43038, .adv_w = 256, .box_w = 15, .box_h = 14, .ofs_x = 0, .ofs_y = -1},
    {.bitmap_index = 43143, .adv_w = 256, .box_w = 15, .box_h = 14, .ofs_x = 0, .ofs_y = -1},
    {.bitmap_index = 43248, .adv_w = 256, .box_w = 15, .box_h = 14, .ofs_x = 0, .ofs_y = -1},
    {.bitmap_index = 43353, .adv_w = 256, .box_w = 15, .box_h = 14, .ofs_x = 0, .ofs_y = -1},
    {.bitmap_index = 43458, .adv_w = 256, .box_w = 15, .box_h = 14, .ofs_x = 0, .ofs_y = -1},
    {.bitmap_index = 43563, .adv_w = 256, .box_w = 15, .box_h = 14, .ofs_x = 0, .ofs_y = -1},
    {.bitmap_index = 43668, .adv_w = 256, .box_w = 15, .box_h = 14, .ofs_x = 0, .ofs_y = -1},
    {.bitmap_index = 43773, .adv_w = 256, .box_w = 15, .box_h = 14, .ofs_x = 0, .ofs_y = -1},
    {.bitmap_index = 43878, .adv_w = 256, .box_w = 15, .box_h = 14, .ofs_x = 0, .ofs_y = -1},
    {.bitmap_index = 43983, .adv_w = 256, .box_w = 15, .box_h = 14, .ofs_x = 0, .ofs_y = -1},
    {.bitmap_index = 44088, .adv_w = 256, .box_w = 15, .box_h = 14, .ofs_x = 0, .ofs_y = -1},
    {.bitmap_index = 44193, .adv_w = 256, .box_w = 15, .box_h = 14, .ofs_x = 0, .ofs_y = -1},
    {.bitmap_index = 44298, .adv_w = 256, .box_w = 15, .box_h = 14, .ofs_x = 0, .ofs_y = -1},
    {.bitmap_index = 44403, .adv_w = 256, .box_w = 15, .box_h = 14, .ofs_x = 0, .ofs_y = -1},
    {.bitmap_index = 44508, .adv_w = 256, .box_w = 15, .box_h = 14, .ofs_x = 0, .ofs_y = -1},
    {.bitmap_index = 44613, .adv_w = 256, .box_w = 15, .box_h = 14, .ofs_x = 0, .ofs_y = -1},
    {.bitmap_index = 44718, .adv_w = 256, .box_w = 15, .box_h = 14, .ofs_x = 0, .ofs_y = -1},
    {.bitmap_index = 44823, .adv_w = 256, .box_w = 15, .box_h = 14, .ofs_x = 0, .ofs_y = -1},
    {.bitmap_index = 44928, .adv_w = 256, .box_w = 15, .box_h = 14, .ofs_x = 0, .ofs_y = -1},
    {.bitmap_index = 45033, .adv_w = 256, .box_w = 15, .box_h = 14, .ofs_x = 0, .ofs_y = -1},
    {.bitmap_index = 45138, .adv_w = 256, .box_w = 15, .box_h = 14, .ofs_x = 0, .ofs_y = -1},
    {.bitmap_index = 45243, .adv_w = 256, .box_w = 15, .box_h = 14, .ofs_x = 0, .ofs_y = -1},
    {.bitmap_index = 45348, .adv_w = 256, .box_w = 15, .box_h = 14, .ofs_x = 0, .ofs_y = -1},
    {.bitmap_index = 45453, .adv_w = 256, .box_w = 15, .box_h = 14, .ofs_x = 0, .ofs_y = -1},
    {.bitmap_index = 45558, .adv_w = 256, .box_w = 15, .box_h = 14, .ofs_x = 0, .ofs_y = -1},
    {.bitmap_index = 45663, .adv_w = 256, .box_w = 15, .box_h = 14, .ofs_x = 0, .ofs_y = -1},
    {.bitmap_index = 45768, .adv_w = 256, .box_w = 15, .box_h = 14, .ofs_x = 0, .ofs_y = -1},
    {.bitmap_index = 45873, .adv_w = 256, .box_w = 15, .box_h = 14, .ofs_x = 0, .ofs_y = -1},
    {.bitmap_index = 45978, .adv_w = 256, .box_w = 15, .box_h = 14, .ofs_x = 0, .ofs_y = -1},
    {.bitmap_index = 46083, .adv_w = 256, .box_w = 15, .box_h = 14, .ofs_x = 0, .ofs_y = -1},
    {.bitmap_index = 46188, .adv_w = 256, .box_w = 15, .box_h = 14, .ofs_x = 0, .ofs_y = -1},
    {.bitmap_index = 46293, .adv_w = 256, .box_w = 15, .box_h = 14, .ofs_x = 0, .ofs_y = -1},
    {.bitmap_index = 46398, .adv_w = 256, .box_w = 15, .box_h = 14, .ofs_x = 0, .ofs_y = -1},
    {.bitmap_index = 46503, .adv_w = 256, .box_w = 15, .box_h = 14, .ofs_x = 0, .ofs_y = -1},
    {.bitmap_index = 46608, .adv_w = 256, .box_w = 15, .box_h = 14, .ofs_x = 0, .ofs_y = -1},
    {.bitmap_index = 46713, .adv_w = 256, .box_w = 15, .box_h = 14, .ofs_x = 0, .ofs_y = -1},
    {.bitmap_index = 46818, .adv_w = 256, .box_w = 15, .box_h = 14, .ofs_x = 0, .ofs_y = -1},
    {.bitmap_index = 46923, .adv_w = 256, .box_w = 15, .box_h = 14, .ofs_x = 0, .ofs_y = -1},
    {.bitmap_index = 47028, .adv_w = 256, .box_w = 15, .box_h = 14, .ofs_x = 0, .ofs_y = -1},
    {.bitmap_index = 47133, .adv_w = 256, .box_w = 15, .box_h = 14, .ofs_x = 0, .ofs_y = -1},
    {.bitmap_index = 47238, .adv_w = 256, .box_w = 16, .box_h = 16, .ofs_x = 0, .ofs_y = -2},
    {.bitmap_index = 47366, .adv_w = 256, .box_w = 16, .box_h = 16, .ofs_x = 0, .ofs_y = -2},
    {.bitmap_index = 47494, .adv_w = 256, .box_w = 15, .box_h = 14, .ofs_x = 0, .ofs_y = -1},
    {.bitmap_index = 47599, .adv_w = 256, .box_w = 15, .box_h = 14, .ofs_x = 0, .ofs_y = -1},
    {.bitmap_index = 47704, .adv_w = 256, .box_w = 15, .box_h = 14, .ofs_x = 0, .ofs_y = -1},
    {.bitmap_index = 47809, .adv_w = 256, .box_w = 15, .box_h = 14, .ofs_x = 0, .ofs_y = -1},
    {.bitmap_index = 47914, .adv_w = 256, .box_w = 15, .box_h = 14, .ofs_x = 0, .ofs_y = -1},
    {.bitmap_index = 48019, .adv_w = 256, .box_w = 15, .box_h = 14, .ofs_x = 0, .ofs_y = -1},
    {.bitmap_index = 48124, .adv_w = 256, .box_w = 15, .box_h = 14, .ofs_x = 0, .ofs_y = -1},
    {.bitmap_index = 48229, .adv_w = 256, .box_w = 15, .box_h = 14, .ofs_x = 0, .ofs_y = -1},
    {.bitmap_index = 48334, .adv_w = 256, .box_w = 16, .box_h = 14, .ofs_x = -1, .ofs_y = -1},
    {.bitmap_index = 48446, .adv_w = 256, .box_w = 16, .box_h = 14, .ofs_x = -1, .ofs_y = -1},
    {.bitmap_index = 48558, .adv_w = 256, .box_w = 16, .box_h = 14, .ofs_x = -1, .ofs_y = -1},
    {.bitmap_index = 48670, .adv_w = 256, .box_w = 15, .box_h = 14, .ofs_x = 0, .ofs_y = -1},
    {.bitmap_index = 48775, .adv_w = 256, .box_w = 15, .box_h = 14, .ofs_x = 0, .ofs_y = -1},
    {.bitmap_index = 48880, .adv_w = 256, .box_w = 14, .box_h = 14, .ofs_x = 0, .ofs_y = -1},
    {.bitmap_index = 48978, .adv_w = 256, .box_w = 15, .box_h = 14, .ofs_x = 0, .ofs_y = -1},
    {.bitmap_index = 49083, .adv_w = 256, .box_w = 15, .box_h = 14, .ofs_x = 0, .ofs_y = -1},
    {.bitmap_index = 49188, .adv_w = 256, .box_w = 15, .box_h = 14, .ofs_x = 0, .ofs_y = -1},
    {.bitmap_index = 49293, .adv_w = 256, .box_w = 15, .box_h = 14, .ofs_x = 0, .ofs_y = -1},
    {.bitmap_index = 49398, .adv_w = 256, .box_w = 15, .box_h = 14, .ofs_x = 0, .ofs_y = -1},
    {.bitmap_index = 49503, .adv_w = 256, .box_w = 15, .box_h = 14, .ofs_x = 0, .ofs_y = -1},
    {.bitmap_index = 49608, .adv_w = 256, .box_w = 13, .box_h = 14, .ofs_x = 1, .ofs_y = -1},
    {.bitmap_index = 49699, .adv_w = 256, .box_w = 15, .box_h = 14, .ofs_x = 0, .ofs_y = -1},
    {.bitmap_index = 49804, .adv_w = 256, .box_w = 13, .box_h = 14, .ofs_x = 1, .ofs_y = -1},
    {.bitmap_index = 49895, .adv_w = 256, .box_w = 15, .box_h = 14, .ofs_x = 0, .ofs_y = -1},
    {.bitmap_index = 50000, .adv_w = 256, .box_w = 15, .box_h = 14, .ofs_x = 0, .ofs_y = -1},
    {.bitmap_index = 50105, .adv_w = 256, .box_w = 15, .box_h = 14, .ofs_x = 0, .ofs_y = -1},
    {.bitmap_index = 50210, .adv_w = 256, .box_w = 15, .box_h = 14, .ofs_x = 0, .ofs_y = -1},
    {.bitmap_index = 50315, .adv_w = 256, .box_w = 15, .box_h = 14, .ofs_x = 0, .ofs_y = -1},
    {.bitmap_index = 50420, .adv_w = 256, .box_w = 15, .box_h = 14, .ofs_x = 0, .ofs_y = -1},
    {.bitmap_index = 50525, .adv_w = 256, .box_w = 15, .box_h = 14, .ofs_x = 0, .ofs_y = -1},
    {.bitmap_index = 50630, .adv_w = 256, .box_w = 15, .box_h = 14, .ofs_x = 0, .ofs_y = -1},
    {.bitmap_index = 50735, .adv_w = 256, .box_w = 15, .box_h = 14, .ofs_x = 0, .ofs_y = -1},
    {.bitmap_index = 50840, .adv_w = 256, .box_w = 15, .box_h = 14, .ofs_x = 0, .ofs_y = -1},
    {.bitmap_index = 50945, .adv_w = 256, .box_w = 15, .box_h = 14, .ofs_x = 0, .ofs_y = -1},
    {.bitmap_index = 51050, .adv_w = 256, .box_w = 15, .box_h = 14, .ofs_x = 0, .ofs_y = -1},
    {.bitmap_index = 51155, .adv_w = 256, .box_w = 15, .box_h = 14, .ofs_x = 0, .ofs_y = -1},
    {.bitmap_index = 51260, .adv_w = 256, .box_w = 15, .box_h = 14, .ofs_x = 0, .ofs_y = -1},
    {.bitmap_index = 51365, .adv_w = 256, .box_w = 15, .box_h = 14, .ofs_x = 0, .ofs_y = -1},
    {.bitmap_index = 51470, .adv_w = 256, .box_w = 15, .box_h = 14, .ofs_x = 0, .ofs_y = -1},
    {.bitmap_index = 51575, .adv_w = 256, .box_w = 15, .box_h = 14, .ofs_x = 0, .ofs_y = -1},
    {.bitmap_index = 51680, .adv_w = 256, .box_w = 15, .box_h = 14, .ofs_x = 0, .ofs_y = -1},
    {.bitmap_index = 51785, .adv_w = 256, .box_w = 15, .box_h = 14, .ofs_x = 0, .ofs_y = -1},
    {.bitmap_index = 51890, .adv_w = 256, .box_w = 15, .box_h = 14, .ofs_x = 0, .ofs_y = -1},
    {.bitmap_index = 51995, .adv_w = 256, .box_w = 15, .box_h = 14, .ofs_x = 0, .ofs_y = -1},
    {.bitmap_index = 52100, .adv_w = 256, .box_w = 15, .box_h = 14, .ofs_x = 0, .ofs_y = -1},
    {.bitmap_index = 52205, .adv_w = 256, .box_w = 15, .box_h = 14, .ofs_x = 0, .ofs_y = -1},
    {.bitmap_index = 52310, .adv_w = 256, .box_w = 15, .box_h = 14, .ofs_x = 0, .ofs_y = -1},
    {.bitmap_index = 52415, .adv_w = 256, .box_w = 15, .box_h = 14, .ofs_x = 0, .ofs_y = -1},
    {.bitmap_index = 52520, .adv_w = 256, .box_w = 15, .box_h = 14, .ofs_x = 0, .ofs_y = -1},
    {.bitmap_index = 52625, .adv_w = 256, .box_w = 15, .box_h = 14, .ofs_x = 0, .ofs_y = -1},
    {.bitmap_index = 52730, .adv_w = 256, .box_w = 15, .box_h = 14, .ofs_x = 0, .ofs_y = -1},
    {.bitmap_index = 52835, .adv_w = 256, .box_w = 15, .box_h = 14, .ofs_x = 0, .ofs_y = -1},
    {.bitmap_index = 52940, .adv_w = 256, .box_w = 15, .box_h = 14, .ofs_x = 0, .ofs_y = -1},
    {.bitmap_index = 53045, .adv_w = 256, .box_w = 15, .box_h = 14, .ofs_x = 0, .ofs_y = -1},
    {.bitmap_index = 53150, .adv_w = 256, .box_w = 15, .box_h = 14, .ofs_x = 0, .ofs_y = -1},
    {.bitmap_index = 53255, .adv_w = 256, .box_w = 15, .box_h = 14, .ofs_x = 0, .ofs_y = -1},
    {.bitmap_index = 53360, .adv_w = 256, .box_w = 15, .box_h = 15, .ofs_x = 1, .ofs_y = -1},
    {.bitmap_index = 53473, .adv_w = 256, .box_w = 15, .box_h = 14, .ofs_x = 0, .ofs_y = -1},
    {.bitmap_index = 53578, .adv_w = 256, .box_w = 15, .box_h = 14, .ofs_x = 0, .ofs_y = -1},
    {.bitmap_index = 53683, .adv_w = 256, .box_w = 15, .box_h = 14, .ofs_x = 0, .ofs_y = -1},
    {.bitmap_index = 53788, .adv_w = 256, .box_w = 15, .box_h = 14, .ofs_x = 0, .ofs_y = -1},
    {.bitmap_index = 53893, .adv_w = 256, .box_w = 15, .box_h = 14, .ofs_x = 0, .ofs_y = -1},
    {.bitmap_index = 53998, .adv_w = 256, .box_w = 15, .box_h = 14, .ofs_x = 0, .ofs_y = -1},
    {.bitmap_index = 54103, .adv_w = 256, .box_w = 15, .box_h = 14, .ofs_x = 0, .ofs_y = -1},
    {.bitmap_index = 54208, .adv_w = 256, .box_w = 15, .box_h = 14, .ofs_x = 0, .ofs_y = -1},
    {.bitmap_index = 54313, .adv_w = 256, .box_w = 15, .box_h = 14, .ofs_x = 0, .ofs_y = -1},
    {.bitmap_index = 54418, .adv_w = 256, .box_w = 15, .box_h = 14, .ofs_x = 0, .ofs_y = -1},
    {.bitmap_index = 54523, .adv_w = 256, .box_w = 15, .box_h = 14, .ofs_x = 0, .ofs_y = -1},
    {.bitmap_index = 54628, .adv_w = 256, .box_w = 15, .box_h = 14, .ofs_x = 0, .ofs_y = -1},
    {.bitmap_index = 54733, .adv_w = 256, .box_w = 15, .box_h = 14, .ofs_x = 0, .ofs_y = -1},
    {.bitmap_index = 54838, .adv_w = 256, .box_w = 15, .box_h = 14, .ofs_x = 0, .ofs_y = -1},
    {.bitmap_index = 54943, .adv_w = 256, .box_w = 15, .box_h = 14, .ofs_x = 0, .ofs_y = -1},
    {.bitmap_index = 55048, .adv_w = 256, .box_w = 15, .box_h = 14, .ofs_x = 0, .ofs_y = -1},
    {.bitmap_index = 55153, .adv_w = 256, .box_w = 15, .box_h = 14, .ofs_x = 0, .ofs_y = -1},
    {.bitmap_index = 55258, .adv_w = 256, .box_w = 15, .box_h = 14, .ofs_x = 0, .ofs_y = -1},
    {.bitmap_index = 55363, .adv_w = 256, .box_w = 15, .box_h = 14, .ofs_x = 0, .ofs_y = -1},
    {.bitmap_index = 55468, .adv_w = 256, .box_w = 15, .box_h = 14, .ofs_x = 0, .ofs_y = -1},
    {.bitmap_index = 55573, .adv_w = 256, .box_w = 15, .box_h = 14, .ofs_x = 0, .ofs_y = -1},
    {.bitmap_index = 55678, .adv_w = 256, .box_w = 15, .box_h = 14, .ofs_x = 0, .ofs_y = -1},
    {.bitmap_index = 55783, .adv_w = 256, .box_w = 15, .box_h = 14, .ofs_x = 0, .ofs_y = -1},
    {.bitmap_index = 55888, .adv_w = 256, .box_w = 15, .box_h = 14, .ofs_x = 0, .ofs_y = -1},
    {.bitmap_index = 55993, .adv_w = 256, .box_w = 15, .box_h = 14, .ofs_x = 0, .ofs_y = -1},
    {.bitmap_index = 56098, .adv_w = 256, .box_w = 15, .box_h = 14, .ofs_x = 0, .ofs_y = -1},
    {.bitmap_index = 56203, .adv_w = 256, .box_w = 15, .box_h = 14, .ofs_x = 0, .ofs_y = -1},
    {.bitmap_index = 56308, .adv_w = 256, .box_w = 15, .box_h = 14, .ofs_x = 0, .ofs_y = -1},
    {.bitmap_index = 56413, .adv_w = 256, .box_w = 15, .box_h = 14, .ofs_x = 0, .ofs_y = -1},
    {.bitmap_index = 56518, .adv_w = 256, .box_w = 15, .box_h = 14, .ofs_x = 0, .ofs_y = -1},
    {.bitmap_index = 56623, .adv_w = 256, .box_w = 15, .box_h = 14, .ofs_x = 0, .ofs_y = -1},
    {.bitmap_index = 56728, .adv_w = 256, .box_w = 15, .box_h = 14, .ofs_x = 0, .ofs_y = -1},
    {.bitmap_index = 56833, .adv_w = 256, .box_w = 15, .box_h = 14, .ofs_x = 0, .ofs_y = -1},
    {.bitmap_index = 56938, .adv_w = 256, .box_w = 15, .box_h = 14, .ofs_x = 0, .ofs_y = -1},
    {.bitmap_index = 57043, .adv_w = 256, .box_w = 13, .box_h = 14, .ofs_x = 1, .ofs_y = -1},
    {.bitmap_index = 57134, .adv_w = 256, .box_w = 15, .box_h = 14, .ofs_x = 0, .ofs_y = -1},
    {.bitmap_index = 57239, .adv_w = 256, .box_w = 16, .box_h = 14, .ofs_x = -1, .ofs_y = -1},
    {.bitmap_index = 57351, .adv_w = 256, .box_w = 15, .box_h = 14, .ofs_x = 0, .ofs_y = -1},
    {.bitmap_index = 57456, .adv_w = 256, .box_w = 15, .box_h = 14, .ofs_x = 0, .ofs_y = -1},
    {.bitmap_index = 57561, .adv_w = 256, .box_w = 15, .box_h = 14, .ofs_x = 0, .ofs_y = -1},
    {.bitmap_index = 57666, .adv_w = 256, .box_w = 15, .box_h = 14, .ofs_x = 0, .ofs_y = -1},
    {.bitmap_index = 57771, .adv_w = 256, .box_w = 15, .box_h = 14, .ofs_x = 0, .ofs_y = -1},
    {.bitmap_index = 57876, .adv_w = 256, .box_w = 15, .box_h = 14, .ofs_x = 0, .ofs_y = -1},
    {.bitmap_index = 57981, .adv_w = 256, .box_w = 15, .box_h = 14, .ofs_x = 0, .ofs_y = -1},
    {.bitmap_index = 58086, .adv_w = 256, .box_w = 15, .box_h = 14, .ofs_x = 0, .ofs_y = -1},
    {.bitmap_index = 58191, .adv_w = 256, .box_w = 15, .box_h = 14, .ofs_x = 0, .ofs_y = -1},
    {.bitmap_index = 58296, .adv_w = 256, .box_w = 15, .box_h = 14, .ofs_x = 0, .ofs_y = -1},
    {.bitmap_index = 58401, .adv_w = 256, .box_w = 15, .box_h = 14, .ofs_x = 0, .ofs_y = -1},
    {.bitmap_index = 58506, .adv_w = 256, .box_w = 16, .box_h = 14, .ofs_x = -1, .ofs_y = -1},
    {.bitmap_index = 58618, .adv_w = 256, .box_w = 15, .box_h = 14, .ofs_x = 0, .ofs_y = -1},
    {.bitmap_index = 58723, .adv_w = 256, .box_w = 15, .box_h = 14, .ofs_x = 0, .ofs_y = -1},
    {.bitmap_index = 58828, .adv_w = 256, .box_w = 15, .box_h = 14, .ofs_x = 0, .ofs_y = -1},
    {.bitmap_index = 58933, .adv_w = 256, .box_w = 16, .box_h = 14, .ofs_x = -1, .ofs_y = -1},
    {.bitmap_index = 59045, .adv_w = 256, .box_w = 15, .box_h = 14, .ofs_x = 0, .ofs_y = -1},
    {.bitmap_index = 59150, .adv_w = 256, .box_w = 16, .box_h = 14, .ofs_x = -1, .ofs_y = -1},
    {.bitmap_index = 59262, .adv_w = 256, .box_w = 15, .box_h = 14, .ofs_x = 0, .ofs_y = -1},
    {.bitmap_index = 59367, .adv_w = 256, .box_w = 15, .box_h = 14, .ofs_x = 0, .ofs_y = -1},
    {.bitmap_index = 59472, .adv_w = 256, .box_w = 16, .box_h = 14, .ofs_x = -1, .ofs_y = -1},
    {.bitmap_index = 59584, .adv_w = 256, .box_w = 15, .box_h = 14, .ofs_x = 0, .ofs_y = -1},
    {.bitmap_index = 59689, .adv_w = 256, .box_w = 15, .box_h = 14, .ofs_x = 0, .ofs_y = -1},
    {.bitmap_index = 59794, .adv_w = 256, .box_w = 15, .box_h = 14, .ofs_x = 0, .ofs_y = -1},
    {.bitmap_index = 59899, .adv_w = 256, .box_w = 15, .box_h = 14, .ofs_x = 0, .ofs_y = -1},
    {.bitmap_index = 60004, .adv_w = 256, .box_w = 15, .box_h = 14, .ofs_x = 0, .ofs_y = -1},
    {.bitmap_index = 60109, .adv_w = 256, .box_w = 15, .box_h = 14, .ofs_x = 0, .ofs_y = -1},
    {.bitmap_index = 60214, .adv_w = 256, .box_w = 15, .box_h = 14, .ofs_x = 0, .ofs_y = -1},
    {.bitmap_index = 60319, .adv_w = 256, .box_w = 15, .box_h = 14, .ofs_x = 0, .ofs_y = -1},
    {.bitmap_index = 60424, .adv_w = 256, .box_w = 15, .box_h = 14, .ofs_x = 0, .ofs_y = -1},
    {.bitmap_index = 60529, .adv_w = 256, .box_w = 16, .box_h = 14, .ofs_x = -1, .ofs_y = -1},
    {.bitmap_index = 60641, .adv_w = 256, .box_w = 15, .box_h = 14, .ofs_x = 0, .ofs_y = -1},
    {.bitmap_index = 60746, .adv_w = 256, .box_w = 15, .box_h = 14, .ofs_x = 0, .ofs_y = -1},
    {.bitmap_index = 60851, .adv_w = 256, .box_w = 15, .box_h = 14, .ofs_x = 0, .ofs_y = -1},
    {.bitmap_index = 60956, .adv_w = 256, .box_w = 15, .box_h = 14, .ofs_x = 0, .ofs_y = -1},
    {.bitmap_index = 61061, .adv_w = 256, .box_w = 15, .box_h = 14, .ofs_x = 0, .ofs_y = -1},
    {.bitmap_index = 61166, .adv_w = 256, .box_w = 15, .box_h = 14, .ofs_x = 0, .ofs_y = -1},
    {.bitmap_index = 61271, .adv_w = 256, .box_w = 15, .box_h = 14, .ofs_x = 0, .ofs_y = -1},
    {.bitmap_index = 61376, .adv_w = 256, .box_w = 15, .box_h = 14, .ofs_x = 0, .ofs_y = -1},
    {.bitmap_index = 61481, .adv_w = 256, .box_w = 15, .box_h = 14, .ofs_x = 0, .ofs_y = -1},
    {.bitmap_index = 61586, .adv_w = 256, .box_w = 15, .box_h = 14, .ofs_x = 0, .ofs_y = -1},
    {.bitmap_index = 61691, .adv_w = 256, .box_w = 15, .box_h = 14, .ofs_x = 0, .ofs_y = -1},
    {.bitmap_index = 61796, .adv_w = 256, .box_w = 15, .box_h = 14, .ofs_x = 0, .ofs_y = -1},
    {.bitmap_index = 61901, .adv_w = 256, .box_w = 15, .box_h = 14, .ofs_x = 0, .ofs_y = -1},
    {.bitmap_index = 62006, .adv_w = 256, .box_w = 15, .box_h = 14, .ofs_x = 0, .ofs_y = -1},
    {.bitmap_index = 62111, .adv_w = 256, .box_w = 15, .box_h = 14, .ofs_x = 0, .ofs_y = -1},
    {.bitmap_index = 62216, .adv_w = 256, .box_w = 15, .box_h = 14, .ofs_x = 0, .ofs_y = -1},
    {.bitmap_index = 62321, .adv_w = 256, .box_w = 15, .box_h = 14, .ofs_x = 0, .ofs_y = -1},
    {.bitmap_index = 62426, .adv_w = 256, .box_w = 15, .box_h = 14, .ofs_x = 0, .ofs_y = -1},
    {.bitmap_index = 62531, .adv_w = 256, .box_w = 15, .box_h = 14, .ofs_x = 0, .ofs_y = -1},
    {.bitmap_index = 62636, .adv_w = 256, .box_w = 15, .box_h = 14, .ofs_x = 0, .ofs_y = -1},
    {.bitmap_index = 62741, .adv_w = 256, .box_w = 15, .box_h = 14, .ofs_x = 0, .ofs_y = -1},
    {.bitmap_index = 62846, .adv_w = 256, .box_w = 15, .box_h = 14, .ofs_x = 0, .ofs_y = -1},
    {.bitmap_index = 62951, .adv_w = 256, .box_w = 15, .box_h = 14, .ofs_x = 0, .ofs_y = -1},
    {.bitmap_index = 63056, .adv_w = 256, .box_w = 15, .box_h = 14, .ofs_x = 0, .ofs_y = -1},
    {.bitmap_index = 63161, .adv_w = 256, .box_w = 15, .box_h = 14, .ofs_x = 0, .ofs_y = -1},
    {.bitmap_index = 63266, .adv_w = 256, .box_w = 15, .box_h = 14, .ofs_x = 0, .ofs_y = -1},
    {.bitmap_index = 63371, .adv_w = 256, .box_w = 15, .box_h = 14, .ofs_x = 0, .ofs_y = -1},
    {.bitmap_index = 63476, .adv_w = 256, .box_w = 15, .box_h = 14, .ofs_x = 0, .ofs_y = -1},
    {.bitmap_index = 63581, .adv_w = 256, .box_w = 15, .box_h = 14, .ofs_x = 0, .ofs_y = -1},
    {.bitmap_index = 63686, .adv_w = 256, .box_w = 15, .box_h = 14, .ofs_x = 0, .ofs_y = -1},
    {.bitmap_index = 63791, .adv_w = 256, .box_w = 15, .box_h = 14, .ofs_x = 0, .ofs_y = -1},
    {.bitmap_index = 63896, .adv_w = 256, .box_w = 15, .box_h = 14, .ofs_x = 0, .ofs_y = -1},
    {.bitmap_index = 64001, .adv_w = 256, .box_w = 15, .box_h = 14, .ofs_x = 0, .ofs_y = -1},
    {.bitmap_index = 64106, .adv_w = 256, .box_w = 15, .box_h = 14, .ofs_x = 0, .ofs_y = -1},
    {.bitmap_index = 64211, .adv_w = 256, .box_w = 15, .box_h = 14, .ofs_x = 0, .ofs_y = -1},
    {.bitmap_index = 64316, .adv_w = 256, .box_w = 15, .box_h = 14, .ofs_x = 0, .ofs_y = -1},
    {.bitmap_index = 64421, .adv_w = 256, .box_w = 15, .box_h = 14, .ofs_x = 0, .ofs_y = -1},
    {.bitmap_index = 64526, .adv_w = 256, .box_w = 15, .box_h = 14, .ofs_x = 0, .ofs_y = -1},
    {.bitmap_index = 64631, .adv_w = 256, .box_w = 15, .box_h = 14, .ofs_x = 0, .ofs_y = -1},
    {.bitmap_index = 64736, .adv_w = 256, .box_w = 15, .box_h = 14, .ofs_x = 0, .ofs_y = -1},
    {.bitmap_index = 64841, .adv_w = 256, .box_w = 15, .box_h = 14, .ofs_x = 0, .ofs_y = -1},
    {.bitmap_index = 64946, .adv_w = 256, .box_w = 15, .box_h = 14, .ofs_x = 0, .ofs_y = -1},
    {.bitmap_index = 65051, .adv_w = 256, .box_w = 15, .box_h = 14, .ofs_x = 0, .ofs_y = -1},
    {.bitmap_index = 65156, .adv_w = 256, .box_w = 15, .box_h = 14, .ofs_x = 0, .ofs_y = -1},
    {.bitmap_index = 65261, .adv_w = 256, .box_w = 15, .box_h = 14, .ofs_x = 0, .ofs_y = -1},
    {.bitmap_index = 65366, .adv_w = 256, .box_w = 15, .box_h = 14, .ofs_x = 0, .ofs_y = -1},
    {.bitmap_index = 65471, .adv_w = 256, .box_w = 15, .box_h = 14, .ofs_x = 0, .ofs_y = -1},
    {.bitmap_index = 65576, .adv_w = 256, .box_w = 16, .box_h = 14, .ofs_x = -1, .ofs_y = -1},
    {.bitmap_index = 65688, .adv_w = 256, .box_w = 15, .box_h = 14, .ofs_x = 0, .ofs_y = -1},
    {.bitmap_index = 65793, .adv_w = 256, .box_w = 15, .box_h = 14, .ofs_x = 0, .ofs_y = -1},
    {.bitmap_index = 65898, .adv_w = 256, .box_w = 15, .box_h = 14, .ofs_x = 0, .ofs_y = -1},
    {.bitmap_index = 66003, .adv_w = 256, .box_w = 15, .box_h = 14, .ofs_x = 0, .ofs_y = -1},
    {.bitmap_index = 66108, .adv_w = 256, .box_w = 15, .box_h = 14, .ofs_x = 0, .ofs_y = -1},
    {.bitmap_index = 66213, .adv_w = 256, .box_w = 15, .box_h = 14, .ofs_x = 0, .ofs_y = -1},
    {.bitmap_index = 66318, .adv_w = 256, .box_w = 15, .box_h = 14, .ofs_x = 0, .ofs_y = -1},
    {.bitmap_index = 66423, .adv_w = 256, .box_w = 15, .box_h = 14, .ofs_x = 0, .ofs_y = -1},
    {.bitmap_index = 66528, .adv_w = 256, .box_w = 15, .box_h = 14, .ofs_x = 0, .ofs_y = -1},
    {.bitmap_index = 66633, .adv_w = 256, .box_w = 15, .box_h = 14, .ofs_x = 0, .ofs_y = -1},
    {.bitmap_index = 66738, .adv_w = 256, .box_w = 15, .box_h = 14, .ofs_x = 0, .ofs_y = -1},
    {.bitmap_index = 66843, .adv_w = 256, .box_w = 15, .box_h = 14, .ofs_x = 0, .ofs_y = -1},
    {.bitmap_index = 66948, .adv_w = 256, .box_w = 15, .box_h = 14, .ofs_x = 0, .ofs_y = -1},
    {.bitmap_index = 67053, .adv_w = 256, .box_w = 15, .box_h = 14, .ofs_x = 0, .ofs_y = -1},
    {.bitmap_index = 67158, .adv_w = 256, .box_w = 15, .box_h = 14, .ofs_x = 0, .ofs_y = -1},
    {.bitmap_index = 67263, .adv_w = 256, .box_w = 15, .box_h = 14, .ofs_x = 0, .ofs_y = -1},
    {.bitmap_index = 67368, .adv_w = 256, .box_w = 15, .box_h = 14, .ofs_x = 0, .ofs_y = -1},
    {.bitmap_index = 67473, .adv_w = 256, .box_w = 15, .box_h = 14, .ofs_x = 0, .ofs_y = -1},
    {.bitmap_index = 67578, .adv_w = 256, .box_w = 15, .box_h = 14, .ofs_x = 0, .ofs_y = -1},
    {.bitmap_index = 67683, .adv_w = 256, .box_w = 15, .box_h = 14, .ofs_x = 0, .ofs_y = -1},
    {.bitmap_index = 67788, .adv_w = 256, .box_w = 15, .box_h = 14, .ofs_x = 0, .ofs_y = -1},
    {.bitmap_index = 67893, .adv_w = 256, .box_w = 15, .box_h = 14, .ofs_x = 0, .ofs_y = -1},
    {.bitmap_index = 67998, .adv_w = 256, .box_w = 15, .box_h = 14, .ofs_x = 0, .ofs_y = -1},
    {.bitmap_index = 68103, .adv_w = 256, .box_w = 15, .box_h = 14, .ofs_x = 0, .ofs_y = -1},
    {.bitmap_index = 68208, .adv_w = 256, .box_w = 15, .box_h = 14, .ofs_x = 0, .ofs_y = -1},
    {.bitmap_index = 68313, .adv_w = 256, .box_w = 15, .box_h = 14, .ofs_x = 0, .ofs_y = -1},
    {.bitmap_index = 68418, .adv_w = 256, .box_w = 15, .box_h = 14, .ofs_x = 0, .ofs_y = -1},
    {.bitmap_index = 68523, .adv_w = 256, .box_w = 15, .box_h = 14, .ofs_x = 0, .ofs_y = -1},
    {.bitmap_index = 68628, .adv_w = 256, .box_w = 15, .box_h = 14, .ofs_x = 0, .ofs_y = -1},
    {.bitmap_index = 68733, .adv_w = 256, .box_w = 15, .box_h = 14, .ofs_x = 0, .ofs_y = -1},
    {.bitmap_index = 68838, .adv_w = 256, .box_w = 15, .box_h = 14, .ofs_x = 0, .ofs_y = -1},
    {.bitmap_index = 68943, .adv_w = 256, .box_w = 16, .box_h = 14, .ofs_x = -1, .ofs_y = -1},
    {.bitmap_index = 69055, .adv_w = 256, .box_w = 16, .box_h = 14, .ofs_x = -1, .ofs_y = -1},
    {.bitmap_index = 69167, .adv_w = 256, .box_w = 15, .box_h = 14, .ofs_x = 0, .ofs_y = -1},
    {.bitmap_index = 69272, .adv_w = 256, .box_w = 15, .box_h = 14, .ofs_x = 0, .ofs_y = -1},
    {.bitmap_index = 69377, .adv_w = 256, .box_w = 15, .box_h = 14, .ofs_x = 0, .ofs_y = -1},
    {.bitmap_index = 69482, .adv_w = 256, .box_w = 15, .box_h = 14, .ofs_x = 0, .ofs_y = -1},
    {.bitmap_index = 69587, .adv_w = 256, .box_w = 15, .box_h = 14, .ofs_x = 0, .ofs_y = -1},
    {.bitmap_index = 69692, .adv_w = 256, .box_w = 15, .box_h = 14, .ofs_x = 0, .ofs_y = -1},
    {.bitmap_index = 69797, .adv_w = 256, .box_w = 15, .box_h = 14, .ofs_x = 0, .ofs_y = -1},
    {.bitmap_index = 69902, .adv_w = 256, .box_w = 15, .box_h = 14, .ofs_x = 0, .ofs_y = -1},
    {.bitmap_index = 70007, .adv_w = 256, .box_w = 5, .box_h = 12, .ofs_x = 1, .ofs_y = 0},
    {.bitmap_index = 70037, .adv_w = 256, .box_w = 5, .box_h = 14, .ofs_x = 9, .ofs_y = -1},
    {.bitmap_index = 70072, .adv_w = 256, .box_w = 5, .box_h = 14, .ofs_x = 1, .ofs_y = -1},
    {.bitmap_index = 70107, .adv_w = 256, .box_w = 4, .box_h = 5, .ofs_x = 2, .ofs_y = -1},
    {.bitmap_index = 70117, .adv_w = 256, .box_w = 4, .box_h = 11, .ofs_x = 2, .ofs_y = 0},
    {.bitmap_index = 70139, .adv_w = 256, .box_w = 4, .box_h = 12, .ofs_x = 2, .ofs_y = -1},
    {.bitmap_index = 70163, .adv_w = 256, .box_w = 7, .box_h = 13, .ofs_x = 0, .ofs_y = 0},
    {.bitmap_index = 70209, .adv_w = 256, .box_w = 2, .box_h = 14, .ofs_x = 6, .ofs_y = -1}
};

/*---------------------
 *  CHARACTER MAPPING
 *--------------------*/

static const uint16_t unicode_list_1[] = {
    0x0, 0xe, 0x2e, 0x1f6b, 0x1f6d, 0x1f7d, 0x1f90, 0x20e7,
    0x20e9, 0x23b7, 0x23b8, 0x23b9, 0x2525, 0x2526, 0x255c, 0x255d,
    0x2f57, 0x2f58, 0x2f59, 0x2f63, 0x2f64, 0x2f67, 0x2f68, 0x4d57,
    0x4d60, 0x4d61, 0x4d62, 0x4d64, 0x4d65, 0x4d73, 0x4d79, 0x4d7b,
    0x4d81, 0x4d84, 0x4d89, 0x4d91, 0x4d92, 0x4d9f, 0x4da0, 0x4da2,
    0x4da7, 0x4db6, 0x4dbd, 0x4ddd, 0x4de2, 0x4de3, 0x4de5, 0x4de8,
    0x4de9, 0x4deb, 0x4df1, 0x4dfb, 0x4e03, 0x4e05, 0x4e17, 0x4e1c,
    0x4e21, 0x4e24, 0x4e25, 0x4e2d, 0x4e3c, 0x4e4d, 0x4e52, 0x4e54,
    0x4e6f, 0x4e71, 0x4e8b, 0x4e9d, 0x4ea4, 0x4ea5, 0x4ea6, 0x4eaa,
    0x4eac, 0x4eb0, 0x4eb3, 0x4eb7, 0x4ed6, 0x4ee2, 0x4ef2, 0x4f34,
    0x4f38, 0x4f45, 0x4f64, 0x4f9e, 0x4fa6, 0x4fb1, 0x4fb3, 0x4fff,
    0x5026, 0x5096, 0x509d, 0x509f, 0x50a0, 0x50a4, 0x50bc, 0x50bf,
    0x50c4, 0x50c7, 0x50c8, 0x50ca, 0x50cd, 0x50dc, 0x50e3, 0x50e4,
    0x50f0, 0x5109, 0x510a, 0x511d, 0x5126, 0x5151, 0x5152, 0x515d,
    0x515e, 0x5169, 0x516e, 0x5171, 0x5172, 0x5174, 0x5182, 0x5187,
    0x518e, 0x5192, 0x51a4, 0x51c0, 0x51f6, 0x51f7, 0x51f8, 0x51ff,
    0x5202, 0x5216, 0x526d, 0x526e, 0x5291, 0x529f, 0x52a1, 0x52a5,
    0x52aa, 0x52ac, 0x52ae, 0x52b7, 0x52b8, 0x52c8, 0x52ca, 0x52dd,
    0x52e2, 0x52f6, 0x5312, 0x5319, 0x5323, 0x5328, 0x532d, 0x532f,
    0x533b, 0x533c, 0x533d, 0x5341, 0x5346, 0x5347, 0x5349, 0x534a,
    0x534e, 0x535f, 0x5360, 0x5363, 0x5364, 0x5365, 0x537e, 0x5383,
    0x5386, 0x538f, 0x53bf, 0x53d3, 0x53d4, 0x53e3, 0x5418, 0x5424,
    0x5486, 0x549d, 0x55bf, 0x5632, 0x5635, 0x5637, 0x564b, 0x5651,
    0x5654, 0x5655, 0x567f, 0x5687, 0x56a7, 0x56ae, 0x5725, 0x57c2,
    0x57da, 0x57f5, 0x5847, 0x585b, 0x585e, 0x5864, 0x5866, 0x586d,
    0x5871, 0x5873, 0x587e, 0x5880, 0x5881, 0x5888, 0x588b, 0x5890,
    0x58d4, 0x58d9, 0x5922, 0x5aa7, 0x5aae, 0x5aaf, 0x5ad8, 0x5ada,
    0x5ae0, 0x5ae3, 0x5aee, 0x5af1, 0x5af5, 0x5b0d, 0x5b10, 0x5b14,
    0x5b1d, 0x5b36, 0x5b50, 0x5b53, 0x5b5d, 0x5b66, 0x5b88, 0x5b95,
    0x5ba6, 0x5bc8, 0x5c80, 0x5d34, 0x5d35, 0x5d3c, 0x5d3d, 0x5d45,
    0x5d48, 0x5d49, 0x5d59, 0x5d5a, 0x5d7e, 0x5d8f, 0x5d9c, 0x5dac,
    0x5dca, 0x5dcd, 0x5dd6, 0x5ddd, 0x5de6, 0x5dea, 0x5deb, 0x5dec,
    0x5dfd, 0x5e4d, 0x5e51, 0x5e57, 0x5e59, 0x5e5a, 0x5e66, 0x5e77,
    0x5e88, 0x5e90, 0x5e91, 0x5ea9, 0x5eaa, 0x5eac, 0x5ec8, 0x5ed2,
    0x5edc, 0x5edf, 0x5f14, 0x5f1c, 0x5f42, 0x5f54, 0x5f57, 0x5f58,
    0x5f92, 0x5fb9, 0x5fc6, 0x604a, 0x6076, 0x60b9, 0x6166, 0x6167,
    0x6168, 0x616d, 0x618e, 0x6197, 0x61a2, 0x61aa, 0x61c2, 0x61d0,
    0x61d5, 0x61e1, 0x61f9, 0x6220, 0x6229, 0x622d, 0x6240, 0x6253,
    0x6255, 0x6256, 0x6258, 0x6259, 0x6260, 0x6278, 0x62b9, 0x62c5,
    0x62e0, 0x62e9, 0x62fc, 0x6326, 0x6327, 0x6329, 0x6338, 0x6373,
    0x639d, 0x6404, 0x6486, 0x648d, 0x6490, 0x6495, 0x649c, 0x649f,
    0x64b0, 0x64b9, 0x64c7, 0x64cb, 0x64de, 0x64fc, 0x6504, 0x6507,
    0x6526, 0x6537, 0x653c, 0x653e, 0x6540, 0x654d, 0x6565, 0x6576,
    0x6586, 0x6595, 0x65b1, 0x65c6, 0x65d9, 0x65ed, 0x6649, 0x664b,
    0x6656, 0x6657, 0x665f, 0x6660, 0x6676, 0x6681, 0x6683, 0x6691,
    0x66b6, 0x66b8, 0x66bc, 0x66d5, 0x66d6, 0x66e7, 0x66ee, 0x671b,
    0x673c, 0x6748, 0x675e, 0x6766, 0x6778, 0x678e, 0x6790, 0x6793,
    0x67a3, 0x67ba, 0x6817, 0x6a78, 0x6a7e, 0x6a95, 0x6a9e, 0x6aa3,
    0x6ab9, 0x6aba, 0x6abc, 0x6b26, 0x6b2b, 0x6b68, 0x6b8b, 0x6b8f,
    0x6b99, 0x6bb6, 0x6bb7, 0x6bf8, 0x6c0a, 0x6c2c, 0x6c39, 0x6c3f,
    0x6c62, 0x6c7c, 0x6c89, 0x6c92, 0x6c98, 0x6c9c, 0x6ca2, 0x6ca5,
    0x6ca6, 0x6cb0, 0x6cc5, 0x6cce, 0x6cdf, 0x6d48, 0x6d5c, 0x6d86,
    0x6dad, 0x6dd5, 0x6de7, 0x6e28, 0x6e38, 0x6f0a, 0x6fc6, 0x7010,
    0x7044, 0x708d, 0x718d, 0x719e, 0x719f, 0x71a3, 0x720d, 0x7273,
    0x72de, 0x7306, 0x7307, 0x735a, 0x735d, 0x746f, 0x7476, 0x747f,
    0x7488, 0x748c, 0x7492, 0x74b0, 0x74bc, 0x74dd, 0x75d4, 0x75db,
    0x7645, 0x764b, 0x764f, 0x7658, 0x7662, 0x7676, 0x7677, 0x7697,
    0x76b8, 0x773c, 0x7758, 0x77c3, 0x77c5, 0x7891, 0x78b5, 0x78e6,
    0x7924, 0x7929, 0x7947, 0x7952, 0x7962, 0x7964, 0x79d1, 0x7a22,
    0x7a7d, 0x7a83, 0x7aa0, 0x7ab2, 0x7aee, 0x7bee, 0x7c15, 0x7c52,
    0x7c77, 0x7c79, 0x7c7e, 0x7c86, 0x7df7, 0x7dfd, 0x7dfe, 0x7e06,
    0x7e16, 0x7e1d, 0x7e26, 0x7e2a, 0x7e30, 0x7e33, 0x7e34, 0x7e36,
    0x7e3e, 0x7e41, 0x7e44, 0x7e53, 0x7e56, 0x7e6a, 0x7e6d, 0x7ea8,
    0x7ec5, 0x7ec9, 0x7ee5, 0x7f52, 0x7f58, 0x7f5a, 0x7f63, 0x7fab,
    0x7fda, 0x8009, 0x8023, 0x8054, 0x8071, 0x8141, 0x8181, 0x81c9,
    0x81d1, 0x81d9, 0x8206, 0x8226, 0x823c, 0x83f0, 0x8434, 0x8526,
    0x87a3, 0x87bc, 0x87bf, 0x8802, 0x881c, 0x88d6, 0x88d8, 0x8918,
    0x8919, 0x891d, 0x891f, 0x893a, 0x8af8, 0x8afb, 0x8b00, 0x8b06,
    0x8b07, 0x8b15, 0x8b18, 0x8b1b, 0x8b2c, 0x8b39, 0x8b3c, 0x8b44,
    0x8b46, 0x8b4b, 0x8b4e, 0x8b52, 0x8b5a, 0x8b88, 0x8bb8, 0x8c79,
    0x8c7a, 0x8c7c, 0x8c7d, 0x8c8b, 0x8c8c, 0x8c9b, 0x8cc2, 0x8cce,
    0x8cdc, 0x8ce2, 0x8d0a, 0x8d34, 0x8d36, 0x8d46, 0x8d4a, 0x8ec3,
    0x8ec6, 0x8ed4, 0x8ee8, 0x8eea, 0x8f10, 0x8f14, 0x8f1e, 0x8f27,
    0x8f28, 0x8f2b, 0x8f2f, 0x8f30, 0x8f32, 0x8f33, 0x8f35, 0x8f36,
    0x8f57, 0x8f59, 0x8f60, 0x8f71, 0x8f76, 0x8faa, 0x903f, 0x9054,
    0x90a4, 0x911e, 0x9123, 0x9124, 0x9126, 0x93f6, 0x9405, 0x9458,
    0x9470, 0x9485, 0x94b3, 0x94d6, 0x953f, 0x9544, 0x9549, 0x954b,
    0x9552, 0x958d, 0x959b, 0x95a4, 0x95ac, 0x95c0, 0x95e7, 0x961d,
    0x96a9, 0x96b5, 0x96b9, 0x9740, 0x974a, 0x97cc, 0x97cd, 0x97d0,
    0x97d2, 0x97e8, 0x98c7, 0x98ed, 0x98f0, 0x99c3, 0x9e28, 0x9ef0,
    0xfe58, 0xfe5f, 0xfe60, 0xfe63, 0xfe71, 0xfe72, 0xfe76, 0xfeb3
};

/*Collect the unicode lists and glyph_id offsets*/
static const lv_font_fmt_txt_cmap_t cmaps[] =
{
    {
        .range_start = 32, .range_length = 95, .glyph_id_start = 1,
        .unicode_list = NULL, .glyph_id_ofs_list = NULL, .list_length = 0, .type = LV_FONT_FMT_TXT_CMAP_FORMAT0_TINY
    },
    {
        .range_start = 169, .range_length = 65204, .glyph_id_start = 96,
        .unicode_list = unicode_list_1, .glyph_id_ofs_list = NULL, .list_length = 648, .type = LV_FONT_FMT_TXT_CMAP_SPARSE_TINY
    }
};



/*--------------------
 *  ALL CUSTOM DATA
 *--------------------*/

#if LVGL_VERSION_MAJOR == 8
/*Store all the custom data of the font*/
static  lv_font_fmt_txt_glyph_cache_t cache;
#endif

#if LVGL_VERSION_MAJOR >= 8
static const lv_font_fmt_txt_dsc_t font_dsc = {
#else
static lv_font_fmt_txt_dsc_t font_dsc = {
#endif
    .glyph_bitmap = glyph_bitmap,
    .glyph_dsc = glyph_dsc,
    .cmaps = cmaps,
    .kern_dsc = NULL,
    .kern_scale = 0,
    .cmap_num = 2,
    .bpp = 4,
    .kern_classes = 0,
    .bitmap_format = 0,
#if LVGL_VERSION_MAJOR == 8
    .cache = &cache
#endif
};



/*-----------------
 *  PUBLIC FONT
 *----------------*/

/*Initialize a public general font descriptor*/
#if LVGL_VERSION_MAJOR >= 8
const lv_font_t xs_font_16 = {
#else
lv_font_t xs_font_16 = {
#endif
    .get_glyph_dsc = lv_font_get_glyph_dsc_fmt_txt,    /*Function pointer to get glyph's data*/
    .get_glyph_bitmap = lv_font_get_bitmap_fmt_txt,    /*Function pointer to get glyph's bitmap*/
    .line_height = 17,          /*The maximum line height required by the font*/
    .base_line = 3,             /*Baseline measured from the bottom of the line*/
#if !(LVGL_VERSION_MAJOR == 6 && LVGL_VERSION_MINOR == 0)
    .subpx = LV_FONT_SUBPX_NONE,
#endif
#if LV_VERSION_CHECK(7, 4, 0) || LVGL_VERSION_MAJOR >= 8
    .underline_position = -1,
    .underline_thickness = 1,
#endif
    .dsc = &font_dsc,          /*The custom font data. Will be accessed by `get_glyph_bitmap/dsc` */
#if LV_VERSION_CHECK(8, 2, 0) || LVGL_VERSION_MAJOR >= 9
    .fallback = NULL,
#endif
    .user_data = NULL,
};



#endif /*#if XS_FONT_16*/

